2021-01-29 08:50:56 startup archives install
2021-01-29 08:50:56 install base-passwd:armhf <none> 3.5.37
2021-01-29 08:50:56 status half-installed base-passwd:armhf 3.5.37
2021-01-29 08:50:56 status unpacked base-passwd:armhf 3.5.37
2021-01-29 08:50:56 status unpacked base-passwd:armhf 3.5.37
2021-01-29 08:50:56 configure base-passwd:armhf 3.5.37 3.5.37
2021-01-29 08:50:56 status unpacked base-passwd:armhf 3.5.37
2021-01-29 08:50:56 status half-configured base-passwd:armhf 3.5.37
2021-01-29 08:50:57 status installed base-passwd:armhf 3.5.37
2021-01-29 08:50:58 startup archives install
2021-01-29 08:50:58 install base-files:armhf <none> 8+deb8u11
2021-01-29 08:50:58 status half-installed base-files:armhf 8+deb8u11
2021-01-29 08:50:58 status unpacked base-files:armhf 8+deb8u11
2021-01-29 08:50:58 status unpacked base-files:armhf 8+deb8u11
2021-01-29 08:50:58 configure base-files:armhf 8+deb8u11 8+deb8u11
2021-01-29 08:50:58 status unpacked base-files:armhf 8+deb8u11
2021-01-29 08:50:58 status unpacked base-files:armhf 8+deb8u11
2021-01-29 08:50:58 status unpacked base-files:armhf 8+deb8u11
2021-01-29 08:50:58 status unpacked base-files:armhf 8+deb8u11
2021-01-29 08:50:58 status unpacked base-files:armhf 8+deb8u11
2021-01-29 08:50:58 status unpacked base-files:armhf 8+deb8u11
2021-01-29 08:50:58 status half-configured base-files:armhf 8+deb8u11
2021-01-29 08:51:00 status installed base-files:armhf 8+deb8u11
2021-01-29 08:51:00 startup archives install
2021-01-29 08:51:00 upgrade dpkg 1.17.27 1.17.27
2021-01-29 08:51:00 status half-configured dpkg 1.17.27
2021-01-29 08:51:00 status unpacked dpkg 1.17.27
2021-01-29 08:51:00 status half-installed dpkg 1.17.27
2021-01-29 08:51:01 status half-installed dpkg 1.17.27
2021-01-29 08:51:01 status unpacked dpkg 1.17.27
2021-01-29 08:51:01 status unpacked dpkg 1.17.27
2021-01-29 08:51:01 configure dpkg 1.17.27 1.17.27
2021-01-29 08:51:01 status unpacked dpkg 1.17.27
2021-01-29 08:51:01 status unpacked dpkg 1.17.27
2021-01-29 08:51:01 status unpacked dpkg 1.17.27
2021-01-29 08:51:01 status unpacked dpkg 1.17.27
2021-01-29 08:51:01 status unpacked dpkg 1.17.27
2021-01-29 08:51:01 status half-configured dpkg 1.17.27
2021-01-29 08:51:01 status installed dpkg 1.17.27
2021-01-29 08:51:01 startup archives install
2021-01-29 08:51:01 install libc6:armhf <none> 2.19-18+deb8u10
2021-01-29 08:51:01 status half-installed libc6:armhf 2.19-18+deb8u10
2021-01-29 08:51:02 status unpacked libc6:armhf 2.19-18+deb8u10
2021-01-29 08:51:02 status unpacked libc6:armhf 2.19-18+deb8u10
2021-01-29 08:51:02 configure libc6:armhf 2.19-18+deb8u10 2.19-18+deb8u10
2021-01-29 08:51:02 status unpacked libc6:armhf 2.19-18+deb8u10
2021-01-29 08:51:02 status unpacked libc6:armhf 2.19-18+deb8u10
2021-01-29 08:51:02 status half-configured libc6:armhf 2.19-18+deb8u10
2021-01-29 08:51:04 status installed libc6:armhf 2.19-18+deb8u10
2021-01-29 08:51:04 startup archives install
2021-01-29 08:51:04 install perl-base:armhf <none> 5.20.2-3+deb8u11
2021-01-29 08:51:04 status half-installed perl-base:armhf 5.20.2-3+deb8u11
2021-01-29 08:51:06 status unpacked perl-base:armhf 5.20.2-3+deb8u11
2021-01-29 08:51:06 status unpacked perl-base:armhf 5.20.2-3+deb8u11
2021-01-29 08:51:06 configure perl-base:armhf 5.20.2-3+deb8u11 5.20.2-3+deb8u11
2021-01-29 08:51:06 status unpacked perl-base:armhf 5.20.2-3+deb8u11
2021-01-29 08:51:06 status half-configured perl-base:armhf 5.20.2-3+deb8u11
2021-01-29 08:51:06 status installed perl-base:armhf 5.20.2-3+deb8u11
2021-01-29 08:51:06 startup archives install
2021-01-29 08:51:06 install mawk:armhf <none> 1.3.3-17
2021-01-29 08:51:06 status half-installed mawk:armhf 1.3.3-17
2021-01-29 08:51:06 status unpacked mawk:armhf 1.3.3-17
2021-01-29 08:51:06 status unpacked mawk:armhf 1.3.3-17
2021-01-29 08:51:06 configure mawk:armhf 1.3.3-17 1.3.3-17
2021-01-29 08:51:06 status unpacked mawk:armhf 1.3.3-17
2021-01-29 08:51:06 status half-configured mawk:armhf 1.3.3-17
2021-01-29 08:51:06 status installed mawk:armhf 1.3.3-17
2021-01-29 08:51:06 startup archives install
2021-01-29 08:51:06 install debconf:all <none> 1.5.56+deb8u1
2021-01-29 08:51:06 status half-installed debconf:all 1.5.56+deb8u1
2021-01-29 08:51:07 status unpacked debconf:all 1.5.56+deb8u1
2021-01-29 08:51:07 status unpacked debconf:all 1.5.56+deb8u1
2021-01-29 08:51:07 configure debconf:all 1.5.56+deb8u1 1.5.56+deb8u1
2021-01-29 08:51:07 status unpacked debconf:all 1.5.56+deb8u1
2021-01-29 08:51:07 status unpacked debconf:all 1.5.56+deb8u1
2021-01-29 08:51:07 status unpacked debconf:all 1.5.56+deb8u1
2021-01-29 08:51:07 status unpacked debconf:all 1.5.56+deb8u1
2021-01-29 08:51:07 status half-configured debconf:all 1.5.56+deb8u1
2021-01-29 08:51:08 status installed debconf:all 1.5.56+deb8u1
2021-01-29 08:51:09 startup archives unpack
2021-01-29 08:51:09 install acl:armhf <none> 2.2.52-2
2021-01-29 08:51:09 status half-installed acl:armhf 2.2.52-2
2021-01-29 08:51:09 status unpacked acl:armhf 2.2.52-2
2021-01-29 08:51:09 status unpacked acl:armhf 2.2.52-2
2021-01-29 08:51:09 install libacl1:armhf <none> 2.2.52-2
2021-01-29 08:51:09 status half-installed libacl1:armhf 2.2.52-2
2021-01-29 08:51:10 status unpacked libacl1:armhf 2.2.52-2
2021-01-29 08:51:10 status unpacked libacl1:armhf 2.2.52-2
2021-01-29 08:51:10 install adduser:all <none> 3.113+nmu3
2021-01-29 08:51:10 status half-installed adduser:all 3.113+nmu3
2021-01-29 08:51:10 status unpacked adduser:all 3.113+nmu3
2021-01-29 08:51:10 status unpacked adduser:all 3.113+nmu3
2021-01-29 08:51:10 install libattr1:armhf <none> 1:2.4.47-2
2021-01-29 08:51:10 status half-installed libattr1:armhf 1:2.4.47-2
2021-01-29 08:51:10 status unpacked libattr1:armhf 1:2.4.47-2
2021-01-29 08:51:10 status unpacked libattr1:armhf 1:2.4.47-2
2021-01-29 08:51:10 install libaudit-common:all <none> 1:2.4-1
2021-01-29 08:51:10 status half-installed libaudit-common:all 1:2.4-1
2021-01-29 08:51:10 status unpacked libaudit-common:all 1:2.4-1
2021-01-29 08:51:10 status unpacked libaudit-common:all 1:2.4-1
2021-01-29 08:51:11 install libaudit1:armhf <none> 1:2.4-1+b1
2021-01-29 08:51:11 status half-installed libaudit1:armhf 1:2.4-1+b1
2021-01-29 08:51:11 status unpacked libaudit1:armhf 1:2.4-1+b1
2021-01-29 08:51:11 status unpacked libaudit1:armhf 1:2.4-1+b1
2021-01-29 08:51:11 upgrade base-files:armhf 8+deb8u11 8+deb8u11
2021-01-29 08:51:11 status half-configured base-files:armhf 8+deb8u11
2021-01-29 08:51:11 status unpacked base-files:armhf 8+deb8u11
2021-01-29 08:51:11 status half-installed base-files:armhf 8+deb8u11
2021-01-29 08:51:11 status half-installed base-files:armhf 8+deb8u11
2021-01-29 08:51:11 status unpacked base-files:armhf 8+deb8u11
2021-01-29 08:51:11 status unpacked base-files:armhf 8+deb8u11
2021-01-29 08:51:11 upgrade base-passwd:armhf 3.5.37 3.5.37
2021-01-29 08:51:11 status half-configured base-passwd:armhf 3.5.37
2021-01-29 08:51:11 status unpacked base-passwd:armhf 3.5.37
2021-01-29 08:51:11 status half-installed base-passwd:armhf 3.5.37
2021-01-29 08:51:11 status half-installed base-passwd:armhf 3.5.37
2021-01-29 08:51:11 status unpacked base-passwd:armhf 3.5.37
2021-01-29 08:51:11 status unpacked base-passwd:armhf 3.5.37
2021-01-29 08:51:12 install bash:armhf <none> 4.3-11+deb8u1
2021-01-29 08:51:12 status half-installed bash:armhf 4.3-11+deb8u1
2021-01-29 08:51:12 status unpacked bash:armhf 4.3-11+deb8u1
2021-01-29 08:51:12 status unpacked bash:armhf 4.3-11+deb8u1
2021-01-29 08:51:13 install libbz2-1.0:armhf <none> 1.0.6-7+b3
2021-01-29 08:51:13 status half-installed libbz2-1.0:armhf 1.0.6-7+b3
2021-01-29 08:51:13 status unpacked libbz2-1.0:armhf 1.0.6-7+b3
2021-01-29 08:51:13 status unpacked libbz2-1.0:armhf 1.0.6-7+b3
2021-01-29 08:51:13 install libdebconfclient0:armhf <none> 0.192
2021-01-29 08:51:13 status half-installed libdebconfclient0:armhf 0.192
2021-01-29 08:51:13 status unpacked libdebconfclient0:armhf 0.192
2021-01-29 08:51:13 status unpacked libdebconfclient0:armhf 0.192
2021-01-29 08:51:13 install coreutils:armhf <none> 8.23-4
2021-01-29 08:51:13 status half-installed coreutils:armhf 8.23-4
2021-01-29 08:51:15 status unpacked coreutils:armhf 8.23-4
2021-01-29 08:51:15 status unpacked coreutils:armhf 8.23-4
2021-01-29 08:51:16 install libcryptsetup4:armhf <none> 2:1.6.6-5
2021-01-29 08:51:16 status half-installed libcryptsetup4:armhf 2:1.6.6-5
2021-01-29 08:51:16 status unpacked libcryptsetup4:armhf 2:1.6.6-5
2021-01-29 08:51:16 status unpacked libcryptsetup4:armhf 2:1.6.6-5
2021-01-29 08:51:16 install dash:armhf <none> 0.5.7-4+b1
2021-01-29 08:51:16 status half-installed dash:armhf 0.5.7-4+b1
2021-01-29 08:51:17 status unpacked dash:armhf 0.5.7-4+b1
2021-01-29 08:51:17 status unpacked dash:armhf 0.5.7-4+b1
2021-01-29 08:51:17 install libdb5.3:armhf <none> 5.3.28-9+deb8u1
2021-01-29 08:51:17 status half-installed libdb5.3:armhf 5.3.28-9+deb8u1
2021-01-29 08:51:18 status unpacked libdb5.3:armhf 5.3.28-9+deb8u1
2021-01-29 08:51:18 status unpacked libdb5.3:armhf 5.3.28-9+deb8u1
2021-01-29 08:51:18 upgrade debconf:all 1.5.56+deb8u1 1.5.56+deb8u1
2021-01-29 08:51:18 status half-configured debconf:all 1.5.56+deb8u1
2021-01-29 08:51:18 status unpacked debconf:all 1.5.56+deb8u1
2021-01-29 08:51:18 status half-installed debconf:all 1.5.56+deb8u1
2021-01-29 08:51:19 status half-installed debconf:all 1.5.56+deb8u1
2021-01-29 08:51:19 status unpacked debconf:all 1.5.56+deb8u1
2021-01-29 08:51:19 status unpacked debconf:all 1.5.56+deb8u1
2021-01-29 08:51:19 install debconf-i18n:all <none> 1.5.56+deb8u1
2021-01-29 08:51:19 status half-installed debconf-i18n:all 1.5.56+deb8u1
2021-01-29 08:51:19 status unpacked debconf-i18n:all 1.5.56+deb8u1
2021-01-29 08:51:19 status unpacked debconf-i18n:all 1.5.56+deb8u1
2021-01-29 08:51:19 install debianutils:armhf <none> 4.4+b1
2021-01-29 08:51:19 status half-installed debianutils:armhf 4.4+b1
2021-01-29 08:51:19 status unpacked debianutils:armhf 4.4+b1
2021-01-29 08:51:19 status unpacked debianutils:armhf 4.4+b1
2021-01-29 08:51:19 install diffutils:armhf <none> 1:3.3-1+b1
2021-01-29 08:51:19 status half-installed diffutils:armhf 1:3.3-1+b1
2021-01-29 08:51:20 status unpacked diffutils:armhf 1:3.3-1+b1
2021-01-29 08:51:20 status unpacked diffutils:armhf 1:3.3-1+b1
2021-01-29 08:51:20 upgrade dpkg:armhf 1.17.27 1.17.27
2021-01-29 08:51:20 status half-configured dpkg:armhf 1.17.27
2021-01-29 08:51:20 status unpacked dpkg:armhf 1.17.27
2021-01-29 08:51:20 status half-installed dpkg:armhf 1.17.27
2021-01-29 08:51:20 status half-installed dpkg:armhf 1.17.27
2021-01-29 08:51:20 status unpacked dpkg:armhf 1.17.27
2021-01-29 08:51:20 status unpacked dpkg:armhf 1.17.27
2021-01-29 08:51:21 install e2fslibs:armhf <none> 1.42.12-2+b1
2021-01-29 08:51:21 status half-installed e2fslibs:armhf 1.42.12-2+b1
2021-01-29 08:51:21 status unpacked e2fslibs:armhf 1.42.12-2+b1
2021-01-29 08:51:21 status unpacked e2fslibs:armhf 1.42.12-2+b1
2021-01-29 08:51:21 install e2fsprogs:armhf <none> 1.42.12-2+b1
2021-01-29 08:51:21 status half-installed e2fsprogs:armhf 1.42.12-2+b1
2021-01-29 08:51:22 status unpacked e2fsprogs:armhf 1.42.12-2+b1
2021-01-29 08:51:22 status unpacked e2fsprogs:armhf 1.42.12-2+b1
2021-01-29 08:51:22 install libcomerr2:armhf <none> 1.42.12-2+b1
2021-01-29 08:51:22 status half-installed libcomerr2:armhf 1.42.12-2+b1
2021-01-29 08:51:22 status unpacked libcomerr2:armhf 1.42.12-2+b1
2021-01-29 08:51:22 status unpacked libcomerr2:armhf 1.42.12-2+b1
2021-01-29 08:51:22 install libss2:armhf <none> 1.42.12-2+b1
2021-01-29 08:51:22 status half-installed libss2:armhf 1.42.12-2+b1
2021-01-29 08:51:22 status unpacked libss2:armhf 1.42.12-2+b1
2021-01-29 08:51:22 status unpacked libss2:armhf 1.42.12-2+b1
2021-01-29 08:51:23 install findutils:armhf <none> 4.4.2-9+b1
2021-01-29 08:51:23 status half-installed findutils:armhf 4.4.2-9+b1
2021-01-29 08:51:23 status unpacked findutils:armhf 4.4.2-9+b1
2021-01-29 08:51:23 status unpacked findutils:armhf 4.4.2-9+b1
2021-01-29 08:51:23 install gcc-4.8-base:armhf <none> 4.8.4-1
2021-01-29 08:51:23 status half-installed gcc-4.8-base:armhf 4.8.4-1
2021-01-29 08:51:23 status unpacked gcc-4.8-base:armhf 4.8.4-1
2021-01-29 08:51:23 status unpacked gcc-4.8-base:armhf 4.8.4-1
2021-01-29 08:51:23 install gcc-4.9-base:armhf <none> 4.9.2-10+deb8u1
2021-01-29 08:51:23 status half-installed gcc-4.9-base:armhf 4.9.2-10+deb8u1
2021-01-29 08:51:24 status unpacked gcc-4.9-base:armhf 4.9.2-10+deb8u1
2021-01-29 08:51:24 status unpacked gcc-4.9-base:armhf 4.9.2-10+deb8u1
2021-01-29 08:51:24 install libgcc1:armhf <none> 1:4.9.2-10+deb8u1
2021-01-29 08:51:24 status half-installed libgcc1:armhf 1:4.9.2-10+deb8u1
2021-01-29 08:51:24 status unpacked libgcc1:armhf 1:4.9.2-10+deb8u1
2021-01-29 08:51:24 status unpacked libgcc1:armhf 1:4.9.2-10+deb8u1
2021-01-29 08:51:24 install libc-bin:armhf <none> 2.19-18+deb8u10
2021-01-29 08:51:24 status half-installed libc-bin:armhf 2.19-18+deb8u10
2021-01-29 08:51:24 status unpacked libc-bin:armhf 2.19-18+deb8u10
2021-01-29 08:51:24 status unpacked libc-bin:armhf 2.19-18+deb8u10
2021-01-29 08:51:25 upgrade libc6:armhf 2.19-18+deb8u10 2.19-18+deb8u10
2021-01-29 08:51:25 status half-configured libc6:armhf 2.19-18+deb8u10
2021-01-29 08:51:25 status unpacked libc6:armhf 2.19-18+deb8u10
2021-01-29 08:51:25 status half-installed libc6:armhf 2.19-18+deb8u10
2021-01-29 08:51:28 status half-installed libc6:armhf 2.19-18+deb8u10
2021-01-29 08:51:28 status unpacked libc6:armhf 2.19-18+deb8u10
2021-01-29 08:51:28 status unpacked libc6:armhf 2.19-18+deb8u10
2021-01-29 08:51:28 install multiarch-support:armhf <none> 2.19-18+deb8u10
2021-01-29 08:51:28 status half-installed multiarch-support:armhf 2.19-18+deb8u10
2021-01-29 08:51:28 status unpacked multiarch-support:armhf 2.19-18+deb8u10
2021-01-29 08:51:28 status unpacked multiarch-support:armhf 2.19-18+deb8u10
2021-01-29 08:51:28 install grep:armhf <none> 2.20-4.1
2021-01-29 08:51:28 status half-installed grep:armhf 2.20-4.1
2021-01-29 08:51:28 status unpacked grep:armhf 2.20-4.1
2021-01-29 08:51:28 status unpacked grep:armhf 2.20-4.1
2021-01-29 08:51:28 install gzip:armhf <none> 1.6-4
2021-01-29 08:51:28 status half-installed gzip:armhf 1.6-4
2021-01-29 08:51:29 status unpacked gzip:armhf 1.6-4
2021-01-29 08:51:29 status unpacked gzip:armhf 1.6-4
2021-01-29 08:51:29 install hostname:armhf <none> 3.15
2021-01-29 08:51:29 status half-installed hostname:armhf 3.15
2021-01-29 08:51:29 status unpacked hostname:armhf 3.15
2021-01-29 08:51:29 status unpacked hostname:armhf 3.15
2021-01-29 08:51:29 install init:armhf <none> 1.22
2021-01-29 08:51:29 status half-installed init:armhf 1.22
2021-01-29 08:51:29 status unpacked init:armhf 1.22
2021-01-29 08:51:29 status unpacked init:armhf 1.22
2021-01-29 08:51:29 install insserv:armhf <none> 1.14.0-5
2021-01-29 08:51:29 status half-installed insserv:armhf 1.14.0-5
2021-01-29 08:51:29 status unpacked insserv:armhf 1.14.0-5
2021-01-29 08:51:29 status unpacked insserv:armhf 1.14.0-5
2021-01-29 08:51:30 install libkmod2:armhf <none> 18-3
2021-01-29 08:51:30 status half-installed libkmod2:armhf 18-3
2021-01-29 08:51:30 status unpacked libkmod2:armhf 18-3
2021-01-29 08:51:30 status unpacked libkmod2:armhf 18-3
2021-01-29 08:51:30 install libcap2:armhf <none> 1:2.24-8
2021-01-29 08:51:30 status half-installed libcap2:armhf 1:2.24-8
2021-01-29 08:51:30 status unpacked libcap2:armhf 1:2.24-8
2021-01-29 08:51:30 status unpacked libcap2:armhf 1:2.24-8
2021-01-29 08:51:30 install libcap2-bin:armhf <none> 1:2.24-8
2021-01-29 08:51:30 status half-installed libcap2-bin:armhf 1:2.24-8
2021-01-29 08:51:30 status unpacked libcap2-bin:armhf 1:2.24-8
2021-01-29 08:51:30 status unpacked libcap2-bin:armhf 1:2.24-8
2021-01-29 08:51:30 install libgcrypt20:armhf <none> 1.6.3-2+deb8u4
2021-01-29 08:51:30 status half-installed libgcrypt20:armhf 1.6.3-2+deb8u4
2021-01-29 08:51:31 status unpacked libgcrypt20:armhf 1.6.3-2+deb8u4
2021-01-29 08:51:31 status unpacked libgcrypt20:armhf 1.6.3-2+deb8u4
2021-01-29 08:51:31 install libgpg-error0:armhf <none> 1.17-3
2021-01-29 08:51:31 status half-installed libgpg-error0:armhf 1.17-3
2021-01-29 08:51:31 status unpacked libgpg-error0:armhf 1.17-3
2021-01-29 08:51:31 status unpacked libgpg-error0:armhf 1.17-3
2021-01-29 08:51:31 install liblocale-gettext-perl:armhf <none> 1.05-8+b1
2021-01-29 08:51:31 status half-installed liblocale-gettext-perl:armhf 1.05-8+b1
2021-01-29 08:51:31 status unpacked liblocale-gettext-perl:armhf 1.05-8+b1
2021-01-29 08:51:31 status unpacked liblocale-gettext-perl:armhf 1.05-8+b1
2021-01-29 08:51:32 install libselinux1:armhf <none> 2.3-2
2021-01-29 08:51:32 status half-installed libselinux1:armhf 2.3-2
2021-01-29 08:51:32 status unpacked libselinux1:armhf 2.3-2
2021-01-29 08:51:32 status unpacked libselinux1:armhf 2.3-2
2021-01-29 08:51:32 install libsemanage-common:all <none> 2.3-1
2021-01-29 08:51:32 status half-installed libsemanage-common:all 2.3-1
2021-01-29 08:51:32 status unpacked libsemanage-common:all 2.3-1
2021-01-29 08:51:32 status unpacked libsemanage-common:all 2.3-1
2021-01-29 08:51:32 install libsemanage1:armhf <none> 2.3-1+b1
2021-01-29 08:51:32 status half-installed libsemanage1:armhf 2.3-1+b1
2021-01-29 08:51:32 status unpacked libsemanage1:armhf 2.3-1+b1
2021-01-29 08:51:32 status unpacked libsemanage1:armhf 2.3-1+b1
2021-01-29 08:51:32 install libsepol1:armhf <none> 2.3-2
2021-01-29 08:51:32 status half-installed libsepol1:armhf 2.3-2
2021-01-29 08:51:33 status unpacked libsepol1:armhf 2.3-2
2021-01-29 08:51:33 status unpacked libsepol1:armhf 2.3-2
2021-01-29 08:51:33 install libtext-charwidth-perl:armhf <none> 0.04-7+b4
2021-01-29 08:51:33 status half-installed libtext-charwidth-perl:armhf 0.04-7+b4
2021-01-29 08:51:33 status unpacked libtext-charwidth-perl:armhf 0.04-7+b4
2021-01-29 08:51:33 status unpacked libtext-charwidth-perl:armhf 0.04-7+b4
2021-01-29 08:51:33 install libtext-iconv-perl:armhf <none> 1.7-5+b2
2021-01-29 08:51:33 status half-installed libtext-iconv-perl:armhf 1.7-5+b2
2021-01-29 08:51:33 status unpacked libtext-iconv-perl:armhf 1.7-5+b2
2021-01-29 08:51:33 status unpacked libtext-iconv-perl:armhf 1.7-5+b2
2021-01-29 08:51:33 install libtext-wrapi18n-perl:all <none> 0.06-7
2021-01-29 08:51:33 status half-installed libtext-wrapi18n-perl:all 0.06-7
2021-01-29 08:51:33 status unpacked libtext-wrapi18n-perl:all 0.06-7
2021-01-29 08:51:33 status unpacked libtext-wrapi18n-perl:all 0.06-7
2021-01-29 08:51:34 install lsb-base:all <none> 4.1+Debian13+nmu1
2021-01-29 08:51:34 status half-installed lsb-base:all 4.1+Debian13+nmu1
2021-01-29 08:51:34 status unpacked lsb-base:all 4.1+Debian13+nmu1
2021-01-29 08:51:34 status unpacked lsb-base:all 4.1+Debian13+nmu1
2021-01-29 08:51:34 install dmsetup:armhf <none> 2:1.02.90-2.2+deb8u1
2021-01-29 08:51:34 status half-installed dmsetup:armhf 2:1.02.90-2.2+deb8u1
2021-01-29 08:51:34 status unpacked dmsetup:armhf 2:1.02.90-2.2+deb8u1
2021-01-29 08:51:34 status unpacked dmsetup:armhf 2:1.02.90-2.2+deb8u1
2021-01-29 08:51:34 install libdevmapper1.02.1:armhf <none> 2:1.02.90-2.2+deb8u1
2021-01-29 08:51:34 status half-installed libdevmapper1.02.1:armhf 2:1.02.90-2.2+deb8u1
2021-01-29 08:51:34 status unpacked libdevmapper1.02.1:armhf 2:1.02.90-2.2+deb8u1
2021-01-29 08:51:34 status unpacked libdevmapper1.02.1:armhf 2:1.02.90-2.2+deb8u1
2021-01-29 08:51:34 upgrade mawk:armhf 1.3.3-17 1.3.3-17
2021-01-29 08:51:34 status half-configured mawk:armhf 1.3.3-17
2021-01-29 08:51:35 status unpacked mawk:armhf 1.3.3-17
2021-01-29 08:51:35 status half-installed mawk:armhf 1.3.3-17
2021-01-29 08:51:35 status half-installed mawk:armhf 1.3.3-17
2021-01-29 08:51:35 status unpacked mawk:armhf 1.3.3-17
2021-01-29 08:51:35 status unpacked mawk:armhf 1.3.3-17
2021-01-29 08:51:35 install libncurses5:armhf <none> 5.9+20140913-1+deb8u3
2021-01-29 08:51:35 status half-installed libncurses5:armhf 5.9+20140913-1+deb8u3
2021-01-29 08:51:35 status unpacked libncurses5:armhf 5.9+20140913-1+deb8u3
2021-01-29 08:51:35 status unpacked libncurses5:armhf 5.9+20140913-1+deb8u3
2021-01-29 08:51:35 install libncursesw5:armhf <none> 5.9+20140913-1+deb8u3
2021-01-29 08:51:35 status half-installed libncursesw5:armhf 5.9+20140913-1+deb8u3
2021-01-29 08:51:35 status unpacked libncursesw5:armhf 5.9+20140913-1+deb8u3
2021-01-29 08:51:35 status unpacked libncursesw5:armhf 5.9+20140913-1+deb8u3
2021-01-29 08:51:36 install libtinfo5:armhf <none> 5.9+20140913-1+deb8u3
2021-01-29 08:51:36 status half-installed libtinfo5:armhf 5.9+20140913-1+deb8u3
2021-01-29 08:51:36 status unpacked libtinfo5:armhf 5.9+20140913-1+deb8u3
2021-01-29 08:51:36 status unpacked libtinfo5:armhf 5.9+20140913-1+deb8u3
2021-01-29 08:51:36 install ncurses-base:all <none> 5.9+20140913-1+deb8u3
2021-01-29 08:51:36 status half-installed ncurses-base:all 5.9+20140913-1+deb8u3
2021-01-29 08:51:36 status unpacked ncurses-base:all 5.9+20140913-1+deb8u3
2021-01-29 08:51:36 status unpacked ncurses-base:all 5.9+20140913-1+deb8u3
2021-01-29 08:51:36 install ncurses-bin:armhf <none> 5.9+20140913-1+deb8u3
2021-01-29 08:51:36 status half-installed ncurses-bin:armhf 5.9+20140913-1+deb8u3
2021-01-29 08:51:37 status unpacked ncurses-bin:armhf 5.9+20140913-1+deb8u3
2021-01-29 08:51:37 status unpacked ncurses-bin:armhf 5.9+20140913-1+deb8u3
2021-01-29 08:51:37 install libpam-modules:armhf <none> 1.1.8-3.1+deb8u2+b1
2021-01-29 08:51:37 status half-installed libpam-modules:armhf 1.1.8-3.1+deb8u2+b1
2021-01-29 08:51:39 status unpacked libpam-modules:armhf 1.1.8-3.1+deb8u2+b1
2021-01-29 08:51:39 status unpacked libpam-modules:armhf 1.1.8-3.1+deb8u2+b1
2021-01-29 08:51:39 install libpam-modules-bin:armhf <none> 1.1.8-3.1+deb8u2+b1
2021-01-29 08:51:39 status half-installed libpam-modules-bin:armhf 1.1.8-3.1+deb8u2+b1
2021-01-29 08:51:39 status unpacked libpam-modules-bin:armhf 1.1.8-3.1+deb8u2+b1
2021-01-29 08:51:39 status unpacked libpam-modules-bin:armhf 1.1.8-3.1+deb8u2+b1
2021-01-29 08:51:39 install libpam-runtime:all <none> 1.1.8-3.1+deb8u2
2021-01-29 08:51:39 status half-installed libpam-runtime:all 1.1.8-3.1+deb8u2
2021-01-29 08:51:40 status unpacked libpam-runtime:all 1.1.8-3.1+deb8u2
2021-01-29 08:51:40 status unpacked libpam-runtime:all 1.1.8-3.1+deb8u2
2021-01-29 08:51:40 install libpam0g:armhf <none> 1.1.8-3.1+deb8u2+b1
2021-01-29 08:51:40 status half-installed libpam0g:armhf 1.1.8-3.1+deb8u2+b1
2021-01-29 08:51:40 status unpacked libpam0g:armhf 1.1.8-3.1+deb8u2+b1
2021-01-29 08:51:40 status unpacked libpam0g:armhf 1.1.8-3.1+deb8u2+b1
2021-01-29 08:51:40 install libpcre3:armhf <none> 2:8.35-3.3+deb8u4
2021-01-29 08:51:40 status half-installed libpcre3:armhf 2:8.35-3.3+deb8u4
2021-01-29 08:51:41 status unpacked libpcre3:armhf 2:8.35-3.3+deb8u4
2021-01-29 08:51:41 status unpacked libpcre3:armhf 2:8.35-3.3+deb8u4
2021-01-29 08:51:41 upgrade perl-base:armhf 5.20.2-3+deb8u11 5.20.2-3+deb8u11
2021-01-29 08:51:41 status half-configured perl-base:armhf 5.20.2-3+deb8u11
2021-01-29 08:51:41 status unpacked perl-base:armhf 5.20.2-3+deb8u11
2021-01-29 08:51:41 status half-installed perl-base:armhf 5.20.2-3+deb8u11
2021-01-29 08:51:42 status half-installed perl-base:armhf 5.20.2-3+deb8u11
2021-01-29 08:51:42 status unpacked perl-base:armhf 5.20.2-3+deb8u11
2021-01-29 08:51:42 status unpacked perl-base:armhf 5.20.2-3+deb8u11
2021-01-29 08:51:42 install libprocps3:armhf <none> 2:3.3.9-9+deb8u1
2021-01-29 08:51:42 status half-installed libprocps3:armhf 2:3.3.9-9+deb8u1
2021-01-29 08:51:42 status unpacked libprocps3:armhf 2:3.3.9-9+deb8u1
2021-01-29 08:51:42 status unpacked libprocps3:armhf 2:3.3.9-9+deb8u1
2021-01-29 08:51:42 install procps:armhf <none> 2:3.3.9-9+deb8u1
2021-01-29 08:51:42 status half-installed procps:armhf 2:3.3.9-9+deb8u1
2021-01-29 08:51:43 status unpacked procps:armhf 2:3.3.9-9+deb8u1
2021-01-29 08:51:43 status unpacked procps:armhf 2:3.3.9-9+deb8u1
2021-01-29 08:51:43 install sed:armhf <none> 4.2.2-4+deb8u1
2021-01-29 08:51:43 status half-installed sed:armhf 4.2.2-4+deb8u1
2021-01-29 08:51:43 status unpacked sed:armhf 4.2.2-4+deb8u1
2021-01-29 08:51:43 status unpacked sed:armhf 4.2.2-4+deb8u1
2021-01-29 08:51:44 install sensible-utils:all <none> 0.0.9+deb8u1
2021-01-29 08:51:44 status half-installed sensible-utils:all 0.0.9+deb8u1
2021-01-29 08:51:44 status unpacked sensible-utils:all 0.0.9+deb8u1
2021-01-29 08:51:44 status unpacked sensible-utils:all 0.0.9+deb8u1
2021-01-29 08:51:44 install login:armhf <none> 1:4.2-3+deb8u4
2021-01-29 08:51:44 status half-installed login:armhf 1:4.2-3+deb8u4
2021-01-29 08:51:45 status unpacked login:armhf 1:4.2-3+deb8u4
2021-01-29 08:51:45 status unpacked login:armhf 1:4.2-3+deb8u4
2021-01-29 08:51:45 install passwd:armhf <none> 1:4.2-3+deb8u4
2021-01-29 08:51:45 status half-installed passwd:armhf 1:4.2-3+deb8u4
2021-01-29 08:51:46 status unpacked passwd:armhf 1:4.2-3+deb8u4
2021-01-29 08:51:46 status unpacked passwd:armhf 1:4.2-3+deb8u4
2021-01-29 08:51:46 install libslang2:armhf <none> 2.3.0-2
2021-01-29 08:51:46 status half-installed libslang2:armhf 2.3.0-2
2021-01-29 08:51:46 status unpacked libslang2:armhf 2.3.0-2
2021-01-29 08:51:46 status unpacked libslang2:armhf 2.3.0-2
2021-01-29 08:51:46 install startpar:armhf <none> 0.59-3
2021-01-29 08:51:46 status half-installed startpar:armhf 0.59-3
2021-01-29 08:51:47 status unpacked startpar:armhf 0.59-3
2021-01-29 08:51:47 status unpacked startpar:armhf 0.59-3
2021-01-29 08:51:47 install libsystemd0:armhf <none> 215-17+deb8u7
2021-01-29 08:51:47 status half-installed libsystemd0:armhf 215-17+deb8u7
2021-01-29 08:51:47 status unpacked libsystemd0:armhf 215-17+deb8u7
2021-01-29 08:51:47 status unpacked libsystemd0:armhf 215-17+deb8u7
2021-01-29 08:51:47 install libudev1:armhf <none> 215-17+deb8u7
2021-01-29 08:51:47 status half-installed libudev1:armhf 215-17+deb8u7
2021-01-29 08:51:47 status unpacked libudev1:armhf 215-17+deb8u7
2021-01-29 08:51:47 status unpacked libudev1:armhf 215-17+deb8u7
2021-01-29 08:51:47 install systemd:armhf <none> 215-17+deb8u7
2021-01-29 08:51:47 status half-installed systemd:armhf 215-17+deb8u7
2021-01-29 08:51:50 status unpacked systemd:armhf 215-17+deb8u7
2021-01-29 08:51:50 status unpacked systemd:armhf 215-17+deb8u7
2021-01-29 08:51:50 install systemd-sysv:armhf <none> 215-17+deb8u7
2021-01-29 08:51:50 status half-installed systemd-sysv:armhf 215-17+deb8u7
2021-01-29 08:51:50 status unpacked systemd-sysv:armhf 215-17+deb8u7
2021-01-29 08:51:50 status unpacked systemd-sysv:armhf 215-17+deb8u7
2021-01-29 08:51:50 install udev:armhf <none> 215-17+deb8u7
2021-01-29 08:51:50 status half-installed udev:armhf 215-17+deb8u7
2021-01-29 08:51:53 status unpacked udev:armhf 215-17+deb8u7
2021-01-29 08:51:53 status unpacked udev:armhf 215-17+deb8u7
2021-01-29 08:51:53 install initscripts:armhf <none> 2.88dsf-59
2021-01-29 08:51:53 status half-installed initscripts:armhf 2.88dsf-59
2021-01-29 08:51:53 status unpacked initscripts:armhf 2.88dsf-59
2021-01-29 08:51:53 status unpacked initscripts:armhf 2.88dsf-59
2021-01-29 08:51:54 install sysv-rc:all <none> 2.88dsf-59
2021-01-29 08:51:54 status half-installed sysv-rc:all 2.88dsf-59
2021-01-29 08:51:54 status unpacked sysv-rc:all 2.88dsf-59
2021-01-29 08:51:54 status unpacked sysv-rc:all 2.88dsf-59
2021-01-29 08:51:54 install sysvinit-utils:armhf <none> 2.88dsf-59
2021-01-29 08:51:54 status half-installed sysvinit-utils:armhf 2.88dsf-59
2021-01-29 08:51:54 status unpacked sysvinit-utils:armhf 2.88dsf-59
2021-01-29 08:51:54 status unpacked sysvinit-utils:armhf 2.88dsf-59
2021-01-29 08:51:54 install tar:armhf <none> 1.27.1-2+deb8u1
2021-01-29 08:51:54 status half-installed tar:armhf 1.27.1-2+deb8u1
2021-01-29 08:51:55 status unpacked tar:armhf 1.27.1-2+deb8u1
2021-01-29 08:51:55 status unpacked tar:armhf 1.27.1-2+deb8u1
2021-01-29 08:51:55 install tzdata:all <none> 2018e-0+deb8u1
2021-01-29 08:51:55 status half-installed tzdata:all 2018e-0+deb8u1
2021-01-29 08:51:56 status unpacked tzdata:all 2018e-0+deb8u1
2021-01-29 08:51:56 status unpacked tzdata:all 2018e-0+deb8u1
2021-01-29 08:51:56 install libustr-1.0-1:armhf <none> 1.0.4-3+b2
2021-01-29 08:51:56 status half-installed libustr-1.0-1:armhf 1.0.4-3+b2
2021-01-29 08:51:56 status unpacked libustr-1.0-1:armhf 1.0.4-3+b2
2021-01-29 08:51:56 status unpacked libustr-1.0-1:armhf 1.0.4-3+b2
2021-01-29 08:51:56 install bsdutils:armhf <none> 1:2.25.2-6
2021-01-29 08:51:56 status half-installed bsdutils:armhf 1:2.25.2-6
2021-01-29 08:51:56 status unpacked bsdutils:armhf 1:2.25.2-6
2021-01-29 08:51:56 status unpacked bsdutils:armhf 1:2.25.2-6
2021-01-29 08:51:57 install libblkid1:armhf <none> 2.25.2-6
2021-01-29 08:51:57 status half-installed libblkid1:armhf 2.25.2-6
2021-01-29 08:51:57 status unpacked libblkid1:armhf 2.25.2-6
2021-01-29 08:51:57 status unpacked libblkid1:armhf 2.25.2-6
2021-01-29 08:51:57 install libmount1:armhf <none> 2.25.2-6
2021-01-29 08:51:57 status half-installed libmount1:armhf 2.25.2-6
2021-01-29 08:51:57 status unpacked libmount1:armhf 2.25.2-6
2021-01-29 08:51:57 status unpacked libmount1:armhf 2.25.2-6
2021-01-29 08:51:57 install libsmartcols1:armhf <none> 2.25.2-6
2021-01-29 08:51:57 status half-installed libsmartcols1:armhf 2.25.2-6
2021-01-29 08:51:58 status unpacked libsmartcols1:armhf 2.25.2-6
2021-01-29 08:51:58 status unpacked libsmartcols1:armhf 2.25.2-6
2021-01-29 08:51:58 install libuuid1:armhf <none> 2.25.2-6
2021-01-29 08:51:58 status half-installed libuuid1:armhf 2.25.2-6
2021-01-29 08:51:58 status unpacked libuuid1:armhf 2.25.2-6
2021-01-29 08:51:58 status unpacked libuuid1:armhf 2.25.2-6
2021-01-29 08:51:58 install mount:armhf <none> 2.25.2-6
2021-01-29 08:51:58 status half-installed mount:armhf 2.25.2-6
2021-01-29 08:51:58 status unpacked mount:armhf 2.25.2-6
2021-01-29 08:51:58 status unpacked mount:armhf 2.25.2-6
2021-01-29 08:51:59 install util-linux:armhf <none> 2.25.2-6
2021-01-29 08:51:59 status half-installed util-linux:armhf 2.25.2-6
2021-01-29 08:51:59 status unpacked util-linux:armhf 2.25.2-6
2021-01-29 08:51:59 status unpacked util-linux:armhf 2.25.2-6
2021-01-29 08:51:59 install liblzma5:armhf <none> 5.1.1alpha+20120614-2+b3
2021-01-29 08:51:59 status half-installed liblzma5:armhf 5.1.1alpha+20120614-2+b3
2021-01-29 08:52:00 status unpacked liblzma5:armhf 5.1.1alpha+20120614-2+b3
2021-01-29 08:52:00 status unpacked liblzma5:armhf 5.1.1alpha+20120614-2+b3
2021-01-29 08:52:00 install zlib1g:armhf <none> 1:1.2.8.dfsg-2+b1
2021-01-29 08:52:00 status half-installed zlib1g:armhf 1:1.2.8.dfsg-2+b1
2021-01-29 08:52:00 status unpacked zlib1g:armhf 1:1.2.8.dfsg-2+b1
2021-01-29 08:52:00 status unpacked zlib1g:armhf 1:1.2.8.dfsg-2+b1
2021-01-29 08:52:00 startup packages configure
2021-01-29 08:52:00 configure gcc-4.8-base:armhf 4.8.4-1 <none>
2021-01-29 08:52:00 status unpacked gcc-4.8-base:armhf 4.8.4-1
2021-01-29 08:52:00 status half-configured gcc-4.8-base:armhf 4.8.4-1
2021-01-29 08:52:00 status installed gcc-4.8-base:armhf 4.8.4-1
2021-01-29 08:52:00 configure lsb-base:all 4.1+Debian13+nmu1 <none>
2021-01-29 08:52:00 status unpacked lsb-base:all 4.1+Debian13+nmu1
2021-01-29 08:52:00 status half-configured lsb-base:all 4.1+Debian13+nmu1
2021-01-29 08:52:00 status installed lsb-base:all 4.1+Debian13+nmu1
2021-01-29 08:52:00 configure sensible-utils:all 0.0.9+deb8u1 <none>
2021-01-29 08:52:00 status unpacked sensible-utils:all 0.0.9+deb8u1
2021-01-29 08:52:00 status half-configured sensible-utils:all 0.0.9+deb8u1
2021-01-29 08:52:00 status installed sensible-utils:all 0.0.9+deb8u1
2021-01-29 08:52:00 configure ncurses-base:all 5.9+20140913-1+deb8u3 <none>
2021-01-29 08:52:00 status unpacked ncurses-base:all 5.9+20140913-1+deb8u3
2021-01-29 08:52:00 status unpacked ncurses-base:all 5.9+20140913-1+deb8u3
2021-01-29 08:52:00 status half-configured ncurses-base:all 5.9+20140913-1+deb8u3
2021-01-29 08:52:00 status installed ncurses-base:all 5.9+20140913-1+deb8u3
2021-01-29 08:52:00 configure libsemanage-common:all 2.3-1 <none>
2021-01-29 08:52:00 status unpacked libsemanage-common:all 2.3-1
2021-01-29 08:52:00 status unpacked libsemanage-common:all 2.3-1
2021-01-29 08:52:00 status half-configured libsemanage-common:all 2.3-1
2021-01-29 08:52:00 status installed libsemanage-common:all 2.3-1
2021-01-29 08:52:01 configure gcc-4.9-base:armhf 4.9.2-10+deb8u1 <none>
2021-01-29 08:52:01 status unpacked gcc-4.9-base:armhf 4.9.2-10+deb8u1
2021-01-29 08:52:01 status half-configured gcc-4.9-base:armhf 4.9.2-10+deb8u1
2021-01-29 08:52:01 status installed gcc-4.9-base:armhf 4.9.2-10+deb8u1
2021-01-29 08:52:01 configure libaudit-common:all 1:2.4-1 <none>
2021-01-29 08:52:01 status unpacked libaudit-common:all 1:2.4-1
2021-01-29 08:52:01 status unpacked libaudit-common:all 1:2.4-1
2021-01-29 08:52:01 status half-configured libaudit-common:all 1:2.4-1
2021-01-29 08:52:01 status installed libaudit-common:all 1:2.4-1
2021-01-29 08:52:01 configure libc6:armhf 2.19-18+deb8u10 <none>
2021-01-29 08:52:01 status unpacked libc6:armhf 2.19-18+deb8u10
2021-01-29 08:52:01 status unpacked libc6:armhf 2.19-18+deb8u10
2021-01-29 08:52:01 status half-configured libc6:armhf 2.19-18+deb8u10
2021-01-29 08:52:02 status installed libc6:armhf 2.19-18+deb8u10
2021-01-29 08:52:02 configure startpar:armhf 0.59-3 <none>
2021-01-29 08:52:02 status unpacked startpar:armhf 0.59-3
2021-01-29 08:52:02 status unpacked startpar:armhf 0.59-3
2021-01-29 08:52:02 status half-configured startpar:armhf 0.59-3
2021-01-29 08:52:02 status installed startpar:armhf 0.59-3
2021-01-29 08:52:02 configure libc-bin:armhf 2.19-18+deb8u10 <none>
2021-01-29 08:52:02 status unpacked libc-bin:armhf 2.19-18+deb8u10
2021-01-29 08:52:02 status unpacked libc-bin:armhf 2.19-18+deb8u10
2021-01-29 08:52:02 status unpacked libc-bin:armhf 2.19-18+deb8u10
2021-01-29 08:52:02 status unpacked libc-bin:armhf 2.19-18+deb8u10
2021-01-29 08:52:02 status unpacked libc-bin:armhf 2.19-18+deb8u10
2021-01-29 08:52:02 status unpacked libc-bin:armhf 2.19-18+deb8u10
2021-01-29 08:52:02 status half-configured libc-bin:armhf 2.19-18+deb8u10
2021-01-29 08:52:02 status installed libc-bin:armhf 2.19-18+deb8u10
2021-01-29 08:52:02 configure diffutils:armhf 1:3.3-1+b1 <none>
2021-01-29 08:52:02 status unpacked diffutils:armhf 1:3.3-1+b1
2021-01-29 08:52:02 status half-configured diffutils:armhf 1:3.3-1+b1
2021-01-29 08:52:02 status installed diffutils:armhf 1:3.3-1+b1
2021-01-29 08:52:02 configure insserv:armhf 1.14.0-5 <none>
2021-01-29 08:52:02 status unpacked insserv:armhf 1.14.0-5
2021-01-29 08:52:02 status unpacked insserv:armhf 1.14.0-5
2021-01-29 08:52:02 status unpacked insserv:armhf 1.14.0-5
2021-01-29 08:52:02 status half-configured insserv:armhf 1.14.0-5
2021-01-29 08:52:02 status installed insserv:armhf 1.14.0-5
2021-01-29 08:52:03 configure findutils:armhf 4.4.2-9+b1 <none>
2021-01-29 08:52:03 status unpacked findutils:armhf 4.4.2-9+b1
2021-01-29 08:52:03 status half-configured findutils:armhf 4.4.2-9+b1
2021-01-29 08:52:03 status installed findutils:armhf 4.4.2-9+b1
2021-01-29 08:52:03 configure debianutils:armhf 4.4+b1 <none>
2021-01-29 08:52:03 status unpacked debianutils:armhf 4.4+b1
2021-01-29 08:52:03 status half-configured debianutils:armhf 4.4+b1
2021-01-29 08:52:03 status installed debianutils:armhf 4.4+b1
2021-01-29 08:52:03 configure hostname:armhf 3.15 <none>
2021-01-29 08:52:03 status unpacked hostname:armhf 3.15
2021-01-29 08:52:03 status half-configured hostname:armhf 3.15
2021-01-29 08:52:03 status installed hostname:armhf 3.15
2021-01-29 08:52:03 configure multiarch-support:armhf 2.19-18+deb8u10 <none>
2021-01-29 08:52:03 status unpacked multiarch-support:armhf 2.19-18+deb8u10
2021-01-29 08:52:03 status half-configured multiarch-support:armhf 2.19-18+deb8u10
2021-01-29 08:52:03 status installed multiarch-support:armhf 2.19-18+deb8u10
2021-01-29 08:52:03 configure mawk:armhf 1.3.3-17 <none>
2021-01-29 08:52:03 status unpacked mawk:armhf 1.3.3-17
2021-01-29 08:52:03 status half-configured mawk:armhf 1.3.3-17
2021-01-29 08:52:03 status installed mawk:armhf 1.3.3-17
2021-01-29 08:52:03 configure libprocps3:armhf 2:3.3.9-9+deb8u1 <none>
2021-01-29 08:52:03 status unpacked libprocps3:armhf 2:3.3.9-9+deb8u1
2021-01-29 08:52:03 status half-configured libprocps3:armhf 2:3.3.9-9+deb8u1
2021-01-29 08:52:03 status installed libprocps3:armhf 2:3.3.9-9+deb8u1
2021-01-29 08:52:03 status triggers-pending libc-bin:armhf 2.19-18+deb8u10
2021-01-29 08:52:03 configure libpcre3:armhf 2:8.35-3.3+deb8u4 <none>
2021-01-29 08:52:03 status unpacked libpcre3:armhf 2:8.35-3.3+deb8u4
2021-01-29 08:52:03 status half-configured libpcre3:armhf 2:8.35-3.3+deb8u4
2021-01-29 08:52:03 status installed libpcre3:armhf 2:8.35-3.3+deb8u4
2021-01-29 08:52:03 configure libbz2-1.0:armhf 1.0.6-7+b3 <none>
2021-01-29 08:52:03 status unpacked libbz2-1.0:armhf 1.0.6-7+b3
2021-01-29 08:52:03 status half-configured libbz2-1.0:armhf 1.0.6-7+b3
2021-01-29 08:52:03 status installed libbz2-1.0:armhf 1.0.6-7+b3
2021-01-29 08:52:03 configure libkmod2:armhf 18-3 <none>
2021-01-29 08:52:03 status unpacked libkmod2:armhf 18-3
2021-01-29 08:52:03 status half-configured libkmod2:armhf 18-3
2021-01-29 08:52:03 status installed libkmod2:armhf 18-3
2021-01-29 08:52:03 configure libgpg-error0:armhf 1.17-3 <none>
2021-01-29 08:52:03 status unpacked libgpg-error0:armhf 1.17-3
2021-01-29 08:52:03 status half-configured libgpg-error0:armhf 1.17-3
2021-01-29 08:52:04 status installed libgpg-error0:armhf 1.17-3
2021-01-29 08:52:04 configure base-files:armhf 8+deb8u11 <none>
2021-01-29 08:52:04 status unpacked base-files:armhf 8+deb8u11
2021-01-29 08:52:04 status unpacked base-files:armhf 8+deb8u11
2021-01-29 08:52:04 status unpacked base-files:armhf 8+deb8u11
2021-01-29 08:52:04 status unpacked base-files:armhf 8+deb8u11
2021-01-29 08:52:04 status unpacked base-files:armhf 8+deb8u11
2021-01-29 08:52:04 status unpacked base-files:armhf 8+deb8u11
2021-01-29 08:52:04 status half-configured base-files:armhf 8+deb8u11
2021-01-29 08:52:04 status installed base-files:armhf 8+deb8u11
2021-01-29 08:52:04 configure libdebconfclient0:armhf 0.192 <none>
2021-01-29 08:52:04 status unpacked libdebconfclient0:armhf 0.192
2021-01-29 08:52:04 status half-configured libdebconfclient0:armhf 0.192
2021-01-29 08:52:04 status installed libdebconfclient0:armhf 0.192
2021-01-29 08:52:04 configure libselinux1:armhf 2.3-2 <none>
2021-01-29 08:52:04 status unpacked libselinux1:armhf 2.3-2
2021-01-29 08:52:04 status half-configured libselinux1:armhf 2.3-2
2021-01-29 08:52:04 status installed libselinux1:armhf 2.3-2
2021-01-29 08:52:04 configure libcomerr2:armhf 1.42.12-2+b1 <none>
2021-01-29 08:52:04 status unpacked libcomerr2:armhf 1.42.12-2+b1
2021-01-29 08:52:04 status half-configured libcomerr2:armhf 1.42.12-2+b1
2021-01-29 08:52:04 status installed libcomerr2:armhf 1.42.12-2+b1
2021-01-29 08:52:04 configure libslang2:armhf 2.3.0-2 <none>
2021-01-29 08:52:04 status unpacked libslang2:armhf 2.3.0-2
2021-01-29 08:52:04 status half-configured libslang2:armhf 2.3.0-2
2021-01-29 08:52:05 status installed libslang2:armhf 2.3.0-2
2021-01-29 08:52:05 configure libsepol1:armhf 2.3-2 <none>
2021-01-29 08:52:05 status unpacked libsepol1:armhf 2.3-2
2021-01-29 08:52:05 status half-configured libsepol1:armhf 2.3-2
2021-01-29 08:52:05 status installed libsepol1:armhf 2.3-2
2021-01-29 08:52:05 configure libgcc1:armhf 1:4.9.2-10+deb8u1 <none>
2021-01-29 08:52:05 status unpacked libgcc1:armhf 1:4.9.2-10+deb8u1
2021-01-29 08:52:05 status half-configured libgcc1:armhf 1:4.9.2-10+deb8u1
2021-01-29 08:52:05 status installed libgcc1:armhf 1:4.9.2-10+deb8u1
2021-01-29 08:52:05 configure libustr-1.0-1:armhf 1.0.4-3+b2 <none>
2021-01-29 08:52:05 status unpacked libustr-1.0-1:armhf 1.0.4-3+b2
2021-01-29 08:52:05 status half-configured libustr-1.0-1:armhf 1.0.4-3+b2
2021-01-29 08:52:05 status installed libustr-1.0-1:armhf 1.0.4-3+b2
2021-01-29 08:52:05 configure libsmartcols1:armhf 2.25.2-6 <none>
2021-01-29 08:52:05 status unpacked libsmartcols1:armhf 2.25.2-6
2021-01-29 08:52:05 status half-configured libsmartcols1:armhf 2.25.2-6
2021-01-29 08:52:05 status installed libsmartcols1:armhf 2.25.2-6
2021-01-29 08:52:05 configure libaudit1:armhf 1:2.4-1+b1 <none>
2021-01-29 08:52:05 status unpacked libaudit1:armhf 1:2.4-1+b1
2021-01-29 08:52:05 status half-configured libaudit1:armhf 1:2.4-1+b1
2021-01-29 08:52:05 status installed libaudit1:armhf 1:2.4-1+b1
2021-01-29 08:52:05 configure libtinfo5:armhf 5.9+20140913-1+deb8u3 <none>
2021-01-29 08:52:05 status unpacked libtinfo5:armhf 5.9+20140913-1+deb8u3
2021-01-29 08:52:05 status half-configured libtinfo5:armhf 5.9+20140913-1+deb8u3
2021-01-29 08:52:05 status installed libtinfo5:armhf 5.9+20140913-1+deb8u3
2021-01-29 08:52:05 configure libudev1:armhf 215-17+deb8u7 <none>
2021-01-29 08:52:05 status unpacked libudev1:armhf 215-17+deb8u7
2021-01-29 08:52:05 status half-configured libudev1:armhf 215-17+deb8u7
2021-01-29 08:52:06 status installed libudev1:armhf 215-17+deb8u7
2021-01-29 08:52:06 configure libattr1:armhf 1:2.4.47-2 <none>
2021-01-29 08:52:06 status unpacked libattr1:armhf 1:2.4.47-2
2021-01-29 08:52:06 status half-configured libattr1:armhf 1:2.4.47-2
2021-01-29 08:52:06 status installed libattr1:armhf 1:2.4.47-2
2021-01-29 08:52:06 configure libss2:armhf 1.42.12-2+b1 <none>
2021-01-29 08:52:06 status unpacked libss2:armhf 1.42.12-2+b1
2021-01-29 08:52:06 status half-configured libss2:armhf 1.42.12-2+b1
2021-01-29 08:52:06 status installed libss2:armhf 1.42.12-2+b1
2021-01-29 08:52:06 configure liblzma5:armhf 5.1.1alpha+20120614-2+b3 <none>
2021-01-29 08:52:06 status unpacked liblzma5:armhf 5.1.1alpha+20120614-2+b3
2021-01-29 08:52:06 status half-configured liblzma5:armhf 5.1.1alpha+20120614-2+b3
2021-01-29 08:52:06 status installed liblzma5:armhf 5.1.1alpha+20120614-2+b3
2021-01-29 08:52:06 configure base-passwd:armhf 3.5.37 <none>
2021-01-29 08:52:06 status unpacked base-passwd:armhf 3.5.37
2021-01-29 08:52:06 status half-configured base-passwd:armhf 3.5.37
2021-01-29 08:52:07 status installed base-passwd:armhf 3.5.37
2021-01-29 08:52:07 configure e2fslibs:armhf 1.42.12-2+b1 <none>
2021-01-29 08:52:07 status unpacked e2fslibs:armhf 1.42.12-2+b1
2021-01-29 08:52:07 status half-configured e2fslibs:armhf 1.42.12-2+b1
2021-01-29 08:52:07 status installed e2fslibs:armhf 1.42.12-2+b1
2021-01-29 08:52:07 configure libgcrypt20:armhf 1.6.3-2+deb8u4 <none>
2021-01-29 08:52:07 status unpacked libgcrypt20:armhf 1.6.3-2+deb8u4
2021-01-29 08:52:07 status half-configured libgcrypt20:armhf 1.6.3-2+deb8u4
2021-01-29 08:52:08 status installed libgcrypt20:armhf 1.6.3-2+deb8u4
2021-01-29 08:52:08 configure libncursesw5:armhf 5.9+20140913-1+deb8u3 <none>
2021-01-29 08:52:08 status unpacked libncursesw5:armhf 5.9+20140913-1+deb8u3
2021-01-29 08:52:08 status half-configured libncursesw5:armhf 5.9+20140913-1+deb8u3
2021-01-29 08:52:08 status installed libncursesw5:armhf 5.9+20140913-1+deb8u3
2021-01-29 08:52:08 configure libdb5.3:armhf 5.3.28-9+deb8u1 <none>
2021-01-29 08:52:08 status unpacked libdb5.3:armhf 5.3.28-9+deb8u1
2021-01-29 08:52:08 status half-configured libdb5.3:armhf 5.3.28-9+deb8u1
2021-01-29 08:52:08 status installed libdb5.3:armhf 5.3.28-9+deb8u1
2021-01-29 08:52:08 configure zlib1g:armhf 1:1.2.8.dfsg-2+b1 <none>
2021-01-29 08:52:08 status unpacked zlib1g:armhf 1:1.2.8.dfsg-2+b1
2021-01-29 08:52:08 status half-configured zlib1g:armhf 1:1.2.8.dfsg-2+b1
2021-01-29 08:52:08 status installed zlib1g:armhf 1:1.2.8.dfsg-2+b1
2021-01-29 08:52:08 configure libcap2:armhf 1:2.24-8 <none>
2021-01-29 08:52:08 status unpacked libcap2:armhf 1:2.24-8
2021-01-29 08:52:08 status half-configured libcap2:armhf 1:2.24-8
2021-01-29 08:52:08 status installed libcap2:armhf 1:2.24-8
2021-01-29 08:52:08 configure libsystemd0:armhf 215-17+deb8u7 <none>
2021-01-29 08:52:08 status unpacked libsystemd0:armhf 215-17+deb8u7
2021-01-29 08:52:08 status half-configured libsystemd0:armhf 215-17+deb8u7
2021-01-29 08:52:08 status installed libsystemd0:armhf 215-17+deb8u7
2021-01-29 08:52:08 configure libdevmapper1.02.1:armhf 2:1.02.90-2.2+deb8u1 <none>
2021-01-29 08:52:08 status unpacked libdevmapper1.02.1:armhf 2:1.02.90-2.2+deb8u1
2021-01-29 08:52:08 status half-configured libdevmapper1.02.1:armhf 2:1.02.90-2.2+deb8u1
2021-01-29 08:52:08 status installed libdevmapper1.02.1:armhf 2:1.02.90-2.2+deb8u1
2021-01-29 08:52:08 configure libsemanage1:armhf 2.3-1+b1 <none>
2021-01-29 08:52:08 status unpacked libsemanage1:armhf 2.3-1+b1
2021-01-29 08:52:08 status half-configured libsemanage1:armhf 2.3-1+b1
2021-01-29 08:52:09 status installed libsemanage1:armhf 2.3-1+b1
2021-01-29 08:52:09 configure sysvinit-utils:armhf 2.88dsf-59 <none>
2021-01-29 08:52:09 status unpacked sysvinit-utils:armhf 2.88dsf-59
2021-01-29 08:52:09 status half-configured sysvinit-utils:armhf 2.88dsf-59
2021-01-29 08:52:09 status installed sysvinit-utils:armhf 2.88dsf-59
2021-01-29 08:52:09 configure libacl1:armhf 2.2.52-2 <none>
2021-01-29 08:52:09 status unpacked libacl1:armhf 2.2.52-2
2021-01-29 08:52:09 status half-configured libacl1:armhf 2.2.52-2
2021-01-29 08:52:09 status installed libacl1:armhf 2.2.52-2
2021-01-29 08:52:09 configure ncurses-bin:armhf 5.9+20140913-1+deb8u3 <none>
2021-01-29 08:52:09 status unpacked ncurses-bin:armhf 5.9+20140913-1+deb8u3
2021-01-29 08:52:09 status half-configured ncurses-bin:armhf 5.9+20140913-1+deb8u3
2021-01-29 08:52:09 status installed ncurses-bin:armhf 5.9+20140913-1+deb8u3
2021-01-29 08:52:09 configure acl:armhf 2.2.52-2 <none>
2021-01-29 08:52:09 status unpacked acl:armhf 2.2.52-2
2021-01-29 08:52:09 status half-configured acl:armhf 2.2.52-2
2021-01-29 08:52:09 status installed acl:armhf 2.2.52-2
2021-01-29 08:52:09 configure libncurses5:armhf 5.9+20140913-1+deb8u3 <none>
2021-01-29 08:52:09 status unpacked libncurses5:armhf 5.9+20140913-1+deb8u3
2021-01-29 08:52:09 status half-configured libncurses5:armhf 5.9+20140913-1+deb8u3
2021-01-29 08:52:09 status installed libncurses5:armhf 5.9+20140913-1+deb8u3
2021-01-29 08:52:09 configure libcap2-bin:armhf 1:2.24-8 <none>
2021-01-29 08:52:09 status unpacked libcap2-bin:armhf 1:2.24-8
2021-01-29 08:52:09 status half-configured libcap2-bin:armhf 1:2.24-8
2021-01-29 08:52:09 status installed libcap2-bin:armhf 1:2.24-8
2021-01-29 08:52:09 configure bsdutils:armhf 1:2.25.2-6 <none>
2021-01-29 08:52:09 status unpacked bsdutils:armhf 1:2.25.2-6
2021-01-29 08:52:09 status half-configured bsdutils:armhf 1:2.25.2-6
2021-01-29 08:52:09 status installed bsdutils:armhf 1:2.25.2-6
2021-01-29 08:52:09 configure coreutils:armhf 8.23-4 <none>
2021-01-29 08:52:09 status unpacked coreutils:armhf 8.23-4
2021-01-29 08:52:09 status half-configured coreutils:armhf 8.23-4
2021-01-29 08:52:09 status installed coreutils:armhf 8.23-4
2021-01-29 08:52:09 configure tar:armhf 1.27.1-2+deb8u1 <none>
2021-01-29 08:52:09 status unpacked tar:armhf 1.27.1-2+deb8u1
2021-01-29 08:52:09 status unpacked tar:armhf 1.27.1-2+deb8u1
2021-01-29 08:52:09 status half-configured tar:armhf 1.27.1-2+deb8u1
2021-01-29 08:52:09 status installed tar:armhf 1.27.1-2+deb8u1
2021-01-29 08:52:09 configure dpkg:armhf 1.17.27 <none>
2021-01-29 08:52:09 status unpacked dpkg:armhf 1.17.27
2021-01-29 08:52:09 status unpacked dpkg:armhf 1.17.27
2021-01-29 08:52:09 status unpacked dpkg:armhf 1.17.27
2021-01-29 08:52:09 status unpacked dpkg:armhf 1.17.27
2021-01-29 08:52:09 status unpacked dpkg:armhf 1.17.27
2021-01-29 08:52:09 status half-configured dpkg:armhf 1.17.27
2021-01-29 08:52:09 status installed dpkg:armhf 1.17.27
2021-01-29 08:52:09 configure sed:armhf 4.2.2-4+deb8u1 <none>
2021-01-29 08:52:09 status unpacked sed:armhf 4.2.2-4+deb8u1
2021-01-29 08:52:09 status half-configured sed:armhf 4.2.2-4+deb8u1
2021-01-29 08:52:09 status installed sed:armhf 4.2.2-4+deb8u1
2021-01-29 08:52:09 configure perl-base:armhf 5.20.2-3+deb8u11 <none>
2021-01-29 08:52:09 status unpacked perl-base:armhf 5.20.2-3+deb8u11
2021-01-29 08:52:09 status half-configured perl-base:armhf 5.20.2-3+deb8u11
2021-01-29 08:52:09 status installed perl-base:armhf 5.20.2-3+deb8u11
2021-01-29 08:52:09 configure grep:armhf 2.20-4.1 <none>
2021-01-29 08:52:09 status unpacked grep:armhf 2.20-4.1
2021-01-29 08:52:09 status half-configured grep:armhf 2.20-4.1
2021-01-29 08:52:09 status installed grep:armhf 2.20-4.1
2021-01-29 08:52:09 configure debconf:all 1.5.56+deb8u1 <none>
2021-01-29 08:52:09 status unpacked debconf:all 1.5.56+deb8u1
2021-01-29 08:52:09 status unpacked debconf:all 1.5.56+deb8u1
2021-01-29 08:52:09 status unpacked debconf:all 1.5.56+deb8u1
2021-01-29 08:52:09 status unpacked debconf:all 1.5.56+deb8u1
2021-01-29 08:52:09 status half-configured debconf:all 1.5.56+deb8u1
2021-01-29 08:52:11 status installed debconf:all 1.5.56+deb8u1
2021-01-29 08:52:11 configure tzdata:all 2018e-0+deb8u1 <none>
2021-01-29 08:52:11 status unpacked tzdata:all 2018e-0+deb8u1
2021-01-29 08:52:11 status half-configured tzdata:all 2018e-0+deb8u1
2021-01-29 08:52:13 status installed tzdata:all 2018e-0+deb8u1
2021-01-29 08:52:13 configure gzip:armhf 1.6-4 <none>
2021-01-29 08:52:13 status unpacked gzip:armhf 1.6-4
2021-01-29 08:52:13 status half-configured gzip:armhf 1.6-4
2021-01-29 08:52:13 status installed gzip:armhf 1.6-4
2021-01-29 08:52:13 configure dash:armhf 0.5.7-4+b1 <none>
2021-01-29 08:52:13 status unpacked dash:armhf 0.5.7-4+b1
2021-01-29 08:52:13 status half-configured dash:armhf 0.5.7-4+b1
2021-01-29 08:52:16 status installed dash:armhf 0.5.7-4+b1
2021-01-29 08:52:16 configure libtext-iconv-perl:armhf 1.7-5+b2 <none>
2021-01-29 08:52:16 status unpacked libtext-iconv-perl:armhf 1.7-5+b2
2021-01-29 08:52:16 status half-configured libtext-iconv-perl:armhf 1.7-5+b2
2021-01-29 08:52:16 status installed libtext-iconv-perl:armhf 1.7-5+b2
2021-01-29 08:52:16 configure sysv-rc:all 2.88dsf-59 <none>
2021-01-29 08:52:16 status unpacked sysv-rc:all 2.88dsf-59
2021-01-29 08:52:16 status half-configured sysv-rc:all 2.88dsf-59
2021-01-29 08:52:17 status installed sysv-rc:all 2.88dsf-59
2021-01-29 08:52:17 configure liblocale-gettext-perl:armhf 1.05-8+b1 <none>
2021-01-29 08:52:17 status unpacked liblocale-gettext-perl:armhf 1.05-8+b1
2021-01-29 08:52:17 status half-configured liblocale-gettext-perl:armhf 1.05-8+b1
2021-01-29 08:52:17 status installed liblocale-gettext-perl:armhf 1.05-8+b1
2021-01-29 08:52:17 configure libtext-charwidth-perl:armhf 0.04-7+b4 <none>
2021-01-29 08:52:17 status unpacked libtext-charwidth-perl:armhf 0.04-7+b4
2021-01-29 08:52:17 status half-configured libtext-charwidth-perl:armhf 0.04-7+b4
2021-01-29 08:52:17 status installed libtext-charwidth-perl:armhf 0.04-7+b4
2021-01-29 08:52:17 configure libpam0g:armhf 1.1.8-3.1+deb8u2+b1 <none>
2021-01-29 08:52:17 status unpacked libpam0g:armhf 1.1.8-3.1+deb8u2+b1
2021-01-29 08:52:17 status half-configured libpam0g:armhf 1.1.8-3.1+deb8u2+b1
2021-01-29 08:52:18 status installed libpam0g:armhf 1.1.8-3.1+deb8u2+b1
2021-01-29 08:52:18 configure initscripts:armhf 2.88dsf-59 <none>
2021-01-29 08:52:18 status unpacked initscripts:armhf 2.88dsf-59
2021-01-29 08:52:18 status unpacked initscripts:armhf 2.88dsf-59
2021-01-29 08:52:18 status unpacked initscripts:armhf 2.88dsf-59
2021-01-29 08:52:18 status unpacked initscripts:armhf 2.88dsf-59
2021-01-29 08:52:18 status unpacked initscripts:armhf 2.88dsf-59
2021-01-29 08:52:18 status unpacked initscripts:armhf 2.88dsf-59
2021-01-29 08:52:18 status unpacked initscripts:armhf 2.88dsf-59
2021-01-29 08:52:18 status unpacked initscripts:armhf 2.88dsf-59
2021-01-29 08:52:18 status unpacked initscripts:armhf 2.88dsf-59
2021-01-29 08:52:18 status unpacked initscripts:armhf 2.88dsf-59
2021-01-29 08:52:18 status unpacked initscripts:armhf 2.88dsf-59
2021-01-29 08:52:18 status unpacked initscripts:armhf 2.88dsf-59
2021-01-29 08:52:18 status unpacked initscripts:armhf 2.88dsf-59
2021-01-29 08:52:18 status unpacked initscripts:armhf 2.88dsf-59
2021-01-29 08:52:18 status unpacked initscripts:armhf 2.88dsf-59
2021-01-29 08:52:18 status unpacked initscripts:armhf 2.88dsf-59
2021-01-29 08:52:18 status unpacked initscripts:armhf 2.88dsf-59
2021-01-29 08:52:18 status unpacked initscripts:armhf 2.88dsf-59
2021-01-29 08:52:18 status unpacked initscripts:armhf 2.88dsf-59
2021-01-29 08:52:18 status unpacked initscripts:armhf 2.88dsf-59
2021-01-29 08:52:18 status unpacked initscripts:armhf 2.88dsf-59
2021-01-29 08:52:18 status unpacked initscripts:armhf 2.88dsf-59
2021-01-29 08:52:18 status unpacked initscripts:armhf 2.88dsf-59
2021-01-29 08:52:18 status unpacked initscripts:armhf 2.88dsf-59
2021-01-29 08:52:18 status unpacked initscripts:armhf 2.88dsf-59
2021-01-29 08:52:18 status unpacked initscripts:armhf 2.88dsf-59
2021-01-29 08:52:18 status unpacked initscripts:armhf 2.88dsf-59
2021-01-29 08:52:18 status unpacked initscripts:armhf 2.88dsf-59
2021-01-29 08:52:18 status unpacked initscripts:armhf 2.88dsf-59
2021-01-29 08:52:18 status unpacked initscripts:armhf 2.88dsf-59
2021-01-29 08:52:18 status half-configured initscripts:armhf 2.88dsf-59
2021-01-29 08:52:30 status installed initscripts:armhf 2.88dsf-59
2021-01-29 08:52:30 configure libpam-modules-bin:armhf 1.1.8-3.1+deb8u2+b1 <none>
2021-01-29 08:52:30 status unpacked libpam-modules-bin:armhf 1.1.8-3.1+deb8u2+b1
2021-01-29 08:52:30 status half-configured libpam-modules-bin:armhf 1.1.8-3.1+deb8u2+b1
2021-01-29 08:52:30 status installed libpam-modules-bin:armhf 1.1.8-3.1+deb8u2+b1
2021-01-29 08:52:30 configure bash:armhf 4.3-11+deb8u1 <none>
2021-01-29 08:52:30 status unpacked bash:armhf 4.3-11+deb8u1
2021-01-29 08:52:30 status unpacked bash:armhf 4.3-11+deb8u1
2021-01-29 08:52:30 status unpacked bash:armhf 4.3-11+deb8u1
2021-01-29 08:52:30 status unpacked bash:armhf 4.3-11+deb8u1
2021-01-29 08:52:30 status unpacked bash:armhf 4.3-11+deb8u1
2021-01-29 08:52:30 status half-configured bash:armhf 4.3-11+deb8u1
2021-01-29 08:52:31 status installed bash:armhf 4.3-11+deb8u1
2021-01-29 08:52:31 configure procps:armhf 2:3.3.9-9+deb8u1 <none>
2021-01-29 08:52:31 status unpacked procps:armhf 2:3.3.9-9+deb8u1
2021-01-29 08:52:31 status unpacked procps:armhf 2:3.3.9-9+deb8u1
2021-01-29 08:52:31 status unpacked procps:armhf 2:3.3.9-9+deb8u1
2021-01-29 08:52:31 status unpacked procps:armhf 2:3.3.9-9+deb8u1
2021-01-29 08:52:31 status half-configured procps:armhf 2:3.3.9-9+deb8u1
2021-01-29 08:52:32 status installed procps:armhf 2:3.3.9-9+deb8u1
2021-01-29 08:52:32 configure libtext-wrapi18n-perl:all 0.06-7 <none>
2021-01-29 08:52:32 status unpacked libtext-wrapi18n-perl:all 0.06-7
2021-01-29 08:52:32 status half-configured libtext-wrapi18n-perl:all 0.06-7
2021-01-29 08:52:32 status installed libtext-wrapi18n-perl:all 0.06-7
2021-01-29 08:52:32 configure libpam-modules:armhf 1.1.8-3.1+deb8u2+b1 <none>
2021-01-29 08:52:32 status unpacked libpam-modules:armhf 1.1.8-3.1+deb8u2+b1
2021-01-29 08:52:32 status unpacked libpam-modules:armhf 1.1.8-3.1+deb8u2+b1
2021-01-29 08:52:32 status unpacked libpam-modules:armhf 1.1.8-3.1+deb8u2+b1
2021-01-29 08:52:32 status unpacked libpam-modules:armhf 1.1.8-3.1+deb8u2+b1
2021-01-29 08:52:32 status unpacked libpam-modules:armhf 1.1.8-3.1+deb8u2+b1
2021-01-29 08:52:32 status unpacked libpam-modules:armhf 1.1.8-3.1+deb8u2+b1
2021-01-29 08:52:32 status unpacked libpam-modules:armhf 1.1.8-3.1+deb8u2+b1
2021-01-29 08:52:32 status unpacked libpam-modules:armhf 1.1.8-3.1+deb8u2+b1
2021-01-29 08:52:32 status unpacked libpam-modules:armhf 1.1.8-3.1+deb8u2+b1
2021-01-29 08:52:32 status half-configured libpam-modules:armhf 1.1.8-3.1+deb8u2+b1
2021-01-29 08:52:32 status installed libpam-modules:armhf 1.1.8-3.1+deb8u2+b1
2021-01-29 08:52:32 configure libpam-runtime:all 1.1.8-3.1+deb8u2 <none>
2021-01-29 08:52:32 status unpacked libpam-runtime:all 1.1.8-3.1+deb8u2
2021-01-29 08:52:32 status unpacked libpam-runtime:all 1.1.8-3.1+deb8u2
2021-01-29 08:52:32 status unpacked libpam-runtime:all 1.1.8-3.1+deb8u2
2021-01-29 08:52:32 status half-configured libpam-runtime:all 1.1.8-3.1+deb8u2
2021-01-29 08:52:34 status installed libpam-runtime:all 1.1.8-3.1+deb8u2
2021-01-29 08:52:34 configure debconf-i18n:all 1.5.56+deb8u1 <none>
2021-01-29 08:52:34 status unpacked debconf-i18n:all 1.5.56+deb8u1
2021-01-29 08:52:34 status half-configured debconf-i18n:all 1.5.56+deb8u1
2021-01-29 08:52:34 status installed debconf-i18n:all 1.5.56+deb8u1
2021-01-29 08:52:34 configure passwd:armhf 1:4.2-3+deb8u4 <none>
2021-01-29 08:52:34 status unpacked passwd:armhf 1:4.2-3+deb8u4
2021-01-29 08:52:34 status unpacked passwd:armhf 1:4.2-3+deb8u4
2021-01-29 08:52:34 status unpacked passwd:armhf 1:4.2-3+deb8u4
2021-01-29 08:52:34 status unpacked passwd:armhf 1:4.2-3+deb8u4
2021-01-29 08:52:34 status unpacked passwd:armhf 1:4.2-3+deb8u4
2021-01-29 08:52:34 status unpacked passwd:armhf 1:4.2-3+deb8u4
2021-01-29 08:52:34 status unpacked passwd:armhf 1:4.2-3+deb8u4
2021-01-29 08:52:34 status unpacked passwd:armhf 1:4.2-3+deb8u4
2021-01-29 08:52:34 status half-configured passwd:armhf 1:4.2-3+deb8u4
2021-01-29 08:52:35 status installed passwd:armhf 1:4.2-3+deb8u4
2021-01-29 08:52:35 configure login:armhf 1:4.2-3+deb8u4 <none>
2021-01-29 08:52:35 status unpacked login:armhf 1:4.2-3+deb8u4
2021-01-29 08:52:35 status unpacked login:armhf 1:4.2-3+deb8u4
2021-01-29 08:52:35 status unpacked login:armhf 1:4.2-3+deb8u4
2021-01-29 08:52:35 status unpacked login:armhf 1:4.2-3+deb8u4
2021-01-29 08:52:35 status unpacked login:armhf 1:4.2-3+deb8u4
2021-01-29 08:52:35 status half-configured login:armhf 1:4.2-3+deb8u4
2021-01-29 08:52:35 status installed login:armhf 1:4.2-3+deb8u4
2021-01-29 08:52:35 configure adduser:all 3.113+nmu3 <none>
2021-01-29 08:52:35 status unpacked adduser:all 3.113+nmu3
2021-01-29 08:52:35 status unpacked adduser:all 3.113+nmu3
2021-01-29 08:52:35 status half-configured adduser:all 3.113+nmu3
2021-01-29 08:52:37 status installed adduser:all 3.113+nmu3
2021-01-29 08:52:37 configure libuuid1:armhf 2.25.2-6 <none>
2021-01-29 08:52:37 status unpacked libuuid1:armhf 2.25.2-6
2021-01-29 08:52:37 status half-configured libuuid1:armhf 2.25.2-6
2021-01-29 08:52:37 status installed libuuid1:armhf 2.25.2-6
2021-01-29 08:52:37 configure libblkid1:armhf 2.25.2-6 <none>
2021-01-29 08:52:37 status unpacked libblkid1:armhf 2.25.2-6
2021-01-29 08:52:37 status half-configured libblkid1:armhf 2.25.2-6
2021-01-29 08:52:37 status installed libblkid1:armhf 2.25.2-6
2021-01-29 08:52:37 configure libmount1:armhf 2.25.2-6 <none>
2021-01-29 08:52:37 status unpacked libmount1:armhf 2.25.2-6
2021-01-29 08:52:37 status half-configured libmount1:armhf 2.25.2-6
2021-01-29 08:52:37 status installed libmount1:armhf 2.25.2-6
2021-01-29 08:52:37 configure util-linux:armhf 2.25.2-6 <none>
2021-01-29 08:52:37 status unpacked util-linux:armhf 2.25.2-6
2021-01-29 08:52:37 status unpacked util-linux:armhf 2.25.2-6
2021-01-29 08:52:37 status unpacked util-linux:armhf 2.25.2-6
2021-01-29 08:52:37 status unpacked util-linux:armhf 2.25.2-6
2021-01-29 08:52:37 status unpacked util-linux:armhf 2.25.2-6
2021-01-29 08:52:37 status half-configured util-linux:armhf 2.25.2-6
2021-01-29 08:52:38 status installed util-linux:armhf 2.25.2-6
2021-01-29 08:52:38 configure libcryptsetup4:armhf 2:1.6.6-5 <none>
2021-01-29 08:52:38 status unpacked libcryptsetup4:armhf 2:1.6.6-5
2021-01-29 08:52:38 status half-configured libcryptsetup4:armhf 2:1.6.6-5
2021-01-29 08:52:39 status installed libcryptsetup4:armhf 2:1.6.6-5
2021-01-29 08:52:39 configure mount:armhf 2.25.2-6 <none>
2021-01-29 08:52:39 status unpacked mount:armhf 2.25.2-6
2021-01-29 08:52:39 status half-configured mount:armhf 2.25.2-6
2021-01-29 08:52:39 status installed mount:armhf 2.25.2-6
2021-01-29 08:52:39 configure e2fsprogs:armhf 1.42.12-2+b1 <none>
2021-01-29 08:52:39 status unpacked e2fsprogs:armhf 1.42.12-2+b1
2021-01-29 08:52:39 status unpacked e2fsprogs:armhf 1.42.12-2+b1
2021-01-29 08:52:39 status half-configured e2fsprogs:armhf 1.42.12-2+b1
2021-01-29 08:52:39 status installed e2fsprogs:armhf 1.42.12-2+b1
2021-01-29 08:52:39 configure udev:armhf 215-17+deb8u7 <none>
2021-01-29 08:52:39 status unpacked udev:armhf 215-17+deb8u7
2021-01-29 08:52:39 status unpacked udev:armhf 215-17+deb8u7
2021-01-29 08:52:39 status unpacked udev:armhf 215-17+deb8u7
2021-01-29 08:52:39 status unpacked udev:armhf 215-17+deb8u7
2021-01-29 08:52:39 status unpacked udev:armhf 215-17+deb8u7
2021-01-29 08:52:39 status unpacked udev:armhf 215-17+deb8u7
2021-01-29 08:52:39 status unpacked udev:armhf 215-17+deb8u7
2021-01-29 08:52:39 status unpacked udev:armhf 215-17+deb8u7
2021-01-29 08:52:39 status unpacked udev:armhf 215-17+deb8u7
2021-01-29 08:52:39 status unpacked udev:armhf 215-17+deb8u7
2021-01-29 08:52:39 status half-configured udev:armhf 215-17+deb8u7
2021-01-29 08:52:43 status installed udev:armhf 215-17+deb8u7
2021-01-29 08:52:43 configure systemd:armhf 215-17+deb8u7 <none>
2021-01-29 08:52:43 status unpacked systemd:armhf 215-17+deb8u7
2021-01-29 08:52:43 status unpacked systemd:armhf 215-17+deb8u7
2021-01-29 08:52:43 status unpacked systemd:armhf 215-17+deb8u7
2021-01-29 08:52:43 status unpacked systemd:armhf 215-17+deb8u7
2021-01-29 08:52:43 status unpacked systemd:armhf 215-17+deb8u7
2021-01-29 08:52:43 status unpacked systemd:armhf 215-17+deb8u7
2021-01-29 08:52:43 status unpacked systemd:armhf 215-17+deb8u7
2021-01-29 08:52:43 status unpacked systemd:armhf 215-17+deb8u7
2021-01-29 08:52:43 status unpacked systemd:armhf 215-17+deb8u7
2021-01-29 08:52:43 status unpacked systemd:armhf 215-17+deb8u7
2021-01-29 08:52:43 status unpacked systemd:armhf 215-17+deb8u7
2021-01-29 08:52:43 status unpacked systemd:armhf 215-17+deb8u7
2021-01-29 08:52:43 status unpacked systemd:armhf 215-17+deb8u7
2021-01-29 08:52:43 status unpacked systemd:armhf 215-17+deb8u7
2021-01-29 08:52:43 status unpacked systemd:armhf 215-17+deb8u7
2021-01-29 08:52:43 status half-configured systemd:armhf 215-17+deb8u7
2021-01-29 08:52:51 status installed systemd:armhf 215-17+deb8u7
2021-01-29 08:52:51 configure dmsetup:armhf 2:1.02.90-2.2+deb8u1 <none>
2021-01-29 08:52:51 status unpacked dmsetup:armhf 2:1.02.90-2.2+deb8u1
2021-01-29 08:52:51 status half-configured dmsetup:armhf 2:1.02.90-2.2+deb8u1
2021-01-29 08:52:51 status installed dmsetup:armhf 2:1.02.90-2.2+deb8u1
2021-01-29 08:52:51 configure systemd-sysv:armhf 215-17+deb8u7 <none>
2021-01-29 08:52:51 status unpacked systemd-sysv:armhf 215-17+deb8u7
2021-01-29 08:52:51 status half-configured systemd-sysv:armhf 215-17+deb8u7
2021-01-29 08:52:51 status installed systemd-sysv:armhf 215-17+deb8u7
2021-01-29 08:52:51 configure init:armhf 1.22 <none>
2021-01-29 08:52:51 status unpacked init:armhf 1.22
2021-01-29 08:52:51 status half-configured init:armhf 1.22
2021-01-29 08:52:51 status installed init:armhf 1.22
2021-01-29 08:52:51 trigproc libc-bin:armhf 2.19-18+deb8u10 <none>
2021-01-29 08:52:51 status half-configured libc-bin:armhf 2.19-18+deb8u10
2021-01-29 08:52:51 status installed libc-bin:armhf 2.19-18+deb8u10
2021-01-29 08:53:17 startup archives unpack
2021-01-29 08:53:17 install apt:armhf <none> 1.0.9.8.4
2021-01-29 08:53:17 status half-installed apt:armhf 1.0.9.8.4
2021-01-29 08:53:18 status unpacked apt:armhf 1.0.9.8.4
2021-01-29 08:53:18 status unpacked apt:armhf 1.0.9.8.4
2021-01-29 08:53:18 install apt-utils:armhf <none> 1.0.9.8.4
2021-01-29 08:53:18 status half-installed apt-utils:armhf 1.0.9.8.4
2021-01-29 08:53:19 status unpacked apt-utils:armhf 1.0.9.8.4
2021-01-29 08:53:19 status unpacked apt-utils:armhf 1.0.9.8.4
2021-01-29 08:53:19 install libapt-inst1.5:armhf <none> 1.0.9.8.4
2021-01-29 08:53:19 status half-installed libapt-inst1.5:armhf 1.0.9.8.4
2021-01-29 08:53:19 status unpacked libapt-inst1.5:armhf 1.0.9.8.4
2021-01-29 08:53:19 status unpacked libapt-inst1.5:armhf 1.0.9.8.4
2021-01-29 08:53:19 install libapt-pkg4.12:armhf <none> 1.0.9.8.4
2021-01-29 08:53:19 status half-installed libapt-pkg4.12:armhf 1.0.9.8.4
2021-01-29 08:53:20 status unpacked libapt-pkg4.12:armhf 1.0.9.8.4
2021-01-29 08:53:20 status unpacked libapt-pkg4.12:armhf 1.0.9.8.4
2021-01-29 08:53:20 install libdns-export100:armhf <none> 1:9.9.5.dfsg-9+deb8u15
2021-01-29 08:53:20 status half-installed libdns-export100:armhf 1:9.9.5.dfsg-9+deb8u15
2021-01-29 08:53:21 status unpacked libdns-export100:armhf 1:9.9.5.dfsg-9+deb8u15
2021-01-29 08:53:21 status unpacked libdns-export100:armhf 1:9.9.5.dfsg-9+deb8u15
2021-01-29 08:53:21 install libirs-export91:armhf <none> 1:9.9.5.dfsg-9+deb8u15
2021-01-29 08:53:21 status half-installed libirs-export91:armhf 1:9.9.5.dfsg-9+deb8u15
2021-01-29 08:53:21 status unpacked libirs-export91:armhf 1:9.9.5.dfsg-9+deb8u15
2021-01-29 08:53:21 status unpacked libirs-export91:armhf 1:9.9.5.dfsg-9+deb8u15
2021-01-29 08:53:21 install libisc-export95:armhf <none> 1:9.9.5.dfsg-9+deb8u15
2021-01-29 08:53:21 status half-installed libisc-export95:armhf 1:9.9.5.dfsg-9+deb8u15
2021-01-29 08:53:22 status unpacked libisc-export95:armhf 1:9.9.5.dfsg-9+deb8u15
2021-01-29 08:53:22 status unpacked libisc-export95:armhf 1:9.9.5.dfsg-9+deb8u15
2021-01-29 08:53:22 install libisccfg-export90:armhf <none> 1:9.9.5.dfsg-9+deb8u15
2021-01-29 08:53:22 status half-installed libisccfg-export90:armhf 1:9.9.5.dfsg-9+deb8u15
2021-01-29 08:53:22 status unpacked libisccfg-export90:armhf 1:9.9.5.dfsg-9+deb8u15
2021-01-29 08:53:22 status unpacked libisccfg-export90:armhf 1:9.9.5.dfsg-9+deb8u15
2021-01-29 08:53:22 install libboost-iostreams1.55.0:armhf <none> 1.55.0+dfsg-3
2021-01-29 08:53:22 status half-installed libboost-iostreams1.55.0:armhf 1.55.0+dfsg-3
2021-01-29 08:53:22 status unpacked libboost-iostreams1.55.0:armhf 1.55.0+dfsg-3
2021-01-29 08:53:22 status unpacked libboost-iostreams1.55.0:armhf 1.55.0+dfsg-3
2021-01-29 08:53:22 install bsdmainutils:armhf <none> 9.0.6
2021-01-29 08:53:22 status half-installed bsdmainutils:armhf 9.0.6
2021-01-29 08:53:23 status unpacked bsdmainutils:armhf 9.0.6
2021-01-29 08:53:23 status unpacked bsdmainutils:armhf 9.0.6
2021-01-29 08:53:23 install cpio:armhf <none> 2.11+dfsg-4.1+deb8u1
2021-01-29 08:53:23 status half-installed cpio:armhf 2.11+dfsg-4.1+deb8u1
2021-01-29 08:53:23 status unpacked cpio:armhf 2.11+dfsg-4.1+deb8u1
2021-01-29 08:53:23 status unpacked cpio:armhf 2.11+dfsg-4.1+deb8u1
2021-01-29 08:53:23 install cron:armhf <none> 3.0pl1-127+deb8u1
2021-01-29 08:53:23 status half-installed cron:armhf 3.0pl1-127+deb8u1
2021-01-29 08:53:24 status triggers-pending systemd:armhf 215-17+deb8u7
2021-01-29 08:53:24 status unpacked cron:armhf 3.0pl1-127+deb8u1
2021-01-29 08:53:24 status unpacked cron:armhf 3.0pl1-127+deb8u1
2021-01-29 08:53:24 install debian-archive-keyring:all <none> 2017.5~deb8u1
2021-01-29 08:53:24 status half-installed debian-archive-keyring:all 2017.5~deb8u1
2021-01-29 08:53:24 status unpacked debian-archive-keyring:all 2017.5~deb8u1
2021-01-29 08:53:24 status unpacked debian-archive-keyring:all 2017.5~deb8u1
2021-01-29 08:53:24 install dmidecode:armhf <none> 2.12-3
2021-01-29 08:53:24 status half-installed dmidecode:armhf 2.12-3
2021-01-29 08:53:24 status unpacked dmidecode:armhf 2.12-3
2021-01-29 08:53:24 status unpacked dmidecode:armhf 2.12-3
2021-01-29 08:53:25 install libstdc++6:armhf <none> 4.9.2-10+deb8u1
2021-01-29 08:53:25 status half-installed libstdc++6:armhf 4.9.2-10+deb8u1
2021-01-29 08:53:25 status unpacked libstdc++6:armhf 4.9.2-10+deb8u1
2021-01-29 08:53:25 status unpacked libstdc++6:armhf 4.9.2-10+deb8u1
2021-01-29 08:53:25 install libgdbm3:armhf <none> 1.8.3-13.1
2021-01-29 08:53:25 status half-installed libgdbm3:armhf 1.8.3-13.1
2021-01-29 08:53:25 status unpacked libgdbm3:armhf 1.8.3-13.1
2021-01-29 08:53:25 status unpacked libgdbm3:armhf 1.8.3-13.1
2021-01-29 08:53:25 install libgmp10:armhf <none> 2:6.0.0+dfsg-6
2021-01-29 08:53:25 status half-installed libgmp10:armhf 2:6.0.0+dfsg-6
2021-01-29 08:53:26 status unpacked libgmp10:armhf 2:6.0.0+dfsg-6
2021-01-29 08:53:26 status unpacked libgmp10:armhf 2:6.0.0+dfsg-6
2021-01-29 08:53:26 install gnupg:armhf <none> 1.4.18-7+deb8u5
2021-01-29 08:53:26 status half-installed gnupg:armhf 1.4.18-7+deb8u5
2021-01-29 08:53:27 status unpacked gnupg:armhf 1.4.18-7+deb8u5
2021-01-29 08:53:27 status unpacked gnupg:armhf 1.4.18-7+deb8u5
2021-01-29 08:53:27 install gpgv:armhf <none> 1.4.18-7+deb8u5
2021-01-29 08:53:27 status half-installed gpgv:armhf 1.4.18-7+deb8u5
2021-01-29 08:53:27 status unpacked gpgv:armhf 1.4.18-7+deb8u5
2021-01-29 08:53:27 status unpacked gpgv:armhf 1.4.18-7+deb8u5
2021-01-29 08:53:28 install libgnutls-deb0-28:armhf <none> 3.3.8-6+deb8u7
2021-01-29 08:53:28 status half-installed libgnutls-deb0-28:armhf 3.3.8-6+deb8u7
2021-01-29 08:53:28 status unpacked libgnutls-deb0-28:armhf 3.3.8-6+deb8u7
2021-01-29 08:53:28 status unpacked libgnutls-deb0-28:armhf 3.3.8-6+deb8u7
2021-01-29 08:53:28 install libgnutls-openssl27:armhf <none> 3.3.8-6+deb8u7
2021-01-29 08:53:28 status half-installed libgnutls-openssl27:armhf 3.3.8-6+deb8u7
2021-01-29 08:53:28 status unpacked libgnutls-openssl27:armhf 3.3.8-6+deb8u7
2021-01-29 08:53:28 status unpacked libgnutls-openssl27:armhf 3.3.8-6+deb8u7
2021-01-29 08:53:29 install groff-base:armhf <none> 1.22.2-8
2021-01-29 08:53:29 status half-installed groff-base:armhf 1.22.2-8
2021-01-29 08:53:29 status unpacked groff-base:armhf 1.22.2-8
2021-01-29 08:53:29 status unpacked groff-base:armhf 1.22.2-8
2021-01-29 08:53:29 install libicu52:armhf <none> 52.1-8+deb8u7
2021-01-29 08:53:29 status half-installed libicu52:armhf 52.1-8+deb8u7
2021-01-29 08:53:33 status unpacked libicu52:armhf 52.1-8+deb8u7
2021-01-29 08:53:33 status unpacked libicu52:armhf 52.1-8+deb8u7
2021-01-29 08:53:34 install ifupdown:armhf <none> 0.7.53.1
2021-01-29 08:53:34 status half-installed ifupdown:armhf 0.7.53.1
2021-01-29 08:53:34 status unpacked ifupdown:armhf 0.7.53.1
2021-01-29 08:53:34 status unpacked ifupdown:armhf 0.7.53.1
2021-01-29 08:53:34 install init-system-helpers:all <none> 1.22
2021-01-29 08:53:34 status half-installed init-system-helpers:all 1.22
2021-01-29 08:53:34 status unpacked init-system-helpers:all 1.22
2021-01-29 08:53:34 status unpacked init-system-helpers:all 1.22
2021-01-29 08:53:34 install iproute2:armhf <none> 3.16.0-2
2021-01-29 08:53:34 status half-installed iproute2:armhf 3.16.0-2
2021-01-29 08:53:35 status unpacked iproute2:armhf 3.16.0-2
2021-01-29 08:53:35 status unpacked iproute2:armhf 3.16.0-2
2021-01-29 08:53:35 install iptables:armhf <none> 1.4.21-2+b1
2021-01-29 08:53:35 status half-installed iptables:armhf 1.4.21-2+b1
2021-01-29 08:53:35 status unpacked iptables:armhf 1.4.21-2+b1
2021-01-29 08:53:35 status unpacked iptables:armhf 1.4.21-2+b1
2021-01-29 08:53:35 install libxtables10:armhf <none> 1.4.21-2+b1
2021-01-29 08:53:35 status half-installed libxtables10:armhf 1.4.21-2+b1
2021-01-29 08:53:36 status unpacked libxtables10:armhf 1.4.21-2+b1
2021-01-29 08:53:36 status unpacked libxtables10:armhf 1.4.21-2+b1
2021-01-29 08:53:36 install iputils-ping:armhf <none> 3:20121221-5+b2
2021-01-29 08:53:36 status half-installed iputils-ping:armhf 3:20121221-5+b2
2021-01-29 08:53:36 status unpacked iputils-ping:armhf 3:20121221-5+b2
2021-01-29 08:53:36 status unpacked iputils-ping:armhf 3:20121221-5+b2
2021-01-29 08:53:36 install isc-dhcp-client:armhf <none> 4.3.1-6+deb8u3
2021-01-29 08:53:36 status half-installed isc-dhcp-client:armhf 4.3.1-6+deb8u3
2021-01-29 08:53:36 status unpacked isc-dhcp-client:armhf 4.3.1-6+deb8u3
2021-01-29 08:53:36 status unpacked isc-dhcp-client:armhf 4.3.1-6+deb8u3
2021-01-29 08:53:37 install isc-dhcp-common:armhf <none> 4.3.1-6+deb8u3
2021-01-29 08:53:37 status half-installed isc-dhcp-common:armhf 4.3.1-6+deb8u3
2021-01-29 08:53:37 status unpacked isc-dhcp-common:armhf 4.3.1-6+deb8u3
2021-01-29 08:53:37 status unpacked isc-dhcp-common:armhf 4.3.1-6+deb8u3
2021-01-29 08:53:37 install libjson-c2:armhf <none> 0.11-4
2021-01-29 08:53:37 status half-installed libjson-c2:armhf 0.11-4
2021-01-29 08:53:37 status unpacked libjson-c2:armhf 0.11-4
2021-01-29 08:53:37 status unpacked libjson-c2:armhf 0.11-4
2021-01-29 08:53:37 install kmod:armhf <none> 18-3
2021-01-29 08:53:37 status half-installed kmod:armhf 18-3
2021-01-29 08:53:37 status unpacked kmod:armhf 18-3
2021-01-29 08:53:37 status unpacked kmod:armhf 18-3
2021-01-29 08:53:38 install less:armhf <none> 458-3
2021-01-29 08:53:38 status half-installed less:armhf 458-3
2021-01-29 08:53:38 status unpacked less:armhf 458-3
2021-01-29 08:53:38 status unpacked less:armhf 458-3
2021-01-29 08:53:38 install libestr0:armhf <none> 0.1.9-1.1
2021-01-29 08:53:38 status half-installed libestr0:armhf 0.1.9-1.1
2021-01-29 08:53:38 status unpacked libestr0:armhf 0.1.9-1.1
2021-01-29 08:53:38 status unpacked libestr0:armhf 0.1.9-1.1
2021-01-29 08:53:38 install libffi6:armhf <none> 3.1-2+deb8u1
2021-01-29 08:53:38 status half-installed libffi6:armhf 3.1-2+deb8u1
2021-01-29 08:53:38 status unpacked libffi6:armhf 3.1-2+deb8u1
2021-01-29 08:53:38 status unpacked libffi6:armhf 3.1-2+deb8u1
2021-01-29 08:53:39 install libidn11:armhf <none> 1.29-1+deb8u2
2021-01-29 08:53:39 status half-installed libidn11:armhf 1.29-1+deb8u2
2021-01-29 08:53:39 status unpacked libidn11:armhf 1.29-1+deb8u2
2021-01-29 08:53:39 status unpacked libidn11:armhf 1.29-1+deb8u2
2021-01-29 08:53:39 install liblogging-stdlog0:armhf <none> 1.0.4-1
2021-01-29 08:53:39 status half-installed liblogging-stdlog0:armhf 1.0.4-1
2021-01-29 08:53:39 status unpacked liblogging-stdlog0:armhf 1.0.4-1
2021-01-29 08:53:39 status unpacked liblogging-stdlog0:armhf 1.0.4-1
2021-01-29 08:53:39 install liblognorm1:armhf <none> 1.0.1-3
2021-01-29 08:53:39 status half-installed liblognorm1:armhf 1.0.1-3
2021-01-29 08:53:39 status unpacked liblognorm1:armhf 1.0.1-3
2021-01-29 08:53:39 status unpacked liblognorm1:armhf 1.0.1-3
2021-01-29 08:53:39 install libmnl0:armhf <none> 1.0.3-5
2021-01-29 08:53:39 status half-installed libmnl0:armhf 1.0.3-5
2021-01-29 08:53:40 status unpacked libmnl0:armhf 1.0.3-5
2021-01-29 08:53:40 status unpacked libmnl0:armhf 1.0.3-5
2021-01-29 08:53:40 install libnetfilter-acct1:armhf <none> 1.0.2-1.1
2021-01-29 08:53:40 status half-installed libnetfilter-acct1:armhf 1.0.2-1.1
2021-01-29 08:53:40 status unpacked libnetfilter-acct1:armhf 1.0.2-1.1
2021-01-29 08:53:40 status unpacked libnetfilter-acct1:armhf 1.0.2-1.1
2021-01-29 08:53:40 install libnfnetlink0:armhf <none> 1.0.1-3
2021-01-29 08:53:40 status half-installed libnfnetlink0:armhf 1.0.1-3
2021-01-29 08:53:40 status unpacked libnfnetlink0:armhf 1.0.1-3
2021-01-29 08:53:40 status unpacked libnfnetlink0:armhf 1.0.1-3
2021-01-29 08:53:40 install libpipeline1:armhf <none> 1.4.0-1
2021-01-29 08:53:40 status half-installed libpipeline1:armhf 1.4.0-1
2021-01-29 08:53:40 status unpacked libpipeline1:armhf 1.4.0-1
2021-01-29 08:53:40 status unpacked libpipeline1:armhf 1.4.0-1
2021-01-29 08:53:41 install libpsl0:armhf <none> 0.5.1-1
2021-01-29 08:53:41 status half-installed libpsl0:armhf 0.5.1-1
2021-01-29 08:53:41 status unpacked libpsl0:armhf 0.5.1-1
2021-01-29 08:53:41 status unpacked libpsl0:armhf 0.5.1-1
2021-01-29 08:53:41 install libsigc++-2.0-0c2a:armhf <none> 2.4.0-1
2021-01-29 08:53:41 status half-installed libsigc++-2.0-0c2a:armhf 2.4.0-1
2021-01-29 08:53:41 status unpacked libsigc++-2.0-0c2a:armhf 2.4.0-1
2021-01-29 08:53:41 status unpacked libsigc++-2.0-0c2a:armhf 2.4.0-1
2021-01-29 08:53:41 install libtasn1-6:armhf <none> 4.2-3+deb8u3
2021-01-29 08:53:41 status half-installed libtasn1-6:armhf 4.2-3+deb8u3
2021-01-29 08:53:41 status unpacked libtasn1-6:armhf 4.2-3+deb8u3
2021-01-29 08:53:41 status unpacked libtasn1-6:armhf 4.2-3+deb8u3
2021-01-29 08:53:42 install libusb-0.1-4:armhf <none> 2:0.1.12-25
2021-01-29 08:53:42 status half-installed libusb-0.1-4:armhf 2:0.1.12-25
2021-01-29 08:53:42 status unpacked libusb-0.1-4:armhf 2:0.1.12-25
2021-01-29 08:53:42 status unpacked libusb-0.1-4:armhf 2:0.1.12-25
2021-01-29 08:53:42 install logrotate:armhf <none> 3.8.7-1+b1
2021-01-29 08:53:42 status half-installed logrotate:armhf 3.8.7-1+b1
2021-01-29 08:53:42 status unpacked logrotate:armhf 3.8.7-1+b1
2021-01-29 08:53:42 status unpacked logrotate:armhf 3.8.7-1+b1
2021-01-29 08:53:42 install man-db:armhf <none> 2.7.0.2-5
2021-01-29 08:53:42 status half-installed man-db:armhf 2.7.0.2-5
2021-01-29 08:53:43 status unpacked man-db:armhf 2.7.0.2-5
2021-01-29 08:53:43 status unpacked man-db:armhf 2.7.0.2-5
2021-01-29 08:53:43 install manpages:all <none> 3.74-1
2021-01-29 08:53:43 status half-installed manpages:all 3.74-1
2021-01-29 08:53:44 status unpacked manpages:all 3.74-1
2021-01-29 08:53:44 status unpacked manpages:all 3.74-1
2021-01-29 08:53:44 install nano:armhf <none> 2.2.6-3
2021-01-29 08:53:44 status half-installed nano:armhf 2.2.6-3
2021-01-29 08:53:45 status unpacked nano:armhf 2.2.6-3
2021-01-29 08:53:45 status unpacked nano:armhf 2.2.6-3
2021-01-29 08:53:45 install net-tools:armhf <none> 1.60-26+b1
2021-01-29 08:53:45 status half-installed net-tools:armhf 1.60-26+b1
2021-01-29 08:53:45 status unpacked net-tools:armhf 1.60-26+b1
2021-01-29 08:53:45 status unpacked net-tools:armhf 1.60-26+b1
2021-01-29 08:53:45 install netbase:all <none> 5.3
2021-01-29 08:53:45 status half-installed netbase:all 5.3
2021-01-29 08:53:46 status unpacked netbase:all 5.3
2021-01-29 08:53:46 status unpacked netbase:all 5.3
2021-01-29 08:53:46 install netcat-traditional:armhf <none> 1.10-41
2021-01-29 08:53:46 status half-installed netcat-traditional:armhf 1.10-41
2021-01-29 08:53:46 status unpacked netcat-traditional:armhf 1.10-41
2021-01-29 08:53:46 status unpacked netcat-traditional:armhf 1.10-41
2021-01-29 08:53:46 install libhogweed2:armhf <none> 2.7.1-5+deb8u2
2021-01-29 08:53:46 status half-installed libhogweed2:armhf 2.7.1-5+deb8u2
2021-01-29 08:53:46 status unpacked libhogweed2:armhf 2.7.1-5+deb8u2
2021-01-29 08:53:46 status unpacked libhogweed2:armhf 2.7.1-5+deb8u2
2021-01-29 08:53:46 install libnettle4:armhf <none> 2.7.1-5+deb8u2
2021-01-29 08:53:46 status half-installed libnettle4:armhf 2.7.1-5+deb8u2
2021-01-29 08:53:47 status unpacked libnettle4:armhf 2.7.1-5+deb8u2
2021-01-29 08:53:47 status unpacked libnettle4:armhf 2.7.1-5+deb8u2
2021-01-29 08:53:47 install libnewt0.52:armhf <none> 0.52.17-1+b1
2021-01-29 08:53:47 status half-installed libnewt0.52:armhf 0.52.17-1+b1
2021-01-29 08:53:47 status unpacked libnewt0.52:armhf 0.52.17-1+b1
2021-01-29 08:53:47 status unpacked libnewt0.52:armhf 0.52.17-1+b1
2021-01-29 08:53:47 install whiptail:armhf <none> 0.52.17-1+b1
2021-01-29 08:53:47 status half-installed whiptail:armhf 0.52.17-1+b1
2021-01-29 08:53:47 status unpacked whiptail:armhf 0.52.17-1+b1
2021-01-29 08:53:47 status unpacked whiptail:armhf 0.52.17-1+b1
2021-01-29 08:53:47 install nfacct:armhf <none> 1.0.1-1.1
2021-01-29 08:53:47 status half-installed nfacct:armhf 1.0.1-1.1
2021-01-29 08:53:48 status unpacked nfacct:armhf 1.0.1-1.1
2021-01-29 08:53:48 status unpacked nfacct:armhf 1.0.1-1.1
2021-01-29 08:53:48 install libssl1.0.0:armhf <none> 1.0.1t-1+deb8u8
2021-01-29 08:53:48 status half-installed libssl1.0.0:armhf 1.0.1t-1+deb8u8
2021-01-29 08:53:49 status unpacked libssl1.0.0:armhf 1.0.1t-1+deb8u8
2021-01-29 08:53:49 status unpacked libssl1.0.0:armhf 1.0.1t-1+deb8u8
2021-01-29 08:53:49 install libp11-kit0:armhf <none> 0.20.7-1
2021-01-29 08:53:49 status half-installed libp11-kit0:armhf 0.20.7-1
2021-01-29 08:53:49 status unpacked libp11-kit0:armhf 0.20.7-1
2021-01-29 08:53:49 status unpacked libp11-kit0:armhf 0.20.7-1
2021-01-29 08:53:49 install libpopt0:armhf <none> 1.16-10
2021-01-29 08:53:49 status half-installed libpopt0:armhf 1.16-10
2021-01-29 08:53:49 status unpacked libpopt0:armhf 1.16-10
2021-01-29 08:53:49 status unpacked libpopt0:armhf 1.16-10
2021-01-29 08:53:50 install libreadline6:armhf <none> 6.3-8+b3
2021-01-29 08:53:50 status half-installed libreadline6:armhf 6.3-8+b3
2021-01-29 08:53:50 status unpacked libreadline6:armhf 6.3-8+b3
2021-01-29 08:53:50 status unpacked libreadline6:armhf 6.3-8+b3
2021-01-29 08:53:50 install readline-common:all <none> 6.3-8
2021-01-29 08:53:50 status half-installed readline-common:all 6.3-8
2021-01-29 08:53:50 status unpacked readline-common:all 6.3-8
2021-01-29 08:53:50 status unpacked readline-common:all 6.3-8
2021-01-29 08:53:50 install rsyslog:armhf <none> 8.4.2-1+deb8u2
2021-01-29 08:53:50 status half-installed rsyslog:armhf 8.4.2-1+deb8u2
2021-01-29 08:53:51 status unpacked rsyslog:armhf 8.4.2-1+deb8u2
2021-01-29 08:53:51 status unpacked rsyslog:armhf 8.4.2-1+deb8u2
2021-01-29 08:53:51 install tasksel:all <none> 3.31+deb8u1
2021-01-29 08:53:51 status half-installed tasksel:all 3.31+deb8u1
2021-01-29 08:53:51 status unpacked tasksel:all 3.31+deb8u1
2021-01-29 08:53:51 status unpacked tasksel:all 3.31+deb8u1
2021-01-29 08:53:52 install tasksel-data:all <none> 3.31+deb8u1
2021-01-29 08:53:52 status half-installed tasksel-data:all 3.31+deb8u1
2021-01-29 08:53:52 status unpacked tasksel-data:all 3.31+deb8u1
2021-01-29 08:53:52 status unpacked tasksel-data:all 3.31+deb8u1
2021-01-29 08:53:52 install traceroute:armhf <none> 1:2.0.20-2+b1
2021-01-29 08:53:52 status half-installed traceroute:armhf 1:2.0.20-2+b1
2021-01-29 08:53:52 status unpacked traceroute:armhf 1:2.0.20-2+b1
2021-01-29 08:53:52 status unpacked traceroute:armhf 1:2.0.20-2+b1
2021-01-29 08:53:52 install vim-common:armhf <none> 2:7.4.488-7+deb8u3
2021-01-29 08:53:52 status half-installed vim-common:armhf 2:7.4.488-7+deb8u3
2021-01-29 08:53:52 status unpacked vim-common:armhf 2:7.4.488-7+deb8u3
2021-01-29 08:53:52 status unpacked vim-common:armhf 2:7.4.488-7+deb8u3
2021-01-29 08:53:53 install vim-tiny:armhf <none> 2:7.4.488-7+deb8u3
2021-01-29 08:53:53 status half-installed vim-tiny:armhf 2:7.4.488-7+deb8u3
2021-01-29 08:53:53 status unpacked vim-tiny:armhf 2:7.4.488-7+deb8u3
2021-01-29 08:53:53 status unpacked vim-tiny:armhf 2:7.4.488-7+deb8u3
2021-01-29 08:53:53 install wget:armhf <none> 1.16-1+deb8u5
2021-01-29 08:53:53 status half-installed wget:armhf 1.16-1+deb8u5
2021-01-29 08:53:54 status unpacked wget:armhf 1.16-1+deb8u5
2021-01-29 08:53:54 status unpacked wget:armhf 1.16-1+deb8u5
2021-01-29 08:53:54 trigproc systemd:armhf 215-17+deb8u7 <none>
2021-01-29 08:53:54 status half-configured systemd:armhf 215-17+deb8u7
2021-01-29 08:53:54 status installed systemd:armhf 215-17+deb8u7
2021-01-29 08:53:54 startup packages configure
2021-01-29 08:53:54 configure readline-common:all 6.3-8 <none>
2021-01-29 08:53:54 status unpacked readline-common:all 6.3-8
2021-01-29 08:53:54 status half-configured readline-common:all 6.3-8
2021-01-29 08:53:54 status installed readline-common:all 6.3-8
2021-01-29 08:53:54 configure libgdbm3:armhf 1.8.3-13.1 <none>
2021-01-29 08:53:54 status unpacked libgdbm3:armhf 1.8.3-13.1
2021-01-29 08:53:54 status half-configured libgdbm3:armhf 1.8.3-13.1
2021-01-29 08:53:54 status installed libgdbm3:armhf 1.8.3-13.1
2021-01-29 08:53:54 status triggers-pending libc-bin:armhf 2.19-18+deb8u10
2021-01-29 08:53:54 configure manpages:all 3.74-1 <none>
2021-01-29 08:53:54 status unpacked manpages:all 3.74-1
2021-01-29 08:53:54 status half-configured manpages:all 3.74-1
2021-01-29 08:53:54 status installed manpages:all 3.74-1
2021-01-29 08:53:54 configure libxtables10:armhf 1.4.21-2+b1 <none>
2021-01-29 08:53:54 status unpacked libxtables10:armhf 1.4.21-2+b1
2021-01-29 08:53:54 status half-configured libxtables10:armhf 1.4.21-2+b1
2021-01-29 08:53:54 status installed libxtables10:armhf 1.4.21-2+b1
2021-01-29 08:53:54 configure cpio:armhf 2.11+dfsg-4.1+deb8u1 <none>
2021-01-29 08:53:54 status unpacked cpio:armhf 2.11+dfsg-4.1+deb8u1
2021-01-29 08:53:54 status half-configured cpio:armhf 2.11+dfsg-4.1+deb8u1
2021-01-29 08:53:54 status installed cpio:armhf 2.11+dfsg-4.1+deb8u1
2021-01-29 08:53:54 configure libpopt0:armhf 1.16-10 <none>
2021-01-29 08:53:54 status unpacked libpopt0:armhf 1.16-10
2021-01-29 08:53:54 status half-configured libpopt0:armhf 1.16-10
2021-01-29 08:53:54 status installed libpopt0:armhf 1.16-10
2021-01-29 08:53:54 configure kmod:armhf 18-3 <none>
2021-01-29 08:53:54 status unpacked kmod:armhf 18-3
2021-01-29 08:53:54 status triggers-pending systemd:armhf 215-17+deb8u7
2021-01-29 08:53:54 status unpacked kmod:armhf 18-3
2021-01-29 08:53:54 status half-configured kmod:armhf 18-3
2021-01-29 08:53:55 status installed kmod:armhf 18-3
2021-01-29 08:53:55 configure libestr0:armhf 0.1.9-1.1 <none>
2021-01-29 08:53:55 status unpacked libestr0:armhf 0.1.9-1.1
2021-01-29 08:53:55 status half-configured libestr0:armhf 0.1.9-1.1
2021-01-29 08:53:55 status installed libestr0:armhf 0.1.9-1.1
2021-01-29 08:53:55 configure less:armhf 458-3 <none>
2021-01-29 08:53:55 status unpacked less:armhf 458-3
2021-01-29 08:53:55 status half-configured less:armhf 458-3
2021-01-29 08:53:57 status installed less:armhf 458-3
2021-01-29 08:53:57 configure libssl1.0.0:armhf 1.0.1t-1+deb8u8 <none>
2021-01-29 08:53:57 status unpacked libssl1.0.0:armhf 1.0.1t-1+deb8u8
2021-01-29 08:53:57 status half-configured libssl1.0.0:armhf 1.0.1t-1+deb8u8
2021-01-29 08:53:59 status installed libssl1.0.0:armhf 1.0.1t-1+deb8u8
2021-01-29 08:53:59 configure dmidecode:armhf 2.12-3 <none>
2021-01-29 08:53:59 status unpacked dmidecode:armhf 2.12-3
2021-01-29 08:53:59 status half-configured dmidecode:armhf 2.12-3
2021-01-29 08:53:59 status installed dmidecode:armhf 2.12-3
2021-01-29 08:53:59 configure gpgv:armhf 1.4.18-7+deb8u5 <none>
2021-01-29 08:53:59 status unpacked gpgv:armhf 1.4.18-7+deb8u5
2021-01-29 08:53:59 status half-configured gpgv:armhf 1.4.18-7+deb8u5
2021-01-29 08:53:59 status installed gpgv:armhf 1.4.18-7+deb8u5
2021-01-29 08:53:59 configure liblogging-stdlog0:armhf 1.0.4-1 <none>
2021-01-29 08:53:59 status unpacked liblogging-stdlog0:armhf 1.0.4-1
2021-01-29 08:53:59 status half-configured liblogging-stdlog0:armhf 1.0.4-1
2021-01-29 08:53:59 status installed liblogging-stdlog0:armhf 1.0.4-1
2021-01-29 08:53:59 configure netcat-traditional:armhf 1.10-41 <none>
2021-01-29 08:53:59 status unpacked netcat-traditional:armhf 1.10-41
2021-01-29 08:53:59 status half-configured netcat-traditional:armhf 1.10-41
2021-01-29 08:53:59 status installed netcat-traditional:armhf 1.10-41
2021-01-29 08:53:59 configure libpipeline1:armhf 1.4.0-1 <none>
2021-01-29 08:53:59 status unpacked libpipeline1:armhf 1.4.0-1
2021-01-29 08:53:59 status half-configured libpipeline1:armhf 1.4.0-1
2021-01-29 08:53:59 status installed libpipeline1:armhf 1.4.0-1
2021-01-29 08:53:59 configure iproute2:armhf 3.16.0-2 <none>
2021-01-29 08:53:59 status unpacked iproute2:armhf 3.16.0-2
2021-01-29 08:53:59 status unpacked iproute2:armhf 3.16.0-2
2021-01-29 08:53:59 status unpacked iproute2:armhf 3.16.0-2
2021-01-29 08:53:59 status unpacked iproute2:armhf 3.16.0-2
2021-01-29 08:53:59 status unpacked iproute2:armhf 3.16.0-2
2021-01-29 08:53:59 status unpacked iproute2:armhf 3.16.0-2
2021-01-29 08:53:59 status unpacked iproute2:armhf 3.16.0-2
2021-01-29 08:53:59 status unpacked iproute2:armhf 3.16.0-2
2021-01-29 08:53:59 status half-configured iproute2:armhf 3.16.0-2
2021-01-29 08:53:59 status installed iproute2:armhf 3.16.0-2
2021-01-29 08:53:59 configure libtasn1-6:armhf 4.2-3+deb8u3 <none>
2021-01-29 08:53:59 status unpacked libtasn1-6:armhf 4.2-3+deb8u3
2021-01-29 08:53:59 status half-configured libtasn1-6:armhf 4.2-3+deb8u3
2021-01-29 08:53:59 status installed libtasn1-6:armhf 4.2-3+deb8u3
2021-01-29 08:53:59 configure nano:armhf 2.2.6-3 <none>
2021-01-29 08:53:59 status unpacked nano:armhf 2.2.6-3
2021-01-29 08:53:59 status unpacked nano:armhf 2.2.6-3
2021-01-29 08:53:59 status half-configured nano:armhf 2.2.6-3
2021-01-29 08:54:00 status installed nano:armhf 2.2.6-3
2021-01-29 08:54:00 configure libgmp10:armhf 2:6.0.0+dfsg-6 <none>
2021-01-29 08:54:00 status unpacked libgmp10:armhf 2:6.0.0+dfsg-6
2021-01-29 08:54:00 status half-configured libgmp10:armhf 2:6.0.0+dfsg-6
2021-01-29 08:54:00 status installed libgmp10:armhf 2:6.0.0+dfsg-6
2021-01-29 08:54:00 configure libisc-export95:armhf 1:9.9.5.dfsg-9+deb8u15 <none>
2021-01-29 08:54:00 status unpacked libisc-export95:armhf 1:9.9.5.dfsg-9+deb8u15
2021-01-29 08:54:00 status half-configured libisc-export95:armhf 1:9.9.5.dfsg-9+deb8u15
2021-01-29 08:54:00 status installed libisc-export95:armhf 1:9.9.5.dfsg-9+deb8u15
2021-01-29 08:54:00 configure init-system-helpers:all 1.22 <none>
2021-01-29 08:54:00 status unpacked init-system-helpers:all 1.22
2021-01-29 08:54:00 status half-configured init-system-helpers:all 1.22
2021-01-29 08:54:00 status installed init-system-helpers:all 1.22
2021-01-29 08:54:00 configure libnettle4:armhf 2.7.1-5+deb8u2 <none>
2021-01-29 08:54:00 status unpacked libnettle4:armhf 2.7.1-5+deb8u2
2021-01-29 08:54:00 status half-configured libnettle4:armhf 2.7.1-5+deb8u2
2021-01-29 08:54:00 status installed libnettle4:armhf 2.7.1-5+deb8u2
2021-01-29 08:54:00 configure debian-archive-keyring:all 2017.5~deb8u1 <none>
2021-01-29 08:54:00 status unpacked debian-archive-keyring:all 2017.5~deb8u1
2021-01-29 08:54:00 status unpacked debian-archive-keyring:all 2017.5~deb8u1
2021-01-29 08:54:00 status unpacked debian-archive-keyring:all 2017.5~deb8u1
2021-01-29 08:54:00 status unpacked debian-archive-keyring:all 2017.5~deb8u1
2021-01-29 08:54:00 status unpacked debian-archive-keyring:all 2017.5~deb8u1
2021-01-29 08:54:00 status unpacked debian-archive-keyring:all 2017.5~deb8u1
2021-01-29 08:54:00 status unpacked debian-archive-keyring:all 2017.5~deb8u1
2021-01-29 08:54:00 status unpacked debian-archive-keyring:all 2017.5~deb8u1
2021-01-29 08:54:00 status unpacked debian-archive-keyring:all 2017.5~deb8u1
2021-01-29 08:54:00 status half-configured debian-archive-keyring:all 2017.5~deb8u1
2021-01-29 08:54:00 status installed debian-archive-keyring:all 2017.5~deb8u1
2021-01-29 08:54:00 configure vim-common:armhf 2:7.4.488-7+deb8u3 <none>
2021-01-29 08:54:00 status unpacked vim-common:armhf 2:7.4.488-7+deb8u3
2021-01-29 08:54:00 status unpacked vim-common:armhf 2:7.4.488-7+deb8u3
2021-01-29 08:54:00 status half-configured vim-common:armhf 2:7.4.488-7+deb8u3
2021-01-29 08:54:00 status installed vim-common:armhf 2:7.4.488-7+deb8u3
2021-01-29 08:54:00 configure libnfnetlink0:armhf 1.0.1-3 <none>
2021-01-29 08:54:00 status unpacked libnfnetlink0:armhf 1.0.1-3
2021-01-29 08:54:00 status half-configured libnfnetlink0:armhf 1.0.1-3
2021-01-29 08:54:01 status installed libnfnetlink0:armhf 1.0.1-3
2021-01-29 08:54:01 configure libstdc++6:armhf 4.9.2-10+deb8u1 <none>
2021-01-29 08:54:01 status unpacked libstdc++6:armhf 4.9.2-10+deb8u1
2021-01-29 08:54:01 status half-configured libstdc++6:armhf 4.9.2-10+deb8u1
2021-01-29 08:54:01 status installed libstdc++6:armhf 4.9.2-10+deb8u1
2021-01-29 08:54:01 configure libffi6:armhf 3.1-2+deb8u1 <none>
2021-01-29 08:54:01 status unpacked libffi6:armhf 3.1-2+deb8u1
2021-01-29 08:54:01 status half-configured libffi6:armhf 3.1-2+deb8u1
2021-01-29 08:54:01 status installed libffi6:armhf 3.1-2+deb8u1
2021-01-29 08:54:01 configure libnewt0.52:armhf 0.52.17-1+b1 <none>
2021-01-29 08:54:01 status unpacked libnewt0.52:armhf 0.52.17-1+b1
2021-01-29 08:54:01 status unpacked libnewt0.52:armhf 0.52.17-1+b1
2021-01-29 08:54:01 status half-configured libnewt0.52:armhf 0.52.17-1+b1
2021-01-29 08:54:01 status installed libnewt0.52:armhf 0.52.17-1+b1
2021-01-29 08:54:01 configure bsdmainutils:armhf 9.0.6 <none>
2021-01-29 08:54:01 status unpacked bsdmainutils:armhf 9.0.6
2021-01-29 08:54:01 status unpacked bsdmainutils:armhf 9.0.6
2021-01-29 08:54:01 status unpacked bsdmainutils:armhf 9.0.6
2021-01-29 08:54:01 status unpacked bsdmainutils:armhf 9.0.6
2021-01-29 08:54:01 status half-configured bsdmainutils:armhf 9.0.6
2021-01-29 08:54:01 status installed bsdmainutils:armhf 9.0.6
2021-01-29 08:54:01 configure net-tools:armhf 1.60-26+b1 <none>
2021-01-29 08:54:01 status unpacked net-tools:armhf 1.60-26+b1
2021-01-29 08:54:01 status half-configured net-tools:armhf 1.60-26+b1
2021-01-29 08:54:01 status installed net-tools:armhf 1.60-26+b1
2021-01-29 08:54:01 configure cron:armhf 3.0pl1-127+deb8u1 <none>
2021-01-29 08:54:01 status unpacked cron:armhf 3.0pl1-127+deb8u1
2021-01-29 08:54:01 status unpacked cron:armhf 3.0pl1-127+deb8u1
2021-01-29 08:54:01 status unpacked cron:armhf 3.0pl1-127+deb8u1
2021-01-29 08:54:01 status unpacked cron:armhf 3.0pl1-127+deb8u1
2021-01-29 08:54:01 status unpacked cron:armhf 3.0pl1-127+deb8u1
2021-01-29 08:54:01 status unpacked cron:armhf 3.0pl1-127+deb8u1
2021-01-29 08:54:01 status unpacked cron:armhf 3.0pl1-127+deb8u1
2021-01-29 08:54:01 status unpacked cron:armhf 3.0pl1-127+deb8u1
2021-01-29 08:54:01 status unpacked cron:armhf 3.0pl1-127+deb8u1
2021-01-29 08:54:01 status unpacked cron:armhf 3.0pl1-127+deb8u1
2021-01-29 08:54:01 status half-configured cron:armhf 3.0pl1-127+deb8u1
2021-01-29 08:54:06 status installed cron:armhf 3.0pl1-127+deb8u1
2021-01-29 08:54:06 configure libmnl0:armhf 1.0.3-5 <none>
2021-01-29 08:54:06 status unpacked libmnl0:armhf 1.0.3-5
2021-01-29 08:54:06 status half-configured libmnl0:armhf 1.0.3-5
2021-01-29 08:54:06 status installed libmnl0:armhf 1.0.3-5
2021-01-29 08:54:06 configure libapt-pkg4.12:armhf 1.0.9.8.4 <none>
2021-01-29 08:54:06 status unpacked libapt-pkg4.12:armhf 1.0.9.8.4
2021-01-29 08:54:06 status half-configured libapt-pkg4.12:armhf 1.0.9.8.4
2021-01-29 08:54:06 status installed libapt-pkg4.12:armhf 1.0.9.8.4
2021-01-29 08:54:06 configure libusb-0.1-4:armhf 2:0.1.12-25 <none>
2021-01-29 08:54:06 status unpacked libusb-0.1-4:armhf 2:0.1.12-25
2021-01-29 08:54:06 status half-configured libusb-0.1-4:armhf 2:0.1.12-25
2021-01-29 08:54:06 status installed libusb-0.1-4:armhf 2:0.1.12-25
2021-01-29 08:54:06 configure traceroute:armhf 1:2.0.20-2+b1 <none>
2021-01-29 08:54:06 status unpacked traceroute:armhf 1:2.0.20-2+b1
2021-01-29 08:54:06 status half-configured traceroute:armhf 1:2.0.20-2+b1
2021-01-29 08:54:06 status installed traceroute:armhf 1:2.0.20-2+b1
2021-01-29 08:54:06 configure logrotate:armhf 3.8.7-1+b1 <none>
2021-01-29 08:54:06 status unpacked logrotate:armhf 3.8.7-1+b1
2021-01-29 08:54:06 status unpacked logrotate:armhf 3.8.7-1+b1
2021-01-29 08:54:06 status unpacked logrotate:armhf 3.8.7-1+b1
2021-01-29 08:54:06 status half-configured logrotate:armhf 3.8.7-1+b1
2021-01-29 08:54:06 status installed logrotate:armhf 3.8.7-1+b1
2021-01-29 08:54:06 configure libidn11:armhf 1.29-1+deb8u2 <none>
2021-01-29 08:54:06 status unpacked libidn11:armhf 1.29-1+deb8u2
2021-01-29 08:54:06 status half-configured libidn11:armhf 1.29-1+deb8u2
2021-01-29 08:54:07 status installed libidn11:armhf 1.29-1+deb8u2
2021-01-29 08:54:07 configure libreadline6:armhf 6.3-8+b3 <none>
2021-01-29 08:54:07 status unpacked libreadline6:armhf 6.3-8+b3
2021-01-29 08:54:07 status half-configured libreadline6:armhf 6.3-8+b3
2021-01-29 08:54:07 status installed libreadline6:armhf 6.3-8+b3
2021-01-29 08:54:07 configure libjson-c2:armhf 0.11-4 <none>
2021-01-29 08:54:07 status unpacked libjson-c2:armhf 0.11-4
2021-01-29 08:54:07 status half-configured libjson-c2:armhf 0.11-4
2021-01-29 08:54:07 status installed libjson-c2:armhf 0.11-4
2021-01-29 08:54:07 configure libicu52:armhf 52.1-8+deb8u7 <none>
2021-01-29 08:54:07 status unpacked libicu52:armhf 52.1-8+deb8u7
2021-01-29 08:54:07 status half-configured libicu52:armhf 52.1-8+deb8u7
2021-01-29 08:54:07 status installed libicu52:armhf 52.1-8+deb8u7
2021-01-29 08:54:07 configure netbase:all 5.3 <none>
2021-01-29 08:54:07 status unpacked netbase:all 5.3
2021-01-29 08:54:07 status unpacked netbase:all 5.3
2021-01-29 08:54:07 status unpacked netbase:all 5.3
2021-01-29 08:54:07 status unpacked netbase:all 5.3
2021-01-29 08:54:07 status half-configured netbase:all 5.3
2021-01-29 08:54:07 status installed netbase:all 5.3
2021-01-29 08:54:07 configure vim-tiny:armhf 2:7.4.488-7+deb8u3 <none>
2021-01-29 08:54:07 status unpacked vim-tiny:armhf 2:7.4.488-7+deb8u3
2021-01-29 08:54:07 status unpacked vim-tiny:armhf 2:7.4.488-7+deb8u3
2021-01-29 08:54:07 status half-configured vim-tiny:armhf 2:7.4.488-7+deb8u3
2021-01-29 08:54:07 status installed vim-tiny:armhf 2:7.4.488-7+deb8u3
2021-01-29 08:54:07 configure libhogweed2:armhf 2.7.1-5+deb8u2 <none>
2021-01-29 08:54:07 status unpacked libhogweed2:armhf 2.7.1-5+deb8u2
2021-01-29 08:54:07 status half-configured libhogweed2:armhf 2.7.1-5+deb8u2
2021-01-29 08:54:08 status installed libhogweed2:armhf 2.7.1-5+deb8u2
2021-01-29 08:54:08 configure ifupdown:armhf 0.7.53.1 <none>
2021-01-29 08:54:08 status unpacked ifupdown:armhf 0.7.53.1
2021-01-29 08:54:08 status unpacked ifupdown:armhf 0.7.53.1
2021-01-29 08:54:08 status unpacked ifupdown:armhf 0.7.53.1
2021-01-29 08:54:08 status unpacked ifupdown:armhf 0.7.53.1
2021-01-29 08:54:08 status unpacked ifupdown:armhf 0.7.53.1
2021-01-29 08:54:08 status unpacked ifupdown:armhf 0.7.53.1
2021-01-29 08:54:08 status unpacked ifupdown:armhf 0.7.53.1
2021-01-29 08:54:08 status unpacked ifupdown:armhf 0.7.53.1
2021-01-29 08:54:08 status unpacked ifupdown:armhf 0.7.53.1
2021-01-29 08:54:08 status half-configured ifupdown:armhf 0.7.53.1
2021-01-29 08:54:10 status installed ifupdown:armhf 0.7.53.1
2021-01-29 08:54:10 configure libisccfg-export90:armhf 1:9.9.5.dfsg-9+deb8u15 <none>
2021-01-29 08:54:10 status unpacked libisccfg-export90:armhf 1:9.9.5.dfsg-9+deb8u15
2021-01-29 08:54:10 status half-configured libisccfg-export90:armhf 1:9.9.5.dfsg-9+deb8u15
2021-01-29 08:54:10 status installed libisccfg-export90:armhf 1:9.9.5.dfsg-9+deb8u15
2021-01-29 08:54:10 configure libsigc++-2.0-0c2a:armhf 2.4.0-1 <none>
2021-01-29 08:54:10 status unpacked libsigc++-2.0-0c2a:armhf 2.4.0-1
2021-01-29 08:54:10 status half-configured libsigc++-2.0-0c2a:armhf 2.4.0-1
2021-01-29 08:54:10 status installed libsigc++-2.0-0c2a:armhf 2.4.0-1
2021-01-29 08:54:10 configure groff-base:armhf 1.22.2-8 <none>
2021-01-29 08:54:10 status unpacked groff-base:armhf 1.22.2-8
2021-01-29 08:54:10 status unpacked groff-base:armhf 1.22.2-8
2021-01-29 08:54:10 status unpacked groff-base:armhf 1.22.2-8
2021-01-29 08:54:10 status half-configured groff-base:armhf 1.22.2-8
2021-01-29 08:54:10 status installed groff-base:armhf 1.22.2-8
2021-01-29 08:54:10 configure liblognorm1:armhf 1.0.1-3 <none>
2021-01-29 08:54:10 status unpacked liblognorm1:armhf 1.0.1-3
2021-01-29 08:54:10 status half-configured liblognorm1:armhf 1.0.1-3
2021-01-29 08:54:10 status installed liblognorm1:armhf 1.0.1-3
2021-01-29 08:54:10 configure whiptail:armhf 0.52.17-1+b1 <none>
2021-01-29 08:54:10 status unpacked whiptail:armhf 0.52.17-1+b1
2021-01-29 08:54:10 status unpacked whiptail:armhf 0.52.17-1+b1
2021-01-29 08:54:10 status half-configured whiptail:armhf 0.52.17-1+b1
2021-01-29 08:54:10 status installed whiptail:armhf 0.52.17-1+b1
2021-01-29 08:54:10 configure gnupg:armhf 1.4.18-7+deb8u5 <none>
2021-01-29 08:54:10 status unpacked gnupg:armhf 1.4.18-7+deb8u5
2021-01-29 08:54:10 status half-configured gnupg:armhf 1.4.18-7+deb8u5
2021-01-29 08:54:10 status installed gnupg:armhf 1.4.18-7+deb8u5
2021-01-29 08:54:10 configure libpsl0:armhf 0.5.1-1 <none>
2021-01-29 08:54:10 status unpacked libpsl0:armhf 0.5.1-1
2021-01-29 08:54:10 status half-configured libpsl0:armhf 0.5.1-1
2021-01-29 08:54:11 status installed libpsl0:armhf 0.5.1-1
2021-01-29 08:54:11 configure libboost-iostreams1.55.0:armhf 1.55.0+dfsg-3 <none>
2021-01-29 08:54:11 status unpacked libboost-iostreams1.55.0:armhf 1.55.0+dfsg-3
2021-01-29 08:54:11 status half-configured libboost-iostreams1.55.0:armhf 1.55.0+dfsg-3
2021-01-29 08:54:11 status installed libboost-iostreams1.55.0:armhf 1.55.0+dfsg-3
2021-01-29 08:54:11 configure libdns-export100:armhf 1:9.9.5.dfsg-9+deb8u15 <none>
2021-01-29 08:54:11 status unpacked libdns-export100:armhf 1:9.9.5.dfsg-9+deb8u15
2021-01-29 08:54:11 status half-configured libdns-export100:armhf 1:9.9.5.dfsg-9+deb8u15
2021-01-29 08:54:11 status installed libdns-export100:armhf 1:9.9.5.dfsg-9+deb8u15
2021-01-29 08:54:11 configure iptables:armhf 1.4.21-2+b1 <none>
2021-01-29 08:54:11 status unpacked iptables:armhf 1.4.21-2+b1
2021-01-29 08:54:11 status half-configured iptables:armhf 1.4.21-2+b1
2021-01-29 08:54:11 status installed iptables:armhf 1.4.21-2+b1
2021-01-29 08:54:11 configure libapt-inst1.5:armhf 1.0.9.8.4 <none>
2021-01-29 08:54:11 status unpacked libapt-inst1.5:armhf 1.0.9.8.4
2021-01-29 08:54:11 status half-configured libapt-inst1.5:armhf 1.0.9.8.4
2021-01-29 08:54:11 status installed libapt-inst1.5:armhf 1.0.9.8.4
2021-01-29 08:54:11 configure libp11-kit0:armhf 0.20.7-1 <none>
2021-01-29 08:54:11 status unpacked libp11-kit0:armhf 0.20.7-1
2021-01-29 08:54:11 status half-configured libp11-kit0:armhf 0.20.7-1
2021-01-29 08:54:11 status installed libp11-kit0:armhf 0.20.7-1
2021-01-29 08:54:11 configure libgnutls-deb0-28:armhf 3.3.8-6+deb8u7 <none>
2021-01-29 08:54:11 status unpacked libgnutls-deb0-28:armhf 3.3.8-6+deb8u7
2021-01-29 08:54:11 status half-configured libgnutls-deb0-28:armhf 3.3.8-6+deb8u7
2021-01-29 08:54:12 status installed libgnutls-deb0-28:armhf 3.3.8-6+deb8u7
2021-01-29 08:54:12 configure wget:armhf 1.16-1+deb8u5 <none>
2021-01-29 08:54:12 status unpacked wget:armhf 1.16-1+deb8u5
2021-01-29 08:54:12 status unpacked wget:armhf 1.16-1+deb8u5
2021-01-29 08:54:12 status half-configured wget:armhf 1.16-1+deb8u5
2021-01-29 08:54:12 status installed wget:armhf 1.16-1+deb8u5
2021-01-29 08:54:12 configure apt:armhf 1.0.9.8.4 <none>
2021-01-29 08:54:12 status unpacked apt:armhf 1.0.9.8.4
2021-01-29 08:54:12 status unpacked apt:armhf 1.0.9.8.4
2021-01-29 08:54:12 status unpacked apt:armhf 1.0.9.8.4
2021-01-29 08:54:12 status unpacked apt:armhf 1.0.9.8.4
2021-01-29 08:54:12 status unpacked apt:armhf 1.0.9.8.4
2021-01-29 08:54:12 status half-configured apt:armhf 1.0.9.8.4
2021-01-29 08:54:19 status installed apt:armhf 1.0.9.8.4
2021-01-29 08:54:19 configure man-db:armhf 2.7.0.2-5 <none>
2021-01-29 08:54:19 status unpacked man-db:armhf 2.7.0.2-5
2021-01-29 08:54:19 status unpacked man-db:armhf 2.7.0.2-5
2021-01-29 08:54:19 status unpacked man-db:armhf 2.7.0.2-5
2021-01-29 08:54:19 status unpacked man-db:armhf 2.7.0.2-5
2021-01-29 08:54:19 status half-configured man-db:armhf 2.7.0.2-5
2021-01-29 08:55:23 status installed man-db:armhf 2.7.0.2-5
2021-01-29 08:55:23 configure libnetfilter-acct1:armhf 1.0.2-1.1 <none>
2021-01-29 08:55:23 status unpacked libnetfilter-acct1:armhf 1.0.2-1.1
2021-01-29 08:55:23 status half-configured libnetfilter-acct1:armhf 1.0.2-1.1
2021-01-29 08:55:23 status installed libnetfilter-acct1:armhf 1.0.2-1.1
2021-01-29 08:55:23 configure rsyslog:armhf 8.4.2-1+deb8u2 <none>
2021-01-29 08:55:23 status unpacked rsyslog:armhf 8.4.2-1+deb8u2
2021-01-29 08:55:23 status unpacked rsyslog:armhf 8.4.2-1+deb8u2
2021-01-29 08:55:23 status unpacked rsyslog:armhf 8.4.2-1+deb8u2
2021-01-29 08:55:23 status unpacked rsyslog:armhf 8.4.2-1+deb8u2
2021-01-29 08:55:23 status unpacked rsyslog:armhf 8.4.2-1+deb8u2
2021-01-29 08:55:23 status unpacked rsyslog:armhf 8.4.2-1+deb8u2
2021-01-29 08:55:23 status half-configured rsyslog:armhf 8.4.2-1+deb8u2
2021-01-29 08:55:26 status installed rsyslog:armhf 8.4.2-1+deb8u2
2021-01-29 08:55:26 configure nfacct:armhf 1.0.1-1.1 <none>
2021-01-29 08:55:26 status unpacked nfacct:armhf 1.0.1-1.1
2021-01-29 08:55:26 status half-configured nfacct:armhf 1.0.1-1.1
2021-01-29 08:55:26 status installed nfacct:armhf 1.0.1-1.1
2021-01-29 08:55:26 configure apt-utils:armhf 1.0.9.8.4 <none>
2021-01-29 08:55:26 status unpacked apt-utils:armhf 1.0.9.8.4
2021-01-29 08:55:26 status half-configured apt-utils:armhf 1.0.9.8.4
2021-01-29 08:55:26 status installed apt-utils:armhf 1.0.9.8.4
2021-01-29 08:55:26 configure libirs-export91:armhf 1:9.9.5.dfsg-9+deb8u15 <none>
2021-01-29 08:55:26 status unpacked libirs-export91:armhf 1:9.9.5.dfsg-9+deb8u15
2021-01-29 08:55:26 status half-configured libirs-export91:armhf 1:9.9.5.dfsg-9+deb8u15
2021-01-29 08:55:26 status installed libirs-export91:armhf 1:9.9.5.dfsg-9+deb8u15
2021-01-29 08:55:26 configure libgnutls-openssl27:armhf 3.3.8-6+deb8u7 <none>
2021-01-29 08:55:26 status unpacked libgnutls-openssl27:armhf 3.3.8-6+deb8u7
2021-01-29 08:55:26 status half-configured libgnutls-openssl27:armhf 3.3.8-6+deb8u7
2021-01-29 08:55:26 status installed libgnutls-openssl27:armhf 3.3.8-6+deb8u7
2021-01-29 08:55:26 configure iputils-ping:armhf 3:20121221-5+b2 <none>
2021-01-29 08:55:26 status unpacked iputils-ping:armhf 3:20121221-5+b2
2021-01-29 08:55:26 status half-configured iputils-ping:armhf 3:20121221-5+b2
2021-01-29 08:55:26 status installed iputils-ping:armhf 3:20121221-5+b2
2021-01-29 08:55:26 configure isc-dhcp-common:armhf 4.3.1-6+deb8u3 <none>
2021-01-29 08:55:26 status unpacked isc-dhcp-common:armhf 4.3.1-6+deb8u3
2021-01-29 08:55:26 status half-configured isc-dhcp-common:armhf 4.3.1-6+deb8u3
2021-01-29 08:55:26 status installed isc-dhcp-common:armhf 4.3.1-6+deb8u3
2021-01-29 08:55:26 configure isc-dhcp-client:armhf 4.3.1-6+deb8u3 <none>
2021-01-29 08:55:26 status unpacked isc-dhcp-client:armhf 4.3.1-6+deb8u3
2021-01-29 08:55:26 status unpacked isc-dhcp-client:armhf 4.3.1-6+deb8u3
2021-01-29 08:55:26 status unpacked isc-dhcp-client:armhf 4.3.1-6+deb8u3
2021-01-29 08:55:26 status unpacked isc-dhcp-client:armhf 4.3.1-6+deb8u3
2021-01-29 08:55:26 status unpacked isc-dhcp-client:armhf 4.3.1-6+deb8u3
2021-01-29 08:55:26 status half-configured isc-dhcp-client:armhf 4.3.1-6+deb8u3
2021-01-29 08:55:28 status installed isc-dhcp-client:armhf 4.3.1-6+deb8u3
2021-01-29 08:55:28 configure tasksel:all 3.31+deb8u1 <none>
2021-01-29 08:55:28 status unpacked tasksel:all 3.31+deb8u1
2021-01-29 08:55:28 status half-configured tasksel:all 3.31+deb8u1
2021-01-29 08:55:30 status installed tasksel:all 3.31+deb8u1
2021-01-29 08:55:30 configure tasksel-data:all 3.31+deb8u1 <none>
2021-01-29 08:55:30 status unpacked tasksel-data:all 3.31+deb8u1
2021-01-29 08:55:30 status half-configured tasksel-data:all 3.31+deb8u1
2021-01-29 08:55:30 status installed tasksel-data:all 3.31+deb8u1
2021-01-29 08:55:30 trigproc libc-bin:armhf 2.19-18+deb8u10 <none>
2021-01-29 08:55:30 status half-configured libc-bin:armhf 2.19-18+deb8u10
2021-01-29 08:55:30 status installed libc-bin:armhf 2.19-18+deb8u10
2021-01-29 08:55:30 trigproc systemd:armhf 215-17+deb8u7 <none>
2021-01-29 08:55:30 status half-configured systemd:armhf 215-17+deb8u7
2021-01-29 08:55:30 status installed systemd:armhf 215-17+deb8u7
2021-01-29 08:57:54 startup archives unpack
2021-01-29 08:57:54 install libbsd0:armhf <none> 0.7.0-2
2021-01-29 08:57:54 status half-installed libbsd0:armhf 0.7.0-2
2021-01-29 08:57:54 status unpacked libbsd0:armhf 0.7.0-2
2021-01-29 08:57:54 status unpacked libbsd0:armhf 0.7.0-2
2021-01-29 08:57:54 install libedit2:armhf <none> 3.1-20140620-2
2021-01-29 08:57:54 status half-installed libedit2:armhf 3.1-20140620-2
2021-01-29 08:57:55 status unpacked libedit2:armhf 3.1-20140620-2
2021-01-29 08:57:55 status unpacked libedit2:armhf 3.1-20140620-2
2021-01-29 08:57:55 install perl-modules:all <none> 5.20.2-3+deb8u11
2021-01-29 08:57:55 status half-installed perl-modules:all 5.20.2-3+deb8u11
2021-01-29 08:57:57 status unpacked perl-modules:all 5.20.2-3+deb8u11
2021-01-29 08:57:57 status unpacked perl-modules:all 5.20.2-3+deb8u11
2021-01-29 08:57:57 install perl:armhf <none> 5.20.2-3+deb8u11
2021-01-29 08:57:57 status half-installed perl:armhf 5.20.2-3+deb8u11
2021-01-29 08:57:57 status triggers-pending man-db:armhf 2.7.0.2-5
2021-01-29 08:57:59 status unpacked perl:armhf 5.20.2-3+deb8u11
2021-01-29 08:57:59 status unpacked perl:armhf 5.20.2-3+deb8u11
2021-01-29 08:57:59 install libopts25:armhf <none> 1:5.18.4-3
2021-01-29 08:57:59 status half-installed libopts25:armhf 1:5.18.4-3
2021-01-29 08:58:00 status unpacked libopts25:armhf 1:5.18.4-3
2021-01-29 08:58:00 status unpacked libopts25:armhf 1:5.18.4-3
2021-01-29 08:58:00 install ntp:armhf <none> 1:4.2.6.p5+dfsg-7+deb8u2
2021-01-29 08:58:00 status half-installed ntp:armhf 1:4.2.6.p5+dfsg-7+deb8u2
2021-01-29 08:58:00 status triggers-pending systemd:armhf 215-17+deb8u7
2021-01-29 08:58:01 status unpacked ntp:armhf 1:4.2.6.p5+dfsg-7+deb8u2
2021-01-29 08:58:01 status unpacked ntp:armhf 1:4.2.6.p5+dfsg-7+deb8u2
2021-01-29 08:58:01 install libalgorithm-c3-perl:all <none> 0.09-1
2021-01-29 08:58:01 status half-installed libalgorithm-c3-perl:all 0.09-1
2021-01-29 08:58:01 status unpacked libalgorithm-c3-perl:all 0.09-1
2021-01-29 08:58:01 status unpacked libalgorithm-c3-perl:all 0.09-1
2021-01-29 08:58:01 install libarchive-extract-perl:all <none> 0.72-1
2021-01-29 08:58:01 status half-installed libarchive-extract-perl:all 0.72-1
2021-01-29 08:58:01 status unpacked libarchive-extract-perl:all 0.72-1
2021-01-29 08:58:01 status unpacked libarchive-extract-perl:all 0.72-1
2021-01-29 08:58:01 install libcgi-pm-perl:all <none> 4.09-1
2021-01-29 08:58:01 status half-installed libcgi-pm-perl:all 4.09-1
2021-01-29 08:58:02 status unpacked libcgi-pm-perl:all 4.09-1
2021-01-29 08:58:02 status unpacked libcgi-pm-perl:all 4.09-1
2021-01-29 08:58:02 install libfcgi-perl:armhf <none> 0.77-1+deb8u1
2021-01-29 08:58:02 status half-installed libfcgi-perl:armhf 0.77-1+deb8u1
2021-01-29 08:58:02 status unpacked libfcgi-perl:armhf 0.77-1+deb8u1
2021-01-29 08:58:02 status unpacked libfcgi-perl:armhf 0.77-1+deb8u1
2021-01-29 08:58:02 install libcgi-fast-perl:all <none> 1:2.04-1
2021-01-29 08:58:02 status half-installed libcgi-fast-perl:all 1:2.04-1
2021-01-29 08:58:02 status unpacked libcgi-fast-perl:all 1:2.04-1
2021-01-29 08:58:02 status unpacked libcgi-fast-perl:all 1:2.04-1
2021-01-29 08:58:02 install libclass-c3-perl:all <none> 0.26-1
2021-01-29 08:58:02 status half-installed libclass-c3-perl:all 0.26-1
2021-01-29 08:58:02 status unpacked libclass-c3-perl:all 0.26-1
2021-01-29 08:58:02 status unpacked libclass-c3-perl:all 0.26-1
2021-01-29 08:58:02 install libclass-c3-xs-perl:armhf <none> 0.13-2+b1
2021-01-29 08:58:02 status half-installed libclass-c3-xs-perl:armhf 0.13-2+b1
2021-01-29 08:58:03 status unpacked libclass-c3-xs-perl:armhf 0.13-2+b1
2021-01-29 08:58:03 status unpacked libclass-c3-xs-perl:armhf 0.13-2+b1
2021-01-29 08:58:03 install libcpan-meta-perl:all <none> 2.142690-1
2021-01-29 08:58:03 status half-installed libcpan-meta-perl:all 2.142690-1
2021-01-29 08:58:03 status unpacked libcpan-meta-perl:all 2.142690-1
2021-01-29 08:58:03 status unpacked libcpan-meta-perl:all 2.142690-1
2021-01-29 08:58:03 install libparams-util-perl:armhf <none> 1.07-2+b1
2021-01-29 08:58:03 status half-installed libparams-util-perl:armhf 1.07-2+b1
2021-01-29 08:58:03 status unpacked libparams-util-perl:armhf 1.07-2+b1
2021-01-29 08:58:03 status unpacked libparams-util-perl:armhf 1.07-2+b1
2021-01-29 08:58:03 install libsub-install-perl:all <none> 0.928-1
2021-01-29 08:58:03 status half-installed libsub-install-perl:all 0.928-1
2021-01-29 08:58:03 status unpacked libsub-install-perl:all 0.928-1
2021-01-29 08:58:03 status unpacked libsub-install-perl:all 0.928-1
2021-01-29 08:58:04 install libdata-optlist-perl:all <none> 0.109-1
2021-01-29 08:58:04 status half-installed libdata-optlist-perl:all 0.109-1
2021-01-29 08:58:04 status unpacked libdata-optlist-perl:all 0.109-1
2021-01-29 08:58:04 status unpacked libdata-optlist-perl:all 0.109-1
2021-01-29 08:58:04 install libmro-compat-perl:all <none> 0.12-1
2021-01-29 08:58:04 status half-installed libmro-compat-perl:all 0.12-1
2021-01-29 08:58:04 status unpacked libmro-compat-perl:all 0.12-1
2021-01-29 08:58:04 status unpacked libmro-compat-perl:all 0.12-1
2021-01-29 08:58:04 install libsub-exporter-perl:all <none> 0.986-1
2021-01-29 08:58:04 status half-installed libsub-exporter-perl:all 0.986-1
2021-01-29 08:58:04 status unpacked libsub-exporter-perl:all 0.986-1
2021-01-29 08:58:04 status unpacked libsub-exporter-perl:all 0.986-1
2021-01-29 08:58:04 install libdata-section-perl:all <none> 0.200006-1
2021-01-29 08:58:04 status half-installed libdata-section-perl:all 0.200006-1
2021-01-29 08:58:04 status unpacked libdata-section-perl:all 0.200006-1
2021-01-29 08:58:04 status unpacked libdata-section-perl:all 0.200006-1
2021-01-29 08:58:05 install liblog-message-perl:all <none> 0.8-1
2021-01-29 08:58:05 status half-installed liblog-message-perl:all 0.8-1
2021-01-29 08:58:05 status unpacked liblog-message-perl:all 0.8-1
2021-01-29 08:58:05 status unpacked liblog-message-perl:all 0.8-1
2021-01-29 08:58:05 install liblog-message-simple-perl:all <none> 0.10-2
2021-01-29 08:58:05 status half-installed liblog-message-simple-perl:all 0.10-2
2021-01-29 08:58:05 status unpacked liblog-message-simple-perl:all 0.10-2
2021-01-29 08:58:05 status unpacked liblog-message-simple-perl:all 0.10-2
2021-01-29 08:58:05 install libmodule-build-perl:all <none> 0.421000-2+deb8u1
2021-01-29 08:58:05 status half-installed libmodule-build-perl:all 0.421000-2+deb8u1
2021-01-29 08:58:06 status unpacked libmodule-build-perl:all 0.421000-2+deb8u1
2021-01-29 08:58:06 status unpacked libmodule-build-perl:all 0.421000-2+deb8u1
2021-01-29 08:58:06 install libmodule-pluggable-perl:all <none> 5.1-1
2021-01-29 08:58:06 status half-installed libmodule-pluggable-perl:all 5.1-1
2021-01-29 08:58:06 status unpacked libmodule-pluggable-perl:all 5.1-1
2021-01-29 08:58:06 status unpacked libmodule-pluggable-perl:all 5.1-1
2021-01-29 08:58:06 install libmodule-signature-perl:all <none> 0.73-1+deb8u2
2021-01-29 08:58:06 status half-installed libmodule-signature-perl:all 0.73-1+deb8u2
2021-01-29 08:58:06 status unpacked libmodule-signature-perl:all 0.73-1+deb8u2
2021-01-29 08:58:06 status unpacked libmodule-signature-perl:all 0.73-1+deb8u2
2021-01-29 08:58:06 install libpackage-constants-perl:all <none> 0.04-1
2021-01-29 08:58:06 status half-installed libpackage-constants-perl:all 0.04-1
2021-01-29 08:58:06 status unpacked libpackage-constants-perl:all 0.04-1
2021-01-29 08:58:06 status unpacked libpackage-constants-perl:all 0.04-1
2021-01-29 08:58:07 install libpod-latex-perl:all <none> 0.61-1
2021-01-29 08:58:07 status half-installed libpod-latex-perl:all 0.61-1
2021-01-29 08:58:07 status unpacked libpod-latex-perl:all 0.61-1
2021-01-29 08:58:07 status unpacked libpod-latex-perl:all 0.61-1
2021-01-29 08:58:07 install libregexp-common-perl:all <none> 2013031301-1
2021-01-29 08:58:07 status half-installed libregexp-common-perl:all 2013031301-1
2021-01-29 08:58:07 status unpacked libregexp-common-perl:all 2013031301-1
2021-01-29 08:58:07 status unpacked libregexp-common-perl:all 2013031301-1
2021-01-29 08:58:07 install libpod-readme-perl:all <none> 0.11-1
2021-01-29 08:58:07 status half-installed libpod-readme-perl:all 0.11-1
2021-01-29 08:58:07 status unpacked libpod-readme-perl:all 0.11-1
2021-01-29 08:58:07 status unpacked libpod-readme-perl:all 0.11-1
2021-01-29 08:58:08 install libtext-template-perl:all <none> 1.46-1
2021-01-29 08:58:08 status half-installed libtext-template-perl:all 1.46-1
2021-01-29 08:58:08 status unpacked libtext-template-perl:all 1.46-1
2021-01-29 08:58:08 status unpacked libtext-template-perl:all 1.46-1
2021-01-29 08:58:08 install libsoftware-license-perl:all <none> 0.103010-3
2021-01-29 08:58:08 status half-installed libsoftware-license-perl:all 0.103010-3
2021-01-29 08:58:08 status unpacked libsoftware-license-perl:all 0.103010-3
2021-01-29 08:58:08 status unpacked libsoftware-license-perl:all 0.103010-3
2021-01-29 08:58:08 install libterm-ui-perl:all <none> 0.42-1
2021-01-29 08:58:08 status half-installed libterm-ui-perl:all 0.42-1
2021-01-29 08:58:08 status unpacked libterm-ui-perl:all 0.42-1
2021-01-29 08:58:08 status unpacked libterm-ui-perl:all 0.42-1
2021-01-29 08:58:09 install libtext-soundex-perl:armhf <none> 3.4-1+b2
2021-01-29 08:58:09 status half-installed libtext-soundex-perl:armhf 3.4-1+b2
2021-01-29 08:58:09 status unpacked libtext-soundex-perl:armhf 3.4-1+b2
2021-01-29 08:58:09 status unpacked libtext-soundex-perl:armhf 3.4-1+b2
2021-01-29 08:58:09 install rename:all <none> 0.20-3
2021-01-29 08:58:09 status half-installed rename:all 0.20-3
2021-01-29 08:58:09 status unpacked rename:all 0.20-3
2021-01-29 08:58:09 status unpacked rename:all 0.20-3
2021-01-29 08:58:09 trigproc man-db:armhf 2.7.0.2-5 <none>
2021-01-29 08:58:09 status half-configured man-db:armhf 2.7.0.2-5
2021-01-29 08:58:19 status installed man-db:armhf 2.7.0.2-5
2021-01-29 08:58:19 trigproc systemd:armhf 215-17+deb8u7 <none>
2021-01-29 08:58:19 status half-configured systemd:armhf 215-17+deb8u7
2021-01-29 08:58:19 status installed systemd:armhf 215-17+deb8u7
2021-01-29 08:58:20 startup packages configure
2021-01-29 08:58:20 configure libbsd0:armhf 0.7.0-2 <none>
2021-01-29 08:58:20 status unpacked libbsd0:armhf 0.7.0-2
2021-01-29 08:58:20 status half-configured libbsd0:armhf 0.7.0-2
2021-01-29 08:58:21 status installed libbsd0:armhf 0.7.0-2
2021-01-29 08:58:21 status triggers-pending libc-bin:armhf 2.19-18+deb8u10
2021-01-29 08:58:21 configure libedit2:armhf 3.1-20140620-2 <none>
2021-01-29 08:58:21 status unpacked libedit2:armhf 3.1-20140620-2
2021-01-29 08:58:21 status half-configured libedit2:armhf 3.1-20140620-2
2021-01-29 08:58:21 status installed libedit2:armhf 3.1-20140620-2
2021-01-29 08:58:21 configure perl-modules:all 5.20.2-3+deb8u11 <none>
2021-01-29 08:58:21 status unpacked perl-modules:all 5.20.2-3+deb8u11
2021-01-29 08:58:21 status unpacked perl-modules:all 5.20.2-3+deb8u11
2021-01-29 08:58:21 status unpacked perl-modules:all 5.20.2-3+deb8u11
2021-01-29 08:58:21 status half-configured perl-modules:all 5.20.2-3+deb8u11
2021-01-29 08:58:21 status installed perl-modules:all 5.20.2-3+deb8u11
2021-01-29 08:58:21 configure perl:armhf 5.20.2-3+deb8u11 <none>
2021-01-29 08:58:21 status unpacked perl:armhf 5.20.2-3+deb8u11
2021-01-29 08:58:21 status half-configured perl:armhf 5.20.2-3+deb8u11
2021-01-29 08:58:21 status installed perl:armhf 5.20.2-3+deb8u11
2021-01-29 08:58:21 configure libopts25:armhf 1:5.18.4-3 <none>
2021-01-29 08:58:21 status unpacked libopts25:armhf 1:5.18.4-3
2021-01-29 08:58:21 status half-configured libopts25:armhf 1:5.18.4-3
2021-01-29 08:58:21 status installed libopts25:armhf 1:5.18.4-3
2021-01-29 08:58:21 configure ntp:armhf 1:4.2.6.p5+dfsg-7+deb8u2 <none>
2021-01-29 08:58:21 status unpacked ntp:armhf 1:4.2.6.p5+dfsg-7+deb8u2
2021-01-29 08:58:21 status unpacked ntp:armhf 1:4.2.6.p5+dfsg-7+deb8u2
2021-01-29 08:58:21 status unpacked ntp:armhf 1:4.2.6.p5+dfsg-7+deb8u2
2021-01-29 08:58:21 status unpacked ntp:armhf 1:4.2.6.p5+dfsg-7+deb8u2
2021-01-29 08:58:21 status triggers-pending systemd:armhf 215-17+deb8u7
2021-01-29 08:58:21 status unpacked ntp:armhf 1:4.2.6.p5+dfsg-7+deb8u2
2021-01-29 08:58:21 status unpacked ntp:armhf 1:4.2.6.p5+dfsg-7+deb8u2
2021-01-29 08:58:21 status half-configured ntp:armhf 1:4.2.6.p5+dfsg-7+deb8u2
2021-01-29 08:58:24 status installed ntp:armhf 1:4.2.6.p5+dfsg-7+deb8u2
2021-01-29 08:58:24 configure libalgorithm-c3-perl:all 0.09-1 <none>
2021-01-29 08:58:24 status unpacked libalgorithm-c3-perl:all 0.09-1
2021-01-29 08:58:24 status half-configured libalgorithm-c3-perl:all 0.09-1
2021-01-29 08:58:24 status installed libalgorithm-c3-perl:all 0.09-1
2021-01-29 08:58:24 configure libarchive-extract-perl:all 0.72-1 <none>
2021-01-29 08:58:24 status unpacked libarchive-extract-perl:all 0.72-1
2021-01-29 08:58:24 status half-configured libarchive-extract-perl:all 0.72-1
2021-01-29 08:58:24 status installed libarchive-extract-perl:all 0.72-1
2021-01-29 08:58:24 configure libcgi-pm-perl:all 4.09-1 <none>
2021-01-29 08:58:24 status unpacked libcgi-pm-perl:all 4.09-1
2021-01-29 08:58:24 status half-configured libcgi-pm-perl:all 4.09-1
2021-01-29 08:58:24 status installed libcgi-pm-perl:all 4.09-1
2021-01-29 08:58:24 configure libfcgi-perl:armhf 0.77-1+deb8u1 <none>
2021-01-29 08:58:24 status unpacked libfcgi-perl:armhf 0.77-1+deb8u1
2021-01-29 08:58:25 status half-configured libfcgi-perl:armhf 0.77-1+deb8u1
2021-01-29 08:58:25 status installed libfcgi-perl:armhf 0.77-1+deb8u1
2021-01-29 08:58:25 configure libcgi-fast-perl:all 1:2.04-1 <none>
2021-01-29 08:58:25 status unpacked libcgi-fast-perl:all 1:2.04-1
2021-01-29 08:58:25 status half-configured libcgi-fast-perl:all 1:2.04-1
2021-01-29 08:58:25 status installed libcgi-fast-perl:all 1:2.04-1
2021-01-29 08:58:25 configure libclass-c3-perl:all 0.26-1 <none>
2021-01-29 08:58:25 status unpacked libclass-c3-perl:all 0.26-1
2021-01-29 08:58:25 status half-configured libclass-c3-perl:all 0.26-1
2021-01-29 08:58:25 status installed libclass-c3-perl:all 0.26-1
2021-01-29 08:58:25 configure libclass-c3-xs-perl:armhf 0.13-2+b1 <none>
2021-01-29 08:58:25 status unpacked libclass-c3-xs-perl:armhf 0.13-2+b1
2021-01-29 08:58:25 status half-configured libclass-c3-xs-perl:armhf 0.13-2+b1
2021-01-29 08:58:25 status installed libclass-c3-xs-perl:armhf 0.13-2+b1
2021-01-29 08:58:25 configure libcpan-meta-perl:all 2.142690-1 <none>
2021-01-29 08:58:25 status unpacked libcpan-meta-perl:all 2.142690-1
2021-01-29 08:58:25 status half-configured libcpan-meta-perl:all 2.142690-1
2021-01-29 08:58:25 status installed libcpan-meta-perl:all 2.142690-1
2021-01-29 08:58:25 configure libparams-util-perl:armhf 1.07-2+b1 <none>
2021-01-29 08:58:25 status unpacked libparams-util-perl:armhf 1.07-2+b1
2021-01-29 08:58:25 status half-configured libparams-util-perl:armhf 1.07-2+b1
2021-01-29 08:58:25 status installed libparams-util-perl:armhf 1.07-2+b1
2021-01-29 08:58:25 configure libsub-install-perl:all 0.928-1 <none>
2021-01-29 08:58:25 status unpacked libsub-install-perl:all 0.928-1
2021-01-29 08:58:25 status half-configured libsub-install-perl:all 0.928-1
2021-01-29 08:58:25 status installed libsub-install-perl:all 0.928-1
2021-01-29 08:58:25 configure libdata-optlist-perl:all 0.109-1 <none>
2021-01-29 08:58:25 status unpacked libdata-optlist-perl:all 0.109-1
2021-01-29 08:58:25 status half-configured libdata-optlist-perl:all 0.109-1
2021-01-29 08:58:25 status installed libdata-optlist-perl:all 0.109-1
2021-01-29 08:58:25 configure libmro-compat-perl:all 0.12-1 <none>
2021-01-29 08:58:25 status unpacked libmro-compat-perl:all 0.12-1
2021-01-29 08:58:25 status half-configured libmro-compat-perl:all 0.12-1
2021-01-29 08:58:25 status installed libmro-compat-perl:all 0.12-1
2021-01-29 08:58:25 configure libsub-exporter-perl:all 0.986-1 <none>
2021-01-29 08:58:25 status unpacked libsub-exporter-perl:all 0.986-1
2021-01-29 08:58:25 status half-configured libsub-exporter-perl:all 0.986-1
2021-01-29 08:58:25 status installed libsub-exporter-perl:all 0.986-1
2021-01-29 08:58:25 configure libdata-section-perl:all 0.200006-1 <none>
2021-01-29 08:58:25 status unpacked libdata-section-perl:all 0.200006-1
2021-01-29 08:58:25 status half-configured libdata-section-perl:all 0.200006-1
2021-01-29 08:58:25 status installed libdata-section-perl:all 0.200006-1
2021-01-29 08:58:25 configure liblog-message-perl:all 0.8-1 <none>
2021-01-29 08:58:25 status unpacked liblog-message-perl:all 0.8-1
2021-01-29 08:58:25 status half-configured liblog-message-perl:all 0.8-1
2021-01-29 08:58:25 status installed liblog-message-perl:all 0.8-1
2021-01-29 08:58:25 configure liblog-message-simple-perl:all 0.10-2 <none>
2021-01-29 08:58:25 status unpacked liblog-message-simple-perl:all 0.10-2
2021-01-29 08:58:25 status half-configured liblog-message-simple-perl:all 0.10-2
2021-01-29 08:58:25 status installed liblog-message-simple-perl:all 0.10-2
2021-01-29 08:58:25 configure libmodule-build-perl:all 0.421000-2+deb8u1 <none>
2021-01-29 08:58:25 status unpacked libmodule-build-perl:all 0.421000-2+deb8u1
2021-01-29 08:58:25 status half-configured libmodule-build-perl:all 0.421000-2+deb8u1
2021-01-29 08:58:25 status installed libmodule-build-perl:all 0.421000-2+deb8u1
2021-01-29 08:58:25 configure libmodule-pluggable-perl:all 5.1-1 <none>
2021-01-29 08:58:25 status unpacked libmodule-pluggable-perl:all 5.1-1
2021-01-29 08:58:25 status half-configured libmodule-pluggable-perl:all 5.1-1
2021-01-29 08:58:25 status installed libmodule-pluggable-perl:all 5.1-1
2021-01-29 08:58:25 configure libmodule-signature-perl:all 0.73-1+deb8u2 <none>
2021-01-29 08:58:25 status unpacked libmodule-signature-perl:all 0.73-1+deb8u2
2021-01-29 08:58:25 status half-configured libmodule-signature-perl:all 0.73-1+deb8u2
2021-01-29 08:58:25 status installed libmodule-signature-perl:all 0.73-1+deb8u2
2021-01-29 08:58:25 configure libpackage-constants-perl:all 0.04-1 <none>
2021-01-29 08:58:25 status unpacked libpackage-constants-perl:all 0.04-1
2021-01-29 08:58:25 status half-configured libpackage-constants-perl:all 0.04-1
2021-01-29 08:58:25 status installed libpackage-constants-perl:all 0.04-1
2021-01-29 08:58:25 configure libpod-latex-perl:all 0.61-1 <none>
2021-01-29 08:58:25 status unpacked libpod-latex-perl:all 0.61-1
2021-01-29 08:58:25 status half-configured libpod-latex-perl:all 0.61-1
2021-01-29 08:58:25 status installed libpod-latex-perl:all 0.61-1
2021-01-29 08:58:25 configure libregexp-common-perl:all 2013031301-1 <none>
2021-01-29 08:58:25 status unpacked libregexp-common-perl:all 2013031301-1
2021-01-29 08:58:25 status half-configured libregexp-common-perl:all 2013031301-1
2021-01-29 08:58:25 status installed libregexp-common-perl:all 2013031301-1
2021-01-29 08:58:25 configure libpod-readme-perl:all 0.11-1 <none>
2021-01-29 08:58:25 status unpacked libpod-readme-perl:all 0.11-1
2021-01-29 08:58:25 status half-configured libpod-readme-perl:all 0.11-1
2021-01-29 08:58:25 status installed libpod-readme-perl:all 0.11-1
2021-01-29 08:58:25 configure libtext-template-perl:all 1.46-1 <none>
2021-01-29 08:58:25 status unpacked libtext-template-perl:all 1.46-1
2021-01-29 08:58:25 status half-configured libtext-template-perl:all 1.46-1
2021-01-29 08:58:25 status installed libtext-template-perl:all 1.46-1
2021-01-29 08:58:25 configure libsoftware-license-perl:all 0.103010-3 <none>
2021-01-29 08:58:25 status unpacked libsoftware-license-perl:all 0.103010-3
2021-01-29 08:58:25 status half-configured libsoftware-license-perl:all 0.103010-3
2021-01-29 08:58:25 status installed libsoftware-license-perl:all 0.103010-3
2021-01-29 08:58:25 configure libterm-ui-perl:all 0.42-1 <none>
2021-01-29 08:58:25 status unpacked libterm-ui-perl:all 0.42-1
2021-01-29 08:58:25 status half-configured libterm-ui-perl:all 0.42-1
2021-01-29 08:58:25 status installed libterm-ui-perl:all 0.42-1
2021-01-29 08:58:25 configure libtext-soundex-perl:armhf 3.4-1+b2 <none>
2021-01-29 08:58:25 status unpacked libtext-soundex-perl:armhf 3.4-1+b2
2021-01-29 08:58:25 status half-configured libtext-soundex-perl:armhf 3.4-1+b2
2021-01-29 08:58:25 status installed libtext-soundex-perl:armhf 3.4-1+b2
2021-01-29 08:58:25 configure rename:all 0.20-3 <none>
2021-01-29 08:58:25 status unpacked rename:all 0.20-3
2021-01-29 08:58:25 status half-configured rename:all 0.20-3
2021-01-29 08:58:25 status installed rename:all 0.20-3
2021-01-29 08:58:25 trigproc libc-bin:armhf 2.19-18+deb8u10 <none>
2021-01-29 08:58:25 status half-configured libc-bin:armhf 2.19-18+deb8u10
2021-01-29 08:58:25 status installed libc-bin:armhf 2.19-18+deb8u10
2021-01-29 08:58:25 trigproc systemd:armhf 215-17+deb8u7 <none>
2021-01-29 08:58:25 status half-configured systemd:armhf 215-17+deb8u7
2021-01-29 08:58:25 status installed systemd:armhf 215-17+deb8u7
2021-01-29 08:58:28 startup packages configure
2021-01-29 08:58:55 startup archives unpack
2021-01-29 08:58:56 install libkeyutils1:armhf <none> 1.5.9-5+b1
2021-01-29 08:58:56 status half-installed libkeyutils1:armhf 1.5.9-5+b1
2021-01-29 08:58:56 status unpacked libkeyutils1:armhf 1.5.9-5+b1
2021-01-29 08:58:56 status unpacked libkeyutils1:armhf 1.5.9-5+b1
2021-01-29 08:58:56 install libkrb5support0:armhf <none> 1.12.1+dfsg-19+deb8u4
2021-01-29 08:58:56 status half-installed libkrb5support0:armhf 1.12.1+dfsg-19+deb8u4
2021-01-29 08:58:56 status unpacked libkrb5support0:armhf 1.12.1+dfsg-19+deb8u4
2021-01-29 08:58:56 status unpacked libkrb5support0:armhf 1.12.1+dfsg-19+deb8u4
2021-01-29 08:58:56 install libk5crypto3:armhf <none> 1.12.1+dfsg-19+deb8u4
2021-01-29 08:58:56 status half-installed libk5crypto3:armhf 1.12.1+dfsg-19+deb8u4
2021-01-29 08:58:56 status unpacked libk5crypto3:armhf 1.12.1+dfsg-19+deb8u4
2021-01-29 08:58:56 status unpacked libk5crypto3:armhf 1.12.1+dfsg-19+deb8u4
2021-01-29 08:58:57 install libkrb5-3:armhf <none> 1.12.1+dfsg-19+deb8u4
2021-01-29 08:58:57 status half-installed libkrb5-3:armhf 1.12.1+dfsg-19+deb8u4
2021-01-29 08:58:57 status unpacked libkrb5-3:armhf 1.12.1+dfsg-19+deb8u4
2021-01-29 08:58:57 status unpacked libkrb5-3:armhf 1.12.1+dfsg-19+deb8u4
2021-01-29 08:58:57 install libgssapi-krb5-2:armhf <none> 1.12.1+dfsg-19+deb8u4
2021-01-29 08:58:57 status half-installed libgssapi-krb5-2:armhf 1.12.1+dfsg-19+deb8u4
2021-01-29 08:58:57 status unpacked libgssapi-krb5-2:armhf 1.12.1+dfsg-19+deb8u4
2021-01-29 08:58:57 status unpacked libgssapi-krb5-2:armhf 1.12.1+dfsg-19+deb8u4
2021-01-29 08:58:57 install libmagic1:armhf <none> 1:5.22+15-2+deb8u4
2021-01-29 08:58:57 status half-installed libmagic1:armhf 1:5.22+15-2+deb8u4
2021-01-29 08:58:58 status triggers-pending man-db:armhf 2.7.0.2-5
2021-01-29 08:58:58 status unpacked libmagic1:armhf 1:5.22+15-2+deb8u4
2021-01-29 08:58:58 status unpacked libmagic1:armhf 1:5.22+15-2+deb8u4
2021-01-29 08:58:58 install libsqlite3-0:armhf <none> 3.8.7.1-1+deb8u2
2021-01-29 08:58:58 status half-installed libsqlite3-0:armhf 3.8.7.1-1+deb8u2
2021-01-29 08:58:58 status unpacked libsqlite3-0:armhf 3.8.7.1-1+deb8u2
2021-01-29 08:58:58 status unpacked libsqlite3-0:armhf 3.8.7.1-1+deb8u2
2021-01-29 08:58:58 install libwrap0:armhf <none> 7.6.q-25
2021-01-29 08:58:58 status half-installed libwrap0:armhf 7.6.q-25
2021-01-29 08:58:59 status unpacked libwrap0:armhf 7.6.q-25
2021-01-29 08:58:59 status unpacked libwrap0:armhf 7.6.q-25
2021-01-29 08:58:59 install libpython2.7-minimal:armhf <none> 2.7.9-2+deb8u1
2021-01-29 08:58:59 status half-installed libpython2.7-minimal:armhf 2.7.9-2+deb8u1
2021-01-29 08:58:59 status unpacked libpython2.7-minimal:armhf 2.7.9-2+deb8u1
2021-01-29 08:58:59 status unpacked libpython2.7-minimal:armhf 2.7.9-2+deb8u1
2021-01-29 08:58:59 install python2.7-minimal:armhf <none> 2.7.9-2+deb8u1
2021-01-29 08:58:59 status half-installed python2.7-minimal:armhf 2.7.9-2+deb8u1
2021-01-29 08:59:01 status unpacked python2.7-minimal:armhf 2.7.9-2+deb8u1
2021-01-29 08:59:01 status unpacked python2.7-minimal:armhf 2.7.9-2+deb8u1
2021-01-29 08:59:01 install python-minimal:armhf <none> 2.7.9-1
2021-01-29 08:59:01 status half-installed python-minimal:armhf 2.7.9-1
2021-01-29 08:59:01 status unpacked python-minimal:armhf 2.7.9-1
2021-01-29 08:59:01 status unpacked python-minimal:armhf 2.7.9-1
2021-01-29 08:59:01 install mime-support:all <none> 3.58
2021-01-29 08:59:01 status half-installed mime-support:all 3.58
2021-01-29 08:59:01 status unpacked mime-support:all 3.58
2021-01-29 08:59:01 status unpacked mime-support:all 3.58
2021-01-29 08:59:01 install libexpat1:armhf <none> 2.1.0-6+deb8u4
2021-01-29 08:59:01 status half-installed libexpat1:armhf 2.1.0-6+deb8u4
2021-01-29 08:59:01 status unpacked libexpat1:armhf 2.1.0-6+deb8u4
2021-01-29 08:59:01 status unpacked libexpat1:armhf 2.1.0-6+deb8u4
2021-01-29 08:59:02 install libpython2.7-stdlib:armhf <none> 2.7.9-2+deb8u1
2021-01-29 08:59:02 status half-installed libpython2.7-stdlib:armhf 2.7.9-2+deb8u1
2021-01-29 08:59:03 status unpacked libpython2.7-stdlib:armhf 2.7.9-2+deb8u1
2021-01-29 08:59:03 status unpacked libpython2.7-stdlib:armhf 2.7.9-2+deb8u1
2021-01-29 08:59:03 install python2.7:armhf <none> 2.7.9-2+deb8u1
2021-01-29 08:59:03 status half-installed python2.7:armhf 2.7.9-2+deb8u1
2021-01-29 08:59:03 status unpacked python2.7:armhf 2.7.9-2+deb8u1
2021-01-29 08:59:03 status unpacked python2.7:armhf 2.7.9-2+deb8u1
2021-01-29 08:59:04 install libpython-stdlib:armhf <none> 2.7.9-1
2021-01-29 08:59:04 status half-installed libpython-stdlib:armhf 2.7.9-1
2021-01-29 08:59:04 status unpacked libpython-stdlib:armhf 2.7.9-1
2021-01-29 08:59:04 status unpacked libpython-stdlib:armhf 2.7.9-1
2021-01-29 08:59:04 trigproc man-db:armhf 2.7.0.2-5 <none>
2021-01-29 08:59:04 status half-configured man-db:armhf 2.7.0.2-5
2021-01-29 08:59:07 status installed man-db:armhf 2.7.0.2-5
2021-01-29 08:59:09 startup packages configure
2021-01-29 08:59:09 configure libpython2.7-minimal:armhf 2.7.9-2+deb8u1 <none>
2021-01-29 08:59:09 status unpacked libpython2.7-minimal:armhf 2.7.9-2+deb8u1
2021-01-29 08:59:09 status unpacked libpython2.7-minimal:armhf 2.7.9-2+deb8u1
2021-01-29 08:59:09 status half-configured libpython2.7-minimal:armhf 2.7.9-2+deb8u1
2021-01-29 08:59:09 status installed libpython2.7-minimal:armhf 2.7.9-2+deb8u1
2021-01-29 08:59:09 configure python2.7-minimal:armhf 2.7.9-2+deb8u1 <none>
2021-01-29 08:59:09 status unpacked python2.7-minimal:armhf 2.7.9-2+deb8u1
2021-01-29 08:59:09 status half-configured python2.7-minimal:armhf 2.7.9-2+deb8u1
2021-01-29 08:59:13 status installed python2.7-minimal:armhf 2.7.9-2+deb8u1
2021-01-29 08:59:13 configure python-minimal:armhf 2.7.9-1 <none>
2021-01-29 08:59:13 status unpacked python-minimal:armhf 2.7.9-1
2021-01-29 08:59:13 status half-configured python-minimal:armhf 2.7.9-1
2021-01-29 08:59:13 status installed python-minimal:armhf 2.7.9-1
2021-01-29 08:59:15 startup archives unpack
2021-01-29 08:59:15 install python:armhf <none> 2.7.9-1
2021-01-29 08:59:15 status half-installed python:armhf 2.7.9-1
2021-01-29 08:59:15 status triggers-pending man-db:armhf 2.7.0.2-5
2021-01-29 08:59:16 status unpacked python:armhf 2.7.9-1
2021-01-29 08:59:16 status unpacked python:armhf 2.7.9-1
2021-01-29 08:59:16 install libxau6:armhf <none> 1:1.0.8-1
2021-01-29 08:59:16 status half-installed libxau6:armhf 1:1.0.8-1
2021-01-29 08:59:16 status unpacked libxau6:armhf 1:1.0.8-1
2021-01-29 08:59:16 status unpacked libxau6:armhf 1:1.0.8-1
2021-01-29 08:59:16 install libxdmcp6:armhf <none> 1:1.1.1-1+b1
2021-01-29 08:59:16 status half-installed libxdmcp6:armhf 1:1.1.1-1+b1
2021-01-29 08:59:16 status unpacked libxdmcp6:armhf 1:1.1.1-1+b1
2021-01-29 08:59:16 status unpacked libxdmcp6:armhf 1:1.1.1-1+b1
2021-01-29 08:59:16 install libxcb1:armhf <none> 1.10-3+b1
2021-01-29 08:59:16 status half-installed libxcb1:armhf 1.10-3+b1
2021-01-29 08:59:16 status unpacked libxcb1:armhf 1.10-3+b1
2021-01-29 08:59:16 status unpacked libxcb1:armhf 1.10-3+b1
2021-01-29 08:59:17 install libx11-data:all <none> 2:1.6.2-3+deb8u1
2021-01-29 08:59:17 status half-installed libx11-data:all 2:1.6.2-3+deb8u1
2021-01-29 08:59:17 status unpacked libx11-data:all 2:1.6.2-3+deb8u1
2021-01-29 08:59:17 status unpacked libx11-data:all 2:1.6.2-3+deb8u1
2021-01-29 08:59:17 install libx11-6:armhf <none> 2:1.6.2-3+deb8u1
2021-01-29 08:59:17 status half-installed libx11-6:armhf 2:1.6.2-3+deb8u1
2021-01-29 08:59:18 status unpacked libx11-6:armhf 2:1.6.2-3+deb8u1
2021-01-29 08:59:18 status unpacked libx11-6:armhf 2:1.6.2-3+deb8u1
2021-01-29 08:59:18 install libxext6:armhf <none> 2:1.3.3-1
2021-01-29 08:59:18 status half-installed libxext6:armhf 2:1.3.3-1
2021-01-29 08:59:18 status unpacked libxext6:armhf 2:1.3.3-1
2021-01-29 08:59:18 status unpacked libxext6:armhf 2:1.3.3-1
2021-01-29 08:59:18 install libxmuu1:armhf <none> 2:1.1.2-1
2021-01-29 08:59:18 status half-installed libxmuu1:armhf 2:1.1.2-1
2021-01-29 08:59:18 status unpacked libxmuu1:armhf 2:1.1.2-1
2021-01-29 08:59:18 status unpacked libxmuu1:armhf 2:1.1.2-1
2021-01-29 08:59:18 install file:armhf <none> 1:5.22+15-2+deb8u4
2021-01-29 08:59:18 status half-installed file:armhf 1:5.22+15-2+deb8u4
2021-01-29 08:59:18 status unpacked file:armhf 1:5.22+15-2+deb8u4
2021-01-29 08:59:18 status unpacked file:armhf 1:5.22+15-2+deb8u4
2021-01-29 08:59:19 install krb5-locales:all <none> 1.12.1+dfsg-19+deb8u4
2021-01-29 08:59:19 status half-installed krb5-locales:all 1.12.1+dfsg-19+deb8u4
2021-01-29 08:59:19 status unpacked krb5-locales:all 1.12.1+dfsg-19+deb8u4
2021-01-29 08:59:19 status unpacked krb5-locales:all 1.12.1+dfsg-19+deb8u4
2021-01-29 08:59:19 install ncurses-term:all <none> 5.9+20140913-1+deb8u3
2021-01-29 08:59:19 status half-installed ncurses-term:all 5.9+20140913-1+deb8u3
2021-01-29 08:59:20 status unpacked ncurses-term:all 5.9+20140913-1+deb8u3
2021-01-29 08:59:20 status unpacked ncurses-term:all 5.9+20140913-1+deb8u3
2021-01-29 08:59:20 install openssh-client:armhf <none> 1:6.7p1-5+deb8u4
2021-01-29 08:59:20 status half-installed openssh-client:armhf 1:6.7p1-5+deb8u4
2021-01-29 08:59:21 status unpacked openssh-client:armhf 1:6.7p1-5+deb8u4
2021-01-29 08:59:21 status unpacked openssh-client:armhf 1:6.7p1-5+deb8u4
2021-01-29 08:59:21 install dosfstools:armhf <none> 3.0.27-1
2021-01-29 08:59:21 status half-installed dosfstools:armhf 3.0.27-1
2021-01-29 08:59:21 status unpacked dosfstools:armhf 3.0.27-1
2021-01-29 08:59:21 status unpacked dosfstools:armhf 3.0.27-1
2021-01-29 08:59:21 install isc-dhcp-server:armhf <none> 4.3.1-6+deb8u3
2021-01-29 08:59:21 status half-installed isc-dhcp-server:armhf 4.3.1-6+deb8u3
2021-01-29 08:59:21 status triggers-pending systemd:armhf 215-17+deb8u7
2021-01-29 08:59:22 status unpacked isc-dhcp-server:armhf 4.3.1-6+deb8u3
2021-01-29 08:59:22 status unpacked isc-dhcp-server:armhf 4.3.1-6+deb8u3
2021-01-29 08:59:22 install openssh-sftp-server:armhf <none> 1:6.7p1-5+deb8u4
2021-01-29 08:59:22 status half-installed openssh-sftp-server:armhf 1:6.7p1-5+deb8u4
2021-01-29 08:59:22 status unpacked openssh-sftp-server:armhf 1:6.7p1-5+deb8u4
2021-01-29 08:59:22 status unpacked openssh-sftp-server:armhf 1:6.7p1-5+deb8u4
2021-01-29 08:59:22 install openssh-server:armhf <none> 1:6.7p1-5+deb8u4
2021-01-29 08:59:22 status half-installed openssh-server:armhf 1:6.7p1-5+deb8u4
2021-01-29 08:59:23 status unpacked openssh-server:armhf 1:6.7p1-5+deb8u4
2021-01-29 08:59:23 status unpacked openssh-server:armhf 1:6.7p1-5+deb8u4
2021-01-29 08:59:23 install psmisc:armhf <none> 22.21-2
2021-01-29 08:59:23 status half-installed psmisc:armhf 22.21-2
2021-01-29 08:59:23 status unpacked psmisc:armhf 22.21-2
2021-01-29 08:59:23 status unpacked psmisc:armhf 22.21-2
2021-01-29 08:59:23 install tcpd:armhf <none> 7.6.q-25
2021-01-29 08:59:23 status half-installed tcpd:armhf 7.6.q-25
2021-01-29 08:59:23 status unpacked tcpd:armhf 7.6.q-25
2021-01-29 08:59:23 status unpacked tcpd:armhf 7.6.q-25
2021-01-29 08:59:24 install xauth:armhf <none> 1:1.0.9-1
2021-01-29 08:59:24 status half-installed xauth:armhf 1:1.0.9-1
2021-01-29 08:59:24 status unpacked xauth:armhf 1:1.0.9-1
2021-01-29 08:59:24 status unpacked xauth:armhf 1:1.0.9-1
2021-01-29 08:59:24 trigproc man-db:armhf 2.7.0.2-5 <none>
2021-01-29 08:59:24 status half-configured man-db:armhf 2.7.0.2-5
2021-01-29 08:59:29 status installed man-db:armhf 2.7.0.2-5
2021-01-29 08:59:29 trigproc systemd:armhf 215-17+deb8u7 <none>
2021-01-29 08:59:29 status half-configured systemd:armhf 215-17+deb8u7
2021-01-29 08:59:29 status installed systemd:armhf 215-17+deb8u7
2021-01-29 08:59:31 startup packages configure
2021-01-29 08:59:31 configure libkeyutils1:armhf 1.5.9-5+b1 <none>
2021-01-29 08:59:31 status unpacked libkeyutils1:armhf 1.5.9-5+b1
2021-01-29 08:59:31 status half-configured libkeyutils1:armhf 1.5.9-5+b1
2021-01-29 08:59:31 status installed libkeyutils1:armhf 1.5.9-5+b1
2021-01-29 08:59:31 status triggers-pending libc-bin:armhf 2.19-18+deb8u10
2021-01-29 08:59:31 configure libkrb5support0:armhf 1.12.1+dfsg-19+deb8u4 <none>
2021-01-29 08:59:31 status unpacked libkrb5support0:armhf 1.12.1+dfsg-19+deb8u4
2021-01-29 08:59:31 status half-configured libkrb5support0:armhf 1.12.1+dfsg-19+deb8u4
2021-01-29 08:59:31 status installed libkrb5support0:armhf 1.12.1+dfsg-19+deb8u4
2021-01-29 08:59:31 configure libk5crypto3:armhf 1.12.1+dfsg-19+deb8u4 <none>
2021-01-29 08:59:31 status unpacked libk5crypto3:armhf 1.12.1+dfsg-19+deb8u4
2021-01-29 08:59:31 status half-configured libk5crypto3:armhf 1.12.1+dfsg-19+deb8u4
2021-01-29 08:59:31 status installed libk5crypto3:armhf 1.12.1+dfsg-19+deb8u4
2021-01-29 08:59:31 configure libkrb5-3:armhf 1.12.1+dfsg-19+deb8u4 <none>
2021-01-29 08:59:31 status unpacked libkrb5-3:armhf 1.12.1+dfsg-19+deb8u4
2021-01-29 08:59:31 status half-configured libkrb5-3:armhf 1.12.1+dfsg-19+deb8u4
2021-01-29 08:59:32 status installed libkrb5-3:armhf 1.12.1+dfsg-19+deb8u4
2021-01-29 08:59:32 configure libgssapi-krb5-2:armhf 1.12.1+dfsg-19+deb8u4 <none>
2021-01-29 08:59:32 status unpacked libgssapi-krb5-2:armhf 1.12.1+dfsg-19+deb8u4
2021-01-29 08:59:32 status unpacked libgssapi-krb5-2:armhf 1.12.1+dfsg-19+deb8u4
2021-01-29 08:59:32 status half-configured libgssapi-krb5-2:armhf 1.12.1+dfsg-19+deb8u4
2021-01-29 08:59:32 status installed libgssapi-krb5-2:armhf 1.12.1+dfsg-19+deb8u4
2021-01-29 08:59:32 configure libmagic1:armhf 1:5.22+15-2+deb8u4 <none>
2021-01-29 08:59:32 status unpacked libmagic1:armhf 1:5.22+15-2+deb8u4
2021-01-29 08:59:32 status unpacked libmagic1:armhf 1:5.22+15-2+deb8u4
2021-01-29 08:59:32 status unpacked libmagic1:armhf 1:5.22+15-2+deb8u4
2021-01-29 08:59:32 status half-configured libmagic1:armhf 1:5.22+15-2+deb8u4
2021-01-29 08:59:32 status installed libmagic1:armhf 1:5.22+15-2+deb8u4
2021-01-29 08:59:32 configure libsqlite3-0:armhf 3.8.7.1-1+deb8u2 <none>
2021-01-29 08:59:32 status unpacked libsqlite3-0:armhf 3.8.7.1-1+deb8u2
2021-01-29 08:59:32 status half-configured libsqlite3-0:armhf 3.8.7.1-1+deb8u2
2021-01-29 08:59:32 status installed libsqlite3-0:armhf 3.8.7.1-1+deb8u2
2021-01-29 08:59:32 configure libwrap0:armhf 7.6.q-25 <none>
2021-01-29 08:59:32 status unpacked libwrap0:armhf 7.6.q-25
2021-01-29 08:59:32 status half-configured libwrap0:armhf 7.6.q-25
2021-01-29 08:59:32 status installed libwrap0:armhf 7.6.q-25
2021-01-29 08:59:32 configure mime-support:all 3.58 <none>
2021-01-29 08:59:32 status unpacked mime-support:all 3.58
2021-01-29 08:59:32 status unpacked mime-support:all 3.58
2021-01-29 08:59:32 status unpacked mime-support:all 3.58
2021-01-29 08:59:32 status half-configured mime-support:all 3.58
2021-01-29 08:59:33 status installed mime-support:all 3.58
2021-01-29 08:59:33 configure libexpat1:armhf 2.1.0-6+deb8u4 <none>
2021-01-29 08:59:33 status unpacked libexpat1:armhf 2.1.0-6+deb8u4
2021-01-29 08:59:33 status half-configured libexpat1:armhf 2.1.0-6+deb8u4
2021-01-29 08:59:33 status installed libexpat1:armhf 2.1.0-6+deb8u4
2021-01-29 08:59:33 configure libpython2.7-stdlib:armhf 2.7.9-2+deb8u1 <none>
2021-01-29 08:59:33 status unpacked libpython2.7-stdlib:armhf 2.7.9-2+deb8u1
2021-01-29 08:59:33 status half-configured libpython2.7-stdlib:armhf 2.7.9-2+deb8u1
2021-01-29 08:59:33 status installed libpython2.7-stdlib:armhf 2.7.9-2+deb8u1
2021-01-29 08:59:33 configure python2.7:armhf 2.7.9-2+deb8u1 <none>
2021-01-29 08:59:33 status unpacked python2.7:armhf 2.7.9-2+deb8u1
2021-01-29 08:59:33 status half-configured python2.7:armhf 2.7.9-2+deb8u1
2021-01-29 08:59:40 status installed python2.7:armhf 2.7.9-2+deb8u1
2021-01-29 08:59:40 configure libpython-stdlib:armhf 2.7.9-1 <none>
2021-01-29 08:59:40 status unpacked libpython-stdlib:armhf 2.7.9-1
2021-01-29 08:59:40 status half-configured libpython-stdlib:armhf 2.7.9-1
2021-01-29 08:59:40 status installed libpython-stdlib:armhf 2.7.9-1
2021-01-29 08:59:40 configure python:armhf 2.7.9-1 <none>
2021-01-29 08:59:40 status unpacked python:armhf 2.7.9-1
2021-01-29 08:59:40 status half-configured python:armhf 2.7.9-1
2021-01-29 08:59:40 status installed python:armhf 2.7.9-1
2021-01-29 08:59:40 configure libxau6:armhf 1:1.0.8-1 <none>
2021-01-29 08:59:40 status unpacked libxau6:armhf 1:1.0.8-1
2021-01-29 08:59:40 status half-configured libxau6:armhf 1:1.0.8-1
2021-01-29 08:59:41 status installed libxau6:armhf 1:1.0.8-1
2021-01-29 08:59:41 configure libxdmcp6:armhf 1:1.1.1-1+b1 <none>
2021-01-29 08:59:41 status unpacked libxdmcp6:armhf 1:1.1.1-1+b1
2021-01-29 08:59:41 status half-configured libxdmcp6:armhf 1:1.1.1-1+b1
2021-01-29 08:59:41 status installed libxdmcp6:armhf 1:1.1.1-1+b1
2021-01-29 08:59:41 configure libxcb1:armhf 1.10-3+b1 <none>
2021-01-29 08:59:41 status unpacked libxcb1:armhf 1.10-3+b1
2021-01-29 08:59:41 status half-configured libxcb1:armhf 1.10-3+b1
2021-01-29 08:59:41 status installed libxcb1:armhf 1.10-3+b1
2021-01-29 08:59:41 configure libx11-data:all 2:1.6.2-3+deb8u1 <none>
2021-01-29 08:59:41 status unpacked libx11-data:all 2:1.6.2-3+deb8u1
2021-01-29 08:59:41 status half-configured libx11-data:all 2:1.6.2-3+deb8u1
2021-01-29 08:59:41 status installed libx11-data:all 2:1.6.2-3+deb8u1
2021-01-29 08:59:41 configure libx11-6:armhf 2:1.6.2-3+deb8u1 <none>
2021-01-29 08:59:41 status unpacked libx11-6:armhf 2:1.6.2-3+deb8u1
2021-01-29 08:59:41 status half-configured libx11-6:armhf 2:1.6.2-3+deb8u1
2021-01-29 08:59:41 status installed libx11-6:armhf 2:1.6.2-3+deb8u1
2021-01-29 08:59:41 configure libxext6:armhf 2:1.3.3-1 <none>
2021-01-29 08:59:41 status unpacked libxext6:armhf 2:1.3.3-1
2021-01-29 08:59:41 status half-configured libxext6:armhf 2:1.3.3-1
2021-01-29 08:59:41 status installed libxext6:armhf 2:1.3.3-1
2021-01-29 08:59:41 configure libxmuu1:armhf 2:1.1.2-1 <none>
2021-01-29 08:59:41 status unpacked libxmuu1:armhf 2:1.1.2-1
2021-01-29 08:59:41 status half-configured libxmuu1:armhf 2:1.1.2-1
2021-01-29 08:59:41 status installed libxmuu1:armhf 2:1.1.2-1
2021-01-29 08:59:41 configure file:armhf 1:5.22+15-2+deb8u4 <none>
2021-01-29 08:59:41 status unpacked file:armhf 1:5.22+15-2+deb8u4
2021-01-29 08:59:41 status half-configured file:armhf 1:5.22+15-2+deb8u4
2021-01-29 08:59:41 status installed file:armhf 1:5.22+15-2+deb8u4
2021-01-29 08:59:41 configure krb5-locales:all 1.12.1+dfsg-19+deb8u4 <none>
2021-01-29 08:59:41 status unpacked krb5-locales:all 1.12.1+dfsg-19+deb8u4
2021-01-29 08:59:41 status half-configured krb5-locales:all 1.12.1+dfsg-19+deb8u4
2021-01-29 08:59:41 status installed krb5-locales:all 1.12.1+dfsg-19+deb8u4
2021-01-29 08:59:41 configure ncurses-term:all 5.9+20140913-1+deb8u3 <none>
2021-01-29 08:59:41 status unpacked ncurses-term:all 5.9+20140913-1+deb8u3
2021-01-29 08:59:41 status half-configured ncurses-term:all 5.9+20140913-1+deb8u3
2021-01-29 08:59:41 status installed ncurses-term:all 5.9+20140913-1+deb8u3
2021-01-29 08:59:41 configure openssh-client:armhf 1:6.7p1-5+deb8u4 <none>
2021-01-29 08:59:41 status unpacked openssh-client:armhf 1:6.7p1-5+deb8u4
2021-01-29 08:59:41 status unpacked openssh-client:armhf 1:6.7p1-5+deb8u4
2021-01-29 08:59:41 status unpacked openssh-client:armhf 1:6.7p1-5+deb8u4
2021-01-29 08:59:41 status half-configured openssh-client:armhf 1:6.7p1-5+deb8u4
2021-01-29 08:59:43 status installed openssh-client:armhf 1:6.7p1-5+deb8u4
2021-01-29 08:59:43 configure dosfstools:armhf 3.0.27-1 <none>
2021-01-29 08:59:43 status unpacked dosfstools:armhf 3.0.27-1
2021-01-29 08:59:43 status half-configured dosfstools:armhf 3.0.27-1
2021-01-29 08:59:43 status installed dosfstools:armhf 3.0.27-1
2021-01-29 08:59:43 configure isc-dhcp-server:armhf 4.3.1-6+deb8u3 <none>
2021-01-29 08:59:43 status unpacked isc-dhcp-server:armhf 4.3.1-6+deb8u3
2021-01-29 08:59:43 status unpacked isc-dhcp-server:armhf 4.3.1-6+deb8u3
2021-01-29 08:59:43 status triggers-pending systemd:armhf 215-17+deb8u7
2021-01-29 08:59:43 status unpacked isc-dhcp-server:armhf 4.3.1-6+deb8u3
2021-01-29 08:59:43 status half-configured isc-dhcp-server:armhf 4.3.1-6+deb8u3
2021-01-29 08:59:49 status installed isc-dhcp-server:armhf 4.3.1-6+deb8u3
2021-01-29 08:59:49 configure openssh-sftp-server:armhf 1:6.7p1-5+deb8u4 <none>
2021-01-29 08:59:49 status unpacked openssh-sftp-server:armhf 1:6.7p1-5+deb8u4
2021-01-29 08:59:49 status half-configured openssh-sftp-server:armhf 1:6.7p1-5+deb8u4
2021-01-29 08:59:49 status installed openssh-sftp-server:armhf 1:6.7p1-5+deb8u4
2021-01-29 08:59:49 configure openssh-server:armhf 1:6.7p1-5+deb8u4 <none>
2021-01-29 08:59:49 status unpacked openssh-server:armhf 1:6.7p1-5+deb8u4
2021-01-29 08:59:49 status unpacked openssh-server:armhf 1:6.7p1-5+deb8u4
2021-01-29 08:59:49 status unpacked openssh-server:armhf 1:6.7p1-5+deb8u4
2021-01-29 08:59:49 status unpacked openssh-server:armhf 1:6.7p1-5+deb8u4
2021-01-29 08:59:49 status unpacked openssh-server:armhf 1:6.7p1-5+deb8u4
2021-01-29 08:59:49 status unpacked openssh-server:armhf 1:6.7p1-5+deb8u4
2021-01-29 08:59:49 status unpacked openssh-server:armhf 1:6.7p1-5+deb8u4
2021-01-29 08:59:49 status half-configured openssh-server:armhf 1:6.7p1-5+deb8u4
2021-01-29 09:00:06 status installed openssh-server:armhf 1:6.7p1-5+deb8u4
2021-01-29 09:00:06 configure psmisc:armhf 22.21-2 <none>
2021-01-29 09:00:06 status unpacked psmisc:armhf 22.21-2
2021-01-29 09:00:06 status half-configured psmisc:armhf 22.21-2
2021-01-29 09:00:06 status installed psmisc:armhf 22.21-2
2021-01-29 09:00:06 configure tcpd:armhf 7.6.q-25 <none>
2021-01-29 09:00:06 status unpacked tcpd:armhf 7.6.q-25
2021-01-29 09:00:06 status half-configured tcpd:armhf 7.6.q-25
2021-01-29 09:00:06 status installed tcpd:armhf 7.6.q-25
2021-01-29 09:00:06 configure xauth:armhf 1:1.0.9-1 <none>
2021-01-29 09:00:06 status unpacked xauth:armhf 1:1.0.9-1
2021-01-29 09:00:06 status half-configured xauth:armhf 1:1.0.9-1
2021-01-29 09:00:06 status installed xauth:armhf 1:1.0.9-1
2021-01-29 09:00:06 trigproc libc-bin:armhf 2.19-18+deb8u10 <none>
2021-01-29 09:00:06 status half-configured libc-bin:armhf 2.19-18+deb8u10
2021-01-29 09:00:06 status installed libc-bin:armhf 2.19-18+deb8u10
2021-01-29 09:00:06 trigproc systemd:armhf 215-17+deb8u7 <none>
2021-01-29 09:00:06 status half-configured systemd:armhf 215-17+deb8u7
2021-01-29 09:00:06 status installed systemd:armhf 215-17+deb8u7
2021-01-29 09:00:08 startup packages configure
2021-01-29 09:00:35 startup archives unpack
2021-01-29 09:00:35 install libxml2:armhf <none> 2.9.1+dfsg1-5+deb8u6
2021-01-29 09:00:35 status half-installed libxml2:armhf 2.9.1+dfsg1-5+deb8u6
2021-01-29 09:00:36 status unpacked libxml2:armhf 2.9.1+dfsg1-5+deb8u6
2021-01-29 09:00:36 status unpacked libxml2:armhf 2.9.1+dfsg1-5+deb8u6
2021-01-29 09:00:36 install libgfortran3:armhf <none> 4.9.2-10+deb8u1
2021-01-29 09:00:36 status half-installed libgfortran3:armhf 4.9.2-10+deb8u1
2021-01-29 09:00:36 status unpacked libgfortran3:armhf 4.9.2-10+deb8u1
2021-01-29 09:00:36 status unpacked libgfortran3:armhf 4.9.2-10+deb8u1
2021-01-29 09:00:36 install libblas-common:armhf <none> 1.2.20110419-10
2021-01-29 09:00:36 status half-installed libblas-common:armhf 1.2.20110419-10
2021-01-29 09:00:36 status unpacked libblas-common:armhf 1.2.20110419-10
2021-01-29 09:00:36 status unpacked libblas-common:armhf 1.2.20110419-10
2021-01-29 09:00:37 install libblas3:armhf <none> 1.2.20110419-10
2021-01-29 09:00:37 status half-installed libblas3:armhf 1.2.20110419-10
2021-01-29 09:00:37 status unpacked libblas3:armhf 1.2.20110419-10
2021-01-29 09:00:37 status unpacked libblas3:armhf 1.2.20110419-10
2021-01-29 09:00:37 install liblinear1:armhf <none> 1.8+dfsg-4
2021-01-29 09:00:37 status half-installed liblinear1:armhf 1.8+dfsg-4
2021-01-29 09:00:37 status unpacked liblinear1:armhf 1.8+dfsg-4
2021-01-29 09:00:37 status unpacked liblinear1:armhf 1.8+dfsg-4
2021-01-29 09:00:37 install liblua5.2-0:armhf <none> 5.2.3-1.1
2021-01-29 09:00:37 status half-installed liblua5.2-0:armhf 5.2.3-1.1
2021-01-29 09:00:37 status unpacked liblua5.2-0:armhf 5.2.3-1.1
2021-01-29 09:00:37 status unpacked liblua5.2-0:armhf 5.2.3-1.1
2021-01-29 09:00:38 install libpcap0.8:armhf <none> 1.6.2-2
2021-01-29 09:00:38 status half-installed libpcap0.8:armhf 1.6.2-2
2021-01-29 09:00:38 status triggers-pending man-db:armhf 2.7.0.2-5
2021-01-29 09:00:38 status unpacked libpcap0.8:armhf 1.6.2-2
2021-01-29 09:00:38 status unpacked libpcap0.8:armhf 1.6.2-2
2021-01-29 09:00:38 install libxslt1.1:armhf <none> 1.1.28-2+deb8u3
2021-01-29 09:00:38 status half-installed libxslt1.1:armhf 1.1.28-2+deb8u3
2021-01-29 09:00:38 status unpacked libxslt1.1:armhf 1.1.28-2+deb8u3
2021-01-29 09:00:38 status unpacked libxslt1.1:armhf 1.1.28-2+deb8u3
2021-01-29 09:00:39 install resolvconf:all <none> 1.76.1
2021-01-29 09:00:39 status half-installed resolvconf:all 1.76.1
2021-01-29 09:00:39 status triggers-pending systemd:armhf 215-17+deb8u7
2021-01-29 09:00:39 status unpacked resolvconf:all 1.76.1
2021-01-29 09:00:39 status unpacked resolvconf:all 1.76.1
2021-01-29 09:00:39 install sgml-base:all <none> 1.26+nmu4
2021-01-29 09:00:39 status half-installed sgml-base:all 1.26+nmu4
2021-01-29 09:00:39 status unpacked sgml-base:all 1.26+nmu4
2021-01-29 09:00:39 status unpacked sgml-base:all 1.26+nmu4
2021-01-29 09:00:39 install libfile-copy-recursive-perl:all <none> 0.38-1
2021-01-29 09:00:39 status half-installed libfile-copy-recursive-perl:all 0.38-1
2021-01-29 09:00:39 status unpacked libfile-copy-recursive-perl:all 0.38-1
2021-01-29 09:00:39 status unpacked libfile-copy-recursive-perl:all 0.38-1
2021-01-29 09:00:40 install update-inetd:all <none> 4.43
2021-01-29 09:00:40 status half-installed update-inetd:all 4.43
2021-01-29 09:00:40 status unpacked update-inetd:all 4.43
2021-01-29 09:00:40 status unpacked update-inetd:all 4.43
2021-01-29 09:00:40 install openbsd-inetd:armhf <none> 0.20140418-2
2021-01-29 09:00:40 status half-installed openbsd-inetd:armhf 0.20140418-2
2021-01-29 09:00:40 status unpacked openbsd-inetd:armhf 0.20140418-2
2021-01-29 09:00:40 status unpacked openbsd-inetd:armhf 0.20140418-2
2021-01-29 09:00:40 install python-lxml:armhf <none> 3.4.0-1
2021-01-29 09:00:40 status half-installed python-lxml:armhf 3.4.0-1
2021-01-29 09:00:41 status unpacked python-lxml:armhf 3.4.0-1
2021-01-29 09:00:41 status unpacked python-lxml:armhf 3.4.0-1
2021-01-29 09:00:41 install tcpdump:armhf <none> 4.9.2-1~deb8u1
2021-01-29 09:00:41 status half-installed tcpdump:armhf 4.9.2-1~deb8u1
2021-01-29 09:00:42 status unpacked tcpdump:armhf 4.9.2-1~deb8u1
2021-01-29 09:00:42 status unpacked tcpdump:armhf 4.9.2-1~deb8u1
2021-01-29 09:00:42 install tftpd:armhf <none> 0.17-18
2021-01-29 09:00:42 status half-installed tftpd:armhf 0.17-18
2021-01-29 09:00:42 status unpacked tftpd:armhf 0.17-18
2021-01-29 09:00:42 status unpacked tftpd:armhf 0.17-18
2021-01-29 09:00:42 install xml-core:all <none> 0.13+nmu2
2021-01-29 09:00:42 status half-installed xml-core:all 0.13+nmu2
2021-01-29 09:00:42 status unpacked xml-core:all 0.13+nmu2
2021-01-29 09:00:42 status unpacked xml-core:all 0.13+nmu2
2021-01-29 09:00:43 install ndiff:all <none> 6.47-3+deb8u2
2021-01-29 09:00:43 status half-installed ndiff:all 6.47-3+deb8u2
2021-01-29 09:00:43 status unpacked ndiff:all 6.47-3+deb8u2
2021-01-29 09:00:43 status unpacked ndiff:all 6.47-3+deb8u2
2021-01-29 09:00:43 install nmap:armhf <none> 6.47-3+deb8u2
2021-01-29 09:00:43 status half-installed nmap:armhf 6.47-3+deb8u2
2021-01-29 09:00:46 status unpacked nmap:armhf 6.47-3+deb8u2
2021-01-29 09:00:46 status unpacked nmap:armhf 6.47-3+deb8u2
2021-01-29 09:00:46 install p0f:armhf <none> 2.0.8-2
2021-01-29 09:00:46 status half-installed p0f:armhf 2.0.8-2
2021-01-29 09:00:46 status unpacked p0f:armhf 2.0.8-2
2021-01-29 09:00:46 status unpacked p0f:armhf 2.0.8-2
2021-01-29 09:00:46 trigproc man-db:armhf 2.7.0.2-5 <none>
2021-01-29 09:00:46 status half-configured man-db:armhf 2.7.0.2-5
2021-01-29 09:00:52 status installed man-db:armhf 2.7.0.2-5
2021-01-29 09:00:52 trigproc systemd:armhf 215-17+deb8u7 <none>
2021-01-29 09:00:52 status half-configured systemd:armhf 215-17+deb8u7
2021-01-29 09:00:52 status installed systemd:armhf 215-17+deb8u7
2021-01-29 09:00:54 startup packages configure
2021-01-29 09:00:54 configure libxml2:armhf 2.9.1+dfsg1-5+deb8u6 <none>
2021-01-29 09:00:54 status unpacked libxml2:armhf 2.9.1+dfsg1-5+deb8u6
2021-01-29 09:00:54 status half-configured libxml2:armhf 2.9.1+dfsg1-5+deb8u6
2021-01-29 09:00:54 status installed libxml2:armhf 2.9.1+dfsg1-5+deb8u6
2021-01-29 09:00:54 status triggers-pending libc-bin:armhf 2.19-18+deb8u10
2021-01-29 09:00:54 configure libgfortran3:armhf 4.9.2-10+deb8u1 <none>
2021-01-29 09:00:54 status unpacked libgfortran3:armhf 4.9.2-10+deb8u1
2021-01-29 09:00:54 status half-configured libgfortran3:armhf 4.9.2-10+deb8u1
2021-01-29 09:00:54 status installed libgfortran3:armhf 4.9.2-10+deb8u1
2021-01-29 09:00:54 configure libblas-common:armhf 1.2.20110419-10 <none>
2021-01-29 09:00:54 status unpacked libblas-common:armhf 1.2.20110419-10
2021-01-29 09:00:54 status half-configured libblas-common:armhf 1.2.20110419-10
2021-01-29 09:00:54 status installed libblas-common:armhf 1.2.20110419-10
2021-01-29 09:00:54 configure libblas3:armhf 1.2.20110419-10 <none>
2021-01-29 09:00:54 status unpacked libblas3:armhf 1.2.20110419-10
2021-01-29 09:00:54 status half-configured libblas3:armhf 1.2.20110419-10
2021-01-29 09:00:54 status installed libblas3:armhf 1.2.20110419-10
2021-01-29 09:00:54 configure liblinear1:armhf 1.8+dfsg-4 <none>
2021-01-29 09:00:54 status unpacked liblinear1:armhf 1.8+dfsg-4
2021-01-29 09:00:54 status half-configured liblinear1:armhf 1.8+dfsg-4
2021-01-29 09:00:54 status installed liblinear1:armhf 1.8+dfsg-4
2021-01-29 09:00:54 configure liblua5.2-0:armhf 5.2.3-1.1 <none>
2021-01-29 09:00:54 status unpacked liblua5.2-0:armhf 5.2.3-1.1
2021-01-29 09:00:54 status half-configured liblua5.2-0:armhf 5.2.3-1.1
2021-01-29 09:00:55 status installed liblua5.2-0:armhf 5.2.3-1.1
2021-01-29 09:00:55 configure libpcap0.8:armhf 1.6.2-2 <none>
2021-01-29 09:00:55 status unpacked libpcap0.8:armhf 1.6.2-2
2021-01-29 09:00:55 status half-configured libpcap0.8:armhf 1.6.2-2
2021-01-29 09:00:55 status installed libpcap0.8:armhf 1.6.2-2
2021-01-29 09:00:55 configure libxslt1.1:armhf 1.1.28-2+deb8u3 <none>
2021-01-29 09:00:55 status unpacked libxslt1.1:armhf 1.1.28-2+deb8u3
2021-01-29 09:00:55 status half-configured libxslt1.1:armhf 1.1.28-2+deb8u3
2021-01-29 09:00:55 status installed libxslt1.1:armhf 1.1.28-2+deb8u3
2021-01-29 09:00:55 configure resolvconf:all 1.76.1 <none>
2021-01-29 09:00:55 status unpacked resolvconf:all 1.76.1
2021-01-29 09:00:55 status unpacked resolvconf:all 1.76.1
2021-01-29 09:00:55 status triggers-pending systemd:armhf 215-17+deb8u7
2021-01-29 09:00:55 status unpacked resolvconf:all 1.76.1
2021-01-29 09:00:55 status unpacked resolvconf:all 1.76.1
2021-01-29 09:00:55 status unpacked resolvconf:all 1.76.1
2021-01-29 09:00:55 status unpacked resolvconf:all 1.76.1
2021-01-29 09:00:55 status unpacked resolvconf:all 1.76.1
2021-01-29 09:00:55 status unpacked resolvconf:all 1.76.1
2021-01-29 09:00:55 status unpacked resolvconf:all 1.76.1
2021-01-29 09:00:55 status unpacked resolvconf:all 1.76.1
2021-01-29 09:00:55 status unpacked resolvconf:all 1.76.1
2021-01-29 09:00:55 status unpacked resolvconf:all 1.76.1
2021-01-29 09:00:55 status half-configured resolvconf:all 1.76.1
2021-01-29 09:01:00 status installed resolvconf:all 1.76.1
2021-01-29 09:01:00 status triggers-pending resolvconf:all 1.76.1
2021-01-29 09:01:00 configure sgml-base:all 1.26+nmu4 <none>
2021-01-29 09:01:00 status unpacked sgml-base:all 1.26+nmu4
2021-01-29 09:01:00 status half-configured sgml-base:all 1.26+nmu4
2021-01-29 09:01:01 status installed sgml-base:all 1.26+nmu4
2021-01-29 09:01:01 configure libfile-copy-recursive-perl:all 0.38-1 <none>
2021-01-29 09:01:01 status unpacked libfile-copy-recursive-perl:all 0.38-1
2021-01-29 09:01:01 status half-configured libfile-copy-recursive-perl:all 0.38-1
2021-01-29 09:01:01 status installed libfile-copy-recursive-perl:all 0.38-1
2021-01-29 09:01:01 configure update-inetd:all 4.43 <none>
2021-01-29 09:01:01 status unpacked update-inetd:all 4.43
2021-01-29 09:01:01 status half-configured update-inetd:all 4.43
2021-01-29 09:01:03 status installed update-inetd:all 4.43
2021-01-29 09:01:03 configure openbsd-inetd:armhf 0.20140418-2 <none>
2021-01-29 09:01:03 status unpacked openbsd-inetd:armhf 0.20140418-2
2021-01-29 09:01:03 status unpacked openbsd-inetd:armhf 0.20140418-2
2021-01-29 09:01:03 status half-configured openbsd-inetd:armhf 0.20140418-2
2021-01-29 09:01:07 status installed openbsd-inetd:armhf 0.20140418-2
2021-01-29 09:01:07 configure python-lxml:armhf 3.4.0-1 <none>
2021-01-29 09:01:07 status unpacked python-lxml:armhf 3.4.0-1
2021-01-29 09:01:07 status half-configured python-lxml:armhf 3.4.0-1
2021-01-29 09:01:09 status installed python-lxml:armhf 3.4.0-1
2021-01-29 09:01:09 configure tcpdump:armhf 4.9.2-1~deb8u1 <none>
2021-01-29 09:01:09 status unpacked tcpdump:armhf 4.9.2-1~deb8u1
2021-01-29 09:01:09 status half-configured tcpdump:armhf 4.9.2-1~deb8u1
2021-01-29 09:01:09 status installed tcpdump:armhf 4.9.2-1~deb8u1
2021-01-29 09:01:09 configure tftpd:armhf 0.17-18 <none>
2021-01-29 09:01:09 status unpacked tftpd:armhf 0.17-18
2021-01-29 09:01:09 status half-configured tftpd:armhf 0.17-18
2021-01-29 09:01:12 status installed tftpd:armhf 0.17-18
2021-01-29 09:01:12 configure xml-core:all 0.13+nmu2 <none>
2021-01-29 09:01:12 status unpacked xml-core:all 0.13+nmu2
2021-01-29 09:01:12 status triggers-pending sgml-base:all 1.26+nmu4
2021-01-29 09:01:12 status unpacked xml-core:all 0.13+nmu2
2021-01-29 09:01:12 status unpacked xml-core:all 0.13+nmu2
2021-01-29 09:01:12 status half-configured xml-core:all 0.13+nmu2
2021-01-29 09:01:16 status triggers-awaited xml-core:all 0.13+nmu2
2021-01-29 09:01:16 configure ndiff:all 6.47-3+deb8u2 <none>
2021-01-29 09:01:16 status unpacked ndiff:all 6.47-3+deb8u2
2021-01-29 09:01:16 status half-configured ndiff:all 6.47-3+deb8u2
2021-01-29 09:01:18 status installed ndiff:all 6.47-3+deb8u2
2021-01-29 09:01:18 configure nmap:armhf 6.47-3+deb8u2 <none>
2021-01-29 09:01:18 status unpacked nmap:armhf 6.47-3+deb8u2
2021-01-29 09:01:18 status half-configured nmap:armhf 6.47-3+deb8u2
2021-01-29 09:01:18 status installed nmap:armhf 6.47-3+deb8u2
2021-01-29 09:01:18 configure p0f:armhf 2.0.8-2 <none>
2021-01-29 09:01:18 status unpacked p0f:armhf 2.0.8-2
2021-01-29 09:01:18 status unpacked p0f:armhf 2.0.8-2
2021-01-29 09:01:18 status unpacked p0f:armhf 2.0.8-2
2021-01-29 09:01:18 status unpacked p0f:armhf 2.0.8-2
2021-01-29 09:01:18 status half-configured p0f:armhf 2.0.8-2
2021-01-29 09:01:18 status installed p0f:armhf 2.0.8-2
2021-01-29 09:01:18 trigproc libc-bin:armhf 2.19-18+deb8u10 <none>
2021-01-29 09:01:18 status half-configured libc-bin:armhf 2.19-18+deb8u10
2021-01-29 09:01:18 status installed libc-bin:armhf 2.19-18+deb8u10
2021-01-29 09:01:18 trigproc systemd:armhf 215-17+deb8u7 <none>
2021-01-29 09:01:18 status half-configured systemd:armhf 215-17+deb8u7
2021-01-29 09:01:19 status installed systemd:armhf 215-17+deb8u7
2021-01-29 09:01:19 trigproc resolvconf:all 1.76.1 <none>
2021-01-29 09:01:19 status half-configured resolvconf:all 1.76.1
2021-01-29 09:01:24 status installed resolvconf:all 1.76.1
2021-01-29 09:01:24 trigproc sgml-base:all 1.26+nmu4 <none>
2021-01-29 09:01:24 status half-configured sgml-base:all 1.26+nmu4
2021-01-29 09:01:24 status installed xml-core:all 0.13+nmu2
2021-01-29 09:01:24 status installed sgml-base:all 1.26+nmu4
2021-01-29 09:01:26 startup packages configure
2021-01-29 09:02:21 startup packages remove
2021-01-29 09:02:21 status installed libsigc++-2.0-0c2a:armhf 2.4.0-1
2021-01-29 09:02:21 remove libsigc++-2.0-0c2a:armhf 2.4.0-1 <none>
2021-01-29 09:02:21 status half-configured libsigc++-2.0-0c2a:armhf 2.4.0-1
2021-01-29 09:02:21 status half-installed libsigc++-2.0-0c2a:armhf 2.4.0-1
2021-01-29 09:02:21 status triggers-pending libc-bin:armhf 2.19-18+deb8u10
2021-01-29 09:02:21 status config-files libsigc++-2.0-0c2a:armhf 2.4.0-1
2021-01-29 09:02:21 status config-files libsigc++-2.0-0c2a:armhf 2.4.0-1
2021-01-29 09:02:21 trigproc libc-bin:armhf 2.19-18+deb8u10 <none>
2021-01-29 09:02:21 status half-configured libc-bin:armhf 2.19-18+deb8u10
2021-01-29 09:02:21 status installed libc-bin:armhf 2.19-18+deb8u10
2021-01-29 09:02:23 startup archives unpack
2021-01-29 09:02:24 install gcc-6-base:armhf <none> 6.3.0-18+deb9u1
2021-01-29 09:02:24 status half-installed gcc-6-base:armhf 6.3.0-18+deb9u1
2021-01-29 09:02:24 status unpacked gcc-6-base:armhf 6.3.0-18+deb9u1
2021-01-29 09:02:24 status unpacked gcc-6-base:armhf 6.3.0-18+deb9u1
2021-01-29 09:02:26 startup packages configure
2021-01-29 09:02:26 configure gcc-6-base:armhf 6.3.0-18+deb9u1 <none>
2021-01-29 09:02:26 status unpacked gcc-6-base:armhf 6.3.0-18+deb9u1
2021-01-29 09:02:26 status half-configured gcc-6-base:armhf 6.3.0-18+deb9u1
2021-01-29 09:02:26 status installed gcc-6-base:armhf 6.3.0-18+deb9u1
2021-01-29 09:02:28 startup archives unpack
2021-01-29 09:02:28 upgrade libstdc++6:armhf 4.9.2-10+deb8u1 6.3.0-18+deb9u1
2021-01-29 09:02:28 status triggers-pending libc-bin:armhf 2.19-18+deb8u10
2021-01-29 09:02:28 status half-configured libstdc++6:armhf 4.9.2-10+deb8u1
2021-01-29 09:02:28 status unpacked libstdc++6:armhf 4.9.2-10+deb8u1
2021-01-29 09:02:28 status half-installed libstdc++6:armhf 4.9.2-10+deb8u1
2021-01-29 09:02:28 status half-installed libstdc++6:armhf 4.9.2-10+deb8u1
2021-01-29 09:02:28 status unpacked libstdc++6:armhf 6.3.0-18+deb9u1
2021-01-29 09:02:28 status unpacked libstdc++6:armhf 6.3.0-18+deb9u1
2021-01-29 09:02:28 trigproc libc-bin:armhf 2.19-18+deb8u10 <none>
2021-01-29 09:02:28 status half-configured libc-bin:armhf 2.19-18+deb8u10
2021-01-29 09:02:28 status installed libc-bin:armhf 2.19-18+deb8u10
2021-01-29 09:02:30 startup packages configure
2021-01-29 09:02:30 configure libstdc++6:armhf 6.3.0-18+deb9u1 <none>
2021-01-29 09:02:30 status triggers-pending libc-bin:armhf 2.19-18+deb8u10
2021-01-29 09:02:30 status unpacked libstdc++6:armhf 6.3.0-18+deb9u1
2021-01-29 09:02:30 status half-configured libstdc++6:armhf 6.3.0-18+deb9u1
2021-01-29 09:02:30 status installed libstdc++6:armhf 6.3.0-18+deb9u1
2021-01-29 09:02:30 trigproc libc-bin:armhf 2.19-18+deb8u10 <none>
2021-01-29 09:02:30 status half-configured libc-bin:armhf 2.19-18+deb8u10
2021-01-29 09:02:30 status installed libc-bin:armhf 2.19-18+deb8u10
2021-01-29 09:02:33 startup archives unpack
2021-01-29 09:02:33 install libssl1.0.2:armhf <none> 1.0.2u-1~deb9u1
2021-01-29 09:02:33 status triggers-pending libc-bin:armhf 2.19-18+deb8u10
2021-01-29 09:02:33 status half-installed libssl1.0.2:armhf 1.0.2u-1~deb9u1
2021-01-29 09:02:34 status unpacked libssl1.0.2:armhf 1.0.2u-1~deb9u1
2021-01-29 09:02:34 status unpacked libssl1.0.2:armhf 1.0.2u-1~deb9u1
2021-01-29 09:02:34 install libssl1.1:armhf <none> 1.1.0l-1~deb9u1
2021-01-29 09:02:34 status half-installed libssl1.1:armhf 1.1.0l-1~deb9u1
2021-01-29 09:02:35 status unpacked libssl1.1:armhf 1.1.0l-1~deb9u1
2021-01-29 09:02:35 status unpacked libssl1.1:armhf 1.1.0l-1~deb9u1
2021-01-29 09:02:35 install openssl:armhf <none> 1.1.0l-1~deb9u1
2021-01-29 09:02:35 status half-installed openssl:armhf 1.1.0l-1~deb9u1
2021-01-29 09:02:35 status triggers-pending man-db:armhf 2.7.0.2-5
2021-01-29 09:02:36 status unpacked openssl:armhf 1.1.0l-1~deb9u1
2021-01-29 09:02:36 status unpacked openssl:armhf 1.1.0l-1~deb9u1
2021-01-29 09:02:36 install ca-certificates:all <none> 20200601~deb9u1
2021-01-29 09:02:36 status half-installed ca-certificates:all 20200601~deb9u1
2021-01-29 09:02:36 status unpacked ca-certificates:all 20200601~deb9u1
2021-01-29 09:02:36 status unpacked ca-certificates:all 20200601~deb9u1
2021-01-29 09:02:36 install javascript-common:all <none> 11
2021-01-29 09:02:36 status half-installed javascript-common:all 11
2021-01-29 09:02:37 status unpacked javascript-common:all 11
2021-01-29 09:02:37 status unpacked javascript-common:all 11
2021-01-29 09:02:37 install libicu57:armhf <none> 57.1-6+deb9u4
2021-01-29 09:02:37 status half-installed libicu57:armhf 57.1-6+deb9u4
2021-01-29 09:02:43 status unpacked libicu57:armhf 57.1-6+deb9u4
2021-01-29 09:02:43 status unpacked libicu57:armhf 57.1-6+deb9u4
2021-01-29 09:02:43 install libjs-bowser:all <none> 0.7.3-2
2021-01-29 09:02:43 status half-installed libjs-bowser:all 0.7.3-2
2021-01-29 09:02:43 status unpacked libjs-bowser:all 0.7.3-2
2021-01-29 09:02:43 status unpacked libjs-bowser:all 0.7.3-2
2021-01-29 09:02:44 install libjs-events:all <none> 1.0.2-2
2021-01-29 09:02:44 status half-installed libjs-events:all 1.0.2-2
2021-01-29 09:02:44 status unpacked libjs-events:all 1.0.2-2
2021-01-29 09:02:44 status unpacked libjs-events:all 1.0.2-2
2021-01-29 09:02:44 install libjs-is-typedarray:all <none> 1.0.0-2
2021-01-29 09:02:44 status half-installed libjs-is-typedarray:all 1.0.0-2
2021-01-29 09:02:44 status unpacked libjs-is-typedarray:all 1.0.0-2
2021-01-29 09:02:44 status unpacked libjs-is-typedarray:all 1.0.0-2
2021-01-29 09:02:44 install libjs-jquery:all <none> 3.1.1-2+deb9u1
2021-01-29 09:02:44 status half-installed libjs-jquery:all 3.1.1-2+deb9u1
2021-01-29 09:02:44 status unpacked libjs-jquery:all 3.1.1-2+deb9u1
2021-01-29 09:02:44 status unpacked libjs-jquery:all 3.1.1-2+deb9u1
2021-01-29 09:02:44 install libssl1.0-dev:armhf <none> 1.0.2u-1~deb9u1
2021-01-29 09:02:44 status half-installed libssl1.0-dev:armhf 1.0.2u-1~deb9u1
2021-01-29 09:02:46 status unpacked libssl1.0-dev:armhf 1.0.2u-1~deb9u1
2021-01-29 09:02:46 status unpacked libssl1.0-dev:armhf 1.0.2u-1~deb9u1
2021-01-29 09:02:46 install libuv1:armhf <none> 1.9.1-3
2021-01-29 09:02:46 status half-installed libuv1:armhf 1.9.1-3
2021-01-29 09:02:46 status unpacked libuv1:armhf 1.9.1-3
2021-01-29 09:02:46 status unpacked libuv1:armhf 1.9.1-3
2021-01-29 09:02:46 install libuv1-dev:armhf <none> 1.9.1-3
2021-01-29 09:02:46 status half-installed libuv1-dev:armhf 1.9.1-3
2021-01-29 09:02:46 status unpacked libuv1-dev:armhf 1.9.1-3
2021-01-29 09:02:46 status unpacked libuv1-dev:armhf 1.9.1-3
2021-01-29 09:02:47 install nodejs:armhf <none> 4.8.2~dfsg-1
2021-01-29 09:02:47 status half-installed nodejs:armhf 4.8.2~dfsg-1
2021-01-29 09:02:49 status unpacked nodejs:armhf 4.8.2~dfsg-1
2021-01-29 09:02:49 status unpacked nodejs:armhf 4.8.2~dfsg-1
2021-01-29 09:02:49 install nodejs-dev:armhf <none> 4.8.2~dfsg-1
2021-01-29 09:02:49 status half-installed nodejs-dev:armhf 4.8.2~dfsg-1
2021-01-29 09:02:49 status unpacked nodejs-dev:armhf 4.8.2~dfsg-1
2021-01-29 09:02:49 status unpacked nodejs-dev:armhf 4.8.2~dfsg-1
2021-01-29 09:02:50 install libjs-websocket:all <none> 1.0.23-3
2021-01-29 09:02:50 status half-installed libjs-websocket:all 1.0.23-3
2021-01-29 09:02:50 status unpacked libjs-websocket:all 1.0.23-3
2021-01-29 09:02:50 status unpacked libjs-websocket:all 1.0.23-3
2021-01-29 09:02:50 install libjs-merge:all <none> 1.2.0-2
2021-01-29 09:02:50 status half-installed libjs-merge:all 1.2.0-2
2021-01-29 09:02:50 status unpacked libjs-merge:all 1.2.0-2
2021-01-29 09:02:50 status unpacked libjs-merge:all 1.2.0-2
2021-01-29 09:02:50 install libjs-rtcninja:all <none> 0.6.2-2
2021-01-29 09:02:50 status half-installed libjs-rtcninja:all 0.6.2-2
2021-01-29 09:02:50 status unpacked libjs-rtcninja:all 0.6.2-2
2021-01-29 09:02:50 status unpacked libjs-rtcninja:all 0.6.2-2
2021-01-29 09:02:50 install libjs-inherits:all <none> 2.0.3-1
2021-01-29 09:02:50 status half-installed libjs-inherits:all 2.0.3-1
2021-01-29 09:02:50 status unpacked libjs-inherits:all 2.0.3-1
2021-01-29 09:02:50 status unpacked libjs-inherits:all 2.0.3-1
2021-01-29 09:02:51 install node-inherits:all <none> 2.0.3-1
2021-01-29 09:02:51 status half-installed node-inherits:all 2.0.3-1
2021-01-29 09:02:51 status unpacked node-inherits:all 2.0.3-1
2021-01-29 09:02:51 status unpacked node-inherits:all 2.0.3-1
2021-01-29 09:02:51 install libjs-util:all <none> 0.10.3-2
2021-01-29 09:02:51 status half-installed libjs-util:all 0.10.3-2
2021-01-29 09:02:51 status unpacked libjs-util:all 0.10.3-2
2021-01-29 09:02:51 status unpacked libjs-util:all 0.10.3-2
2021-01-29 09:02:51 install libjs-sdp-transform:all <none> 1.4.0-2
2021-01-29 09:02:51 status half-installed libjs-sdp-transform:all 1.4.0-2
2021-01-29 09:02:51 status unpacked libjs-sdp-transform:all 1.4.0-2
2021-01-29 09:02:51 status unpacked libjs-sdp-transform:all 1.4.0-2
2021-01-29 09:02:51 install libjs-jssip:all <none> 0.6.34-5
2021-01-29 09:02:51 status half-installed libjs-jssip:all 0.6.34-5
2021-01-29 09:02:52 status unpacked libjs-jssip:all 0.6.34-5
2021-01-29 09:02:52 status unpacked libjs-jssip:all 0.6.34-5
2021-01-29 09:02:52 install libjs-typedarray-to-buffer:all <none> 3.0.3-3
2021-01-29 09:02:52 status half-installed libjs-typedarray-to-buffer:all 3.0.3-3
2021-01-29 09:02:52 status unpacked libjs-typedarray-to-buffer:all 3.0.3-3
2021-01-29 09:02:52 status unpacked libjs-typedarray-to-buffer:all 3.0.3-3
2021-01-29 09:02:52 install node-bowser:all <none> 0.7.3-2
2021-01-29 09:02:52 status half-installed node-bowser:all 0.7.3-2
2021-01-29 09:02:52 status unpacked node-bowser:all 0.7.3-2
2021-01-29 09:02:52 status unpacked node-bowser:all 0.7.3-2
2021-01-29 09:02:52 install node-cli:all <none> 0.4.4~20120516-1
2021-01-29 09:02:52 status half-installed node-cli:all 0.4.4~20120516-1
2021-01-29 09:02:52 status unpacked node-cli:all 0.4.4~20120516-1
2021-01-29 09:02:52 status unpacked node-cli:all 0.4.4~20120516-1
2021-01-29 09:02:53 install node-esprima:all <none> 3.1.3+ds-1
2021-01-29 09:02:53 status half-installed node-esprima:all 3.1.3+ds-1
2021-01-29 09:02:53 status unpacked node-esprima:all 3.1.3+ds-1
2021-01-29 09:02:53 status unpacked node-esprima:all 3.1.3+ds-1
2021-01-29 09:02:53 install node-events:all <none> 1.0.2-2
2021-01-29 09:02:53 status half-installed node-events:all 1.0.2-2
2021-01-29 09:02:53 status unpacked node-events:all 1.0.2-2
2021-01-29 09:02:53 status unpacked node-events:all 1.0.2-2
2021-01-29 09:02:53 install node-is-typedarray:all <none> 1.0.0-2
2021-01-29 09:02:53 status half-installed node-is-typedarray:all 1.0.0-2
2021-01-29 09:02:53 status unpacked node-is-typedarray:all 1.0.0-2
2021-01-29 09:02:53 status unpacked node-is-typedarray:all 1.0.0-2
2021-01-29 09:02:53 install node-jju:all <none> 1.1.0-1
2021-01-29 09:02:53 status half-installed node-jju:all 1.1.0-1
2021-01-29 09:02:53 status unpacked node-jju:all 1.1.0-1
2021-01-29 09:02:53 status unpacked node-jju:all 1.1.0-1
2021-01-29 09:02:54 install node-js-tokens:all <none> 2.0.0-1
2021-01-29 09:02:54 status half-installed node-js-tokens:all 2.0.0-1
2021-01-29 09:02:54 status unpacked node-js-tokens:all 2.0.0-1
2021-01-29 09:02:54 status unpacked node-js-tokens:all 2.0.0-1
2021-01-29 09:02:54 install node-sprintf-js:all <none> 1.0.3-2
2021-01-29 09:02:54 status half-installed node-sprintf-js:all 1.0.3-2
2021-01-29 09:02:54 status unpacked node-sprintf-js:all 1.0.3-2
2021-01-29 09:02:54 status unpacked node-sprintf-js:all 1.0.3-2
2021-01-29 09:02:54 install node-argparse:all <none> 1.0.7-1
2021-01-29 09:02:54 status half-installed node-argparse:all 1.0.7-1
2021-01-29 09:02:54 status unpacked node-argparse:all 1.0.7-1
2021-01-29 09:02:54 status unpacked node-argparse:all 1.0.7-1
2021-01-29 09:02:54 install node-js-yaml:all <none> 3.7.0+dfsg-1
2021-01-29 09:02:54 status half-installed node-js-yaml:all 3.7.0+dfsg-1
2021-01-29 09:02:54 status unpacked node-js-yaml:all 3.7.0+dfsg-1
2021-01-29 09:02:54 status unpacked node-js-yaml:all 3.7.0+dfsg-1
2021-01-29 09:02:55 install node-jsconfig:all <none> 0.2.0-1
2021-01-29 09:02:55 status half-installed node-jsconfig:all 0.2.0-1
2021-01-29 09:02:55 status unpacked node-jsconfig:all 0.2.0-1
2021-01-29 09:02:55 status unpacked node-jsconfig:all 0.2.0-1
2021-01-29 09:02:55 install node-jsesc:all <none> 2.4.0-1
2021-01-29 09:02:55 status half-installed node-jsesc:all 2.4.0-1
2021-01-29 09:02:55 status unpacked node-jsesc:all 2.4.0-1
2021-01-29 09:02:55 status unpacked node-jsesc:all 2.4.0-1
2021-01-29 09:02:55 install node-json-localizer:all <none> 0.0.3-1
2021-01-29 09:02:55 status half-installed node-json-localizer:all 0.0.3-1
2021-01-29 09:02:55 status unpacked node-json-localizer:all 0.0.3-1
2021-01-29 09:02:55 status unpacked node-json-localizer:all 0.0.3-1
2021-01-29 09:02:55 install node-json-parse-helpfulerror:all <none> 1.0.3-2
2021-01-29 09:02:55 status half-installed node-json-parse-helpfulerror:all 1.0.3-2
2021-01-29 09:02:55 status unpacked node-json-parse-helpfulerror:all 1.0.3-2
2021-01-29 09:02:55 status unpacked node-json-parse-helpfulerror:all 1.0.3-2
2021-01-29 09:02:56 install node-jsonify:all <none> 0.0.0-1
2021-01-29 09:02:56 status half-installed node-jsonify:all 0.0.0-1
2021-01-29 09:02:56 status unpacked node-jsonify:all 0.0.0-1
2021-01-29 09:02:56 status unpacked node-jsonify:all 0.0.0-1
2021-01-29 09:02:56 install node-json-stable-stringify:all <none> 1.0.1-1
2021-01-29 09:02:56 status half-installed node-json-stable-stringify:all 1.0.1-1
2021-01-29 09:02:56 status unpacked node-json-stable-stringify:all 1.0.1-1
2021-01-29 09:02:56 status unpacked node-json-stable-stringify:all 1.0.1-1
2021-01-29 09:02:56 install node-json5:all <none> 0.5.0-1
2021-01-29 09:02:56 status half-installed node-json5:all 0.5.0-1
2021-01-29 09:02:56 status unpacked node-json5:all 0.5.0-1
2021-01-29 09:02:56 status unpacked node-json5:all 0.5.0-1
2021-01-29 09:02:56 install node-jsonminify:all <none> 0.4.1+dfsg1-1
2021-01-29 09:02:56 status half-installed node-jsonminify:all 0.4.1+dfsg1-1
2021-01-29 09:02:56 status unpacked node-jsonminify:all 0.4.1+dfsg1-1
2021-01-29 09:02:56 status unpacked node-jsonminify:all 0.4.1+dfsg1-1
2021-01-29 09:02:56 install node-jsonselect:all <none> 0.4.0+dfsg3-1
2021-01-29 09:02:56 status half-installed node-jsonselect:all 0.4.0+dfsg3-1
2021-01-29 09:02:57 status unpacked node-jsonselect:all 0.4.0+dfsg3-1
2021-01-29 09:02:57 status unpacked node-jsonselect:all 0.4.0+dfsg3-1
2021-01-29 09:02:57 install node-through:all <none> 2.3.8-1
2021-01-29 09:02:57 status half-installed node-through:all 2.3.8-1
2021-01-29 09:02:57 status unpacked node-through:all 2.3.8-1
2021-01-29 09:02:57 status unpacked node-through:all 2.3.8-1
2021-01-29 09:02:57 install node-jsonparse:all <none> 1.2.0-1
2021-01-29 09:02:57 status half-installed node-jsonparse:all 1.2.0-1
2021-01-29 09:02:57 status unpacked node-jsonparse:all 1.2.0-1
2021-01-29 09:02:57 status unpacked node-jsonparse:all 1.2.0-1
2021-01-29 09:02:57 install node-jsonstream:all <none> 1.0.3-4
2021-01-29 09:02:57 status half-installed node-jsonstream:all 1.0.3-4
2021-01-29 09:02:57 status unpacked node-jsonstream:all 1.0.3-4
2021-01-29 09:02:57 status unpacked node-jsonstream:all 1.0.3-4
2021-01-29 09:02:57 install node-nan:all <none> 2.4.0-2
2021-01-29 09:02:57 status half-installed node-nan:all 2.4.0-2
2021-01-29 09:02:58 status unpacked node-nan:all 2.4.0-2
2021-01-29 09:02:58 status unpacked node-nan:all 2.4.0-2
2021-01-29 09:02:58 install node-typedarray-to-buffer:all <none> 3.0.3-3
2021-01-29 09:02:58 status half-installed node-typedarray-to-buffer:all 3.0.3-3
2021-01-29 09:02:58 status unpacked node-typedarray-to-buffer:all 3.0.3-3
2021-01-29 09:02:58 status unpacked node-typedarray-to-buffer:all 3.0.3-3
2021-01-29 09:02:58 install node-debug:all <none> 2.5.1-1
2021-01-29 09:02:58 status half-installed node-debug:all 2.5.1-1
2021-01-29 09:02:58 status unpacked node-debug:all 2.5.1-1
2021-01-29 09:02:58 status unpacked node-debug:all 2.5.1-1
2021-01-29 09:02:58 install node-websocket:armhf <none> 1.0.23-3
2021-01-29 09:02:58 status half-installed node-websocket:armhf 1.0.23-3
2021-01-29 09:02:58 status unpacked node-websocket:armhf 1.0.23-3
2021-01-29 09:02:58 status unpacked node-websocket:armhf 1.0.23-3
2021-01-29 09:02:59 install node-merge:all <none> 1.2.0-2
2021-01-29 09:02:59 status half-installed node-merge:all 1.2.0-2
2021-01-29 09:02:59 status unpacked node-merge:all 1.2.0-2
2021-01-29 09:02:59 status unpacked node-merge:all 1.2.0-2
2021-01-29 09:02:59 install node-rtcninja:all <none> 0.6.2-2
2021-01-29 09:02:59 status half-installed node-rtcninja:all 0.6.2-2
2021-01-29 09:02:59 status unpacked node-rtcninja:all 0.6.2-2
2021-01-29 09:02:59 status unpacked node-rtcninja:all 0.6.2-2
2021-01-29 09:02:59 install node-util:all <none> 0.10.3-2
2021-01-29 09:02:59 status half-installed node-util:all 0.10.3-2
2021-01-29 09:02:59 status unpacked node-util:all 0.10.3-2
2021-01-29 09:02:59 status unpacked node-util:all 0.10.3-2
2021-01-29 09:02:59 install node-sdp-transform:all <none> 1.4.0-2
2021-01-29 09:02:59 status half-installed node-sdp-transform:all 1.4.0-2
2021-01-29 09:02:59 status unpacked node-sdp-transform:all 1.4.0-2
2021-01-29 09:02:59 status unpacked node-sdp-transform:all 1.4.0-2
2021-01-29 09:03:00 install node-jssip:all <none> 0.6.34-5
2021-01-29 09:03:00 status half-installed node-jssip:all 0.6.34-5
2021-01-29 09:03:00 status unpacked node-jssip:all 0.6.34-5
2021-01-29 09:03:00 status unpacked node-jssip:all 0.6.34-5
2021-01-29 09:03:00 install node-graceful-fs:all <none> 4.1.11-1
2021-01-29 09:03:00 status half-installed node-graceful-fs:all 4.1.11-1
2021-01-29 09:03:00 status unpacked node-graceful-fs:all 4.1.11-1
2021-01-29 09:03:00 status unpacked node-graceful-fs:all 4.1.11-1
2021-01-29 09:03:00 install node-json-stringify-safe:all <none> 5.0.0-1
2021-01-29 09:03:00 status half-installed node-json-stringify-safe:all 5.0.0-1
2021-01-29 09:03:00 status unpacked node-json-stringify-safe:all 5.0.0-1
2021-01-29 09:03:00 status unpacked node-json-stringify-safe:all 5.0.0-1
2021-01-29 09:03:00 install node-jsonfile:all <none> 2.4.0-1
2021-01-29 09:03:00 status half-installed node-jsonfile:all 2.4.0-1
2021-01-29 09:03:00 status unpacked node-jsonfile:all 2.4.0-1
2021-01-29 09:03:00 status unpacked node-jsonfile:all 2.4.0-1
2021-01-29 09:03:01 install node-jsv:all <none> 4.0.0+ds1-1
2021-01-29 09:03:01 status half-installed node-jsv:all 4.0.0+ds1-1
2021-01-29 09:03:01 status unpacked node-jsv:all 4.0.0+ds1-1
2021-01-29 09:03:01 status unpacked node-jsv:all 4.0.0+ds1-1
2021-01-29 09:03:01 trigproc libc-bin:armhf 2.19-18+deb8u10 <none>
2021-01-29 09:03:01 status half-configured libc-bin:armhf 2.19-18+deb8u10
2021-01-29 09:03:01 status installed libc-bin:armhf 2.19-18+deb8u10
2021-01-29 09:03:01 trigproc man-db:armhf 2.7.0.2-5 <none>
2021-01-29 09:03:01 status half-configured man-db:armhf 2.7.0.2-5
2021-01-29 09:03:08 status installed man-db:armhf 2.7.0.2-5
2021-01-29 09:03:09 startup packages configure
2021-01-29 09:03:09 configure libssl1.0.2:armhf 1.0.2u-1~deb9u1 <none>
2021-01-29 09:03:09 status triggers-pending libc-bin:armhf 2.19-18+deb8u10
2021-01-29 09:03:09 status unpacked libssl1.0.2:armhf 1.0.2u-1~deb9u1
2021-01-29 09:03:09 status half-configured libssl1.0.2:armhf 1.0.2u-1~deb9u1
2021-01-29 09:03:12 status installed libssl1.0.2:armhf 1.0.2u-1~deb9u1
2021-01-29 09:03:12 configure libssl1.1:armhf 1.1.0l-1~deb9u1 <none>
2021-01-29 09:03:12 status unpacked libssl1.1:armhf 1.1.0l-1~deb9u1
2021-01-29 09:03:12 status half-configured libssl1.1:armhf 1.1.0l-1~deb9u1
2021-01-29 09:03:14 status installed libssl1.1:armhf 1.1.0l-1~deb9u1
2021-01-29 09:03:14 configure openssl:armhf 1.1.0l-1~deb9u1 <none>
2021-01-29 09:03:14 status unpacked openssl:armhf 1.1.0l-1~deb9u1
2021-01-29 09:03:14 status unpacked openssl:armhf 1.1.0l-1~deb9u1
2021-01-29 09:03:14 status half-configured openssl:armhf 1.1.0l-1~deb9u1
2021-01-29 09:03:14 status installed openssl:armhf 1.1.0l-1~deb9u1
2021-01-29 09:03:14 configure ca-certificates:all 20200601~deb9u1 <none>
2021-01-29 09:03:14 status unpacked ca-certificates:all 20200601~deb9u1
2021-01-29 09:03:14 status half-configured ca-certificates:all 20200601~deb9u1
2021-01-29 09:04:14 status installed ca-certificates:all 20200601~deb9u1
2021-01-29 09:04:14 status triggers-pending ca-certificates:all 20200601~deb9u1
2021-01-29 09:04:14 configure javascript-common:all 11 <none>
2021-01-29 09:04:14 status unpacked javascript-common:all 11
2021-01-29 09:04:14 status unpacked javascript-common:all 11
2021-01-29 09:04:14 status unpacked javascript-common:all 11
2021-01-29 09:04:14 status half-configured javascript-common:all 11
2021-01-29 09:04:14 status installed javascript-common:all 11
2021-01-29 09:04:14 configure libicu57:armhf 57.1-6+deb9u4 <none>
2021-01-29 09:04:14 status unpacked libicu57:armhf 57.1-6+deb9u4
2021-01-29 09:04:14 status half-configured libicu57:armhf 57.1-6+deb9u4
2021-01-29 09:04:14 status installed libicu57:armhf 57.1-6+deb9u4
2021-01-29 09:04:14 configure libjs-bowser:all 0.7.3-2 <none>
2021-01-29 09:04:14 status unpacked libjs-bowser:all 0.7.3-2
2021-01-29 09:04:14 status half-configured libjs-bowser:all 0.7.3-2
2021-01-29 09:04:14 status installed libjs-bowser:all 0.7.3-2
2021-01-29 09:04:14 configure libjs-events:all 1.0.2-2 <none>
2021-01-29 09:04:14 status unpacked libjs-events:all 1.0.2-2
2021-01-29 09:04:14 status half-configured libjs-events:all 1.0.2-2
2021-01-29 09:04:14 status installed libjs-events:all 1.0.2-2
2021-01-29 09:04:14 configure libjs-is-typedarray:all 1.0.0-2 <none>
2021-01-29 09:04:14 status unpacked libjs-is-typedarray:all 1.0.0-2
2021-01-29 09:04:14 status half-configured libjs-is-typedarray:all 1.0.0-2
2021-01-29 09:04:14 status installed libjs-is-typedarray:all 1.0.0-2
2021-01-29 09:04:14 configure libjs-jquery:all 3.1.1-2+deb9u1 <none>
2021-01-29 09:04:14 status unpacked libjs-jquery:all 3.1.1-2+deb9u1
2021-01-29 09:04:14 status half-configured libjs-jquery:all 3.1.1-2+deb9u1
2021-01-29 09:04:14 status installed libjs-jquery:all 3.1.1-2+deb9u1
2021-01-29 09:04:14 configure libssl1.0-dev:armhf 1.0.2u-1~deb9u1 <none>
2021-01-29 09:04:14 status unpacked libssl1.0-dev:armhf 1.0.2u-1~deb9u1
2021-01-29 09:04:14 status half-configured libssl1.0-dev:armhf 1.0.2u-1~deb9u1
2021-01-29 09:04:14 status installed libssl1.0-dev:armhf 1.0.2u-1~deb9u1
2021-01-29 09:04:14 configure libuv1:armhf 1.9.1-3 <none>
2021-01-29 09:04:14 status unpacked libuv1:armhf 1.9.1-3
2021-01-29 09:04:14 status half-configured libuv1:armhf 1.9.1-3
2021-01-29 09:04:14 status installed libuv1:armhf 1.9.1-3
2021-01-29 09:04:14 configure libuv1-dev:armhf 1.9.1-3 <none>
2021-01-29 09:04:14 status unpacked libuv1-dev:armhf 1.9.1-3
2021-01-29 09:04:14 status half-configured libuv1-dev:armhf 1.9.1-3
2021-01-29 09:04:14 status installed libuv1-dev:armhf 1.9.1-3
2021-01-29 09:04:14 configure nodejs:armhf 4.8.2~dfsg-1 <none>
2021-01-29 09:04:14 status unpacked nodejs:armhf 4.8.2~dfsg-1
2021-01-29 09:04:14 status half-configured nodejs:armhf 4.8.2~dfsg-1
2021-01-29 09:04:14 status installed nodejs:armhf 4.8.2~dfsg-1
2021-01-29 09:04:14 configure nodejs-dev:armhf 4.8.2~dfsg-1 <none>
2021-01-29 09:04:14 status unpacked nodejs-dev:armhf 4.8.2~dfsg-1
2021-01-29 09:04:14 status half-configured nodejs-dev:armhf 4.8.2~dfsg-1
2021-01-29 09:04:14 status installed nodejs-dev:armhf 4.8.2~dfsg-1
2021-01-29 09:04:14 configure libjs-websocket:all 1.0.23-3 <none>
2021-01-29 09:04:14 status unpacked libjs-websocket:all 1.0.23-3
2021-01-29 09:04:14 status half-configured libjs-websocket:all 1.0.23-3
2021-01-29 09:04:14 status installed libjs-websocket:all 1.0.23-3
2021-01-29 09:04:14 configure libjs-merge:all 1.2.0-2 <none>
2021-01-29 09:04:14 status unpacked libjs-merge:all 1.2.0-2
2021-01-29 09:04:14 status half-configured libjs-merge:all 1.2.0-2
2021-01-29 09:04:14 status installed libjs-merge:all 1.2.0-2
2021-01-29 09:04:14 configure libjs-rtcninja:all 0.6.2-2 <none>
2021-01-29 09:04:14 status unpacked libjs-rtcninja:all 0.6.2-2
2021-01-29 09:04:14 status half-configured libjs-rtcninja:all 0.6.2-2
2021-01-29 09:04:15 status installed libjs-rtcninja:all 0.6.2-2
2021-01-29 09:04:15 configure libjs-inherits:all 2.0.3-1 <none>
2021-01-29 09:04:15 status unpacked libjs-inherits:all 2.0.3-1
2021-01-29 09:04:15 status half-configured libjs-inherits:all 2.0.3-1
2021-01-29 09:04:15 status installed libjs-inherits:all 2.0.3-1
2021-01-29 09:04:15 configure node-inherits:all 2.0.3-1 <none>
2021-01-29 09:04:15 status unpacked node-inherits:all 2.0.3-1
2021-01-29 09:04:15 status half-configured node-inherits:all 2.0.3-1
2021-01-29 09:04:15 status installed node-inherits:all 2.0.3-1
2021-01-29 09:04:15 configure libjs-util:all 0.10.3-2 <none>
2021-01-29 09:04:15 status unpacked libjs-util:all 0.10.3-2
2021-01-29 09:04:15 status half-configured libjs-util:all 0.10.3-2
2021-01-29 09:04:15 status installed libjs-util:all 0.10.3-2
2021-01-29 09:04:15 configure libjs-sdp-transform:all 1.4.0-2 <none>
2021-01-29 09:04:15 status unpacked libjs-sdp-transform:all 1.4.0-2
2021-01-29 09:04:15 status half-configured libjs-sdp-transform:all 1.4.0-2
2021-01-29 09:04:15 status installed libjs-sdp-transform:all 1.4.0-2
2021-01-29 09:04:15 configure libjs-jssip:all 0.6.34-5 <none>
2021-01-29 09:04:15 status unpacked libjs-jssip:all 0.6.34-5
2021-01-29 09:04:15 status half-configured libjs-jssip:all 0.6.34-5
2021-01-29 09:04:15 status installed libjs-jssip:all 0.6.34-5
2021-01-29 09:04:15 configure libjs-typedarray-to-buffer:all 3.0.3-3 <none>
2021-01-29 09:04:15 status unpacked libjs-typedarray-to-buffer:all 3.0.3-3
2021-01-29 09:04:15 status half-configured libjs-typedarray-to-buffer:all 3.0.3-3
2021-01-29 09:04:15 status installed libjs-typedarray-to-buffer:all 3.0.3-3
2021-01-29 09:04:15 configure node-bowser:all 0.7.3-2 <none>
2021-01-29 09:04:15 status unpacked node-bowser:all 0.7.3-2
2021-01-29 09:04:15 status half-configured node-bowser:all 0.7.3-2
2021-01-29 09:04:15 status installed node-bowser:all 0.7.3-2
2021-01-29 09:04:15 configure node-cli:all 0.4.4~20120516-1 <none>
2021-01-29 09:04:15 status unpacked node-cli:all 0.4.4~20120516-1
2021-01-29 09:04:15 status half-configured node-cli:all 0.4.4~20120516-1
2021-01-29 09:04:15 status installed node-cli:all 0.4.4~20120516-1
2021-01-29 09:04:15 configure node-esprima:all 3.1.3+ds-1 <none>
2021-01-29 09:04:15 status unpacked node-esprima:all 3.1.3+ds-1
2021-01-29 09:04:15 status half-configured node-esprima:all 3.1.3+ds-1
2021-01-29 09:04:15 status installed node-esprima:all 3.1.3+ds-1
2021-01-29 09:04:15 configure node-events:all 1.0.2-2 <none>
2021-01-29 09:04:15 status unpacked node-events:all 1.0.2-2
2021-01-29 09:04:15 status half-configured node-events:all 1.0.2-2
2021-01-29 09:04:15 status installed node-events:all 1.0.2-2
2021-01-29 09:04:15 configure node-is-typedarray:all 1.0.0-2 <none>
2021-01-29 09:04:15 status unpacked node-is-typedarray:all 1.0.0-2
2021-01-29 09:04:15 status half-configured node-is-typedarray:all 1.0.0-2
2021-01-29 09:04:15 status installed node-is-typedarray:all 1.0.0-2
2021-01-29 09:04:15 configure node-jju:all 1.1.0-1 <none>
2021-01-29 09:04:15 status unpacked node-jju:all 1.1.0-1
2021-01-29 09:04:15 status half-configured node-jju:all 1.1.0-1
2021-01-29 09:04:15 status installed node-jju:all 1.1.0-1
2021-01-29 09:04:15 configure node-js-tokens:all 2.0.0-1 <none>
2021-01-29 09:04:15 status unpacked node-js-tokens:all 2.0.0-1
2021-01-29 09:04:15 status half-configured node-js-tokens:all 2.0.0-1
2021-01-29 09:04:15 status installed node-js-tokens:all 2.0.0-1
2021-01-29 09:04:15 configure node-sprintf-js:all 1.0.3-2 <none>
2021-01-29 09:04:15 status unpacked node-sprintf-js:all 1.0.3-2
2021-01-29 09:04:15 status half-configured node-sprintf-js:all 1.0.3-2
2021-01-29 09:04:15 status installed node-sprintf-js:all 1.0.3-2
2021-01-29 09:04:15 configure node-argparse:all 1.0.7-1 <none>
2021-01-29 09:04:15 status unpacked node-argparse:all 1.0.7-1
2021-01-29 09:04:15 status half-configured node-argparse:all 1.0.7-1
2021-01-29 09:04:15 status installed node-argparse:all 1.0.7-1
2021-01-29 09:04:15 configure node-js-yaml:all 3.7.0+dfsg-1 <none>
2021-01-29 09:04:15 status unpacked node-js-yaml:all 3.7.0+dfsg-1
2021-01-29 09:04:15 status half-configured node-js-yaml:all 3.7.0+dfsg-1
2021-01-29 09:04:15 status installed node-js-yaml:all 3.7.0+dfsg-1
2021-01-29 09:04:15 configure node-jsconfig:all 0.2.0-1 <none>
2021-01-29 09:04:15 status unpacked node-jsconfig:all 0.2.0-1
2021-01-29 09:04:15 status half-configured node-jsconfig:all 0.2.0-1
2021-01-29 09:04:15 status installed node-jsconfig:all 0.2.0-1
2021-01-29 09:04:15 configure node-jsesc:all 2.4.0-1 <none>
2021-01-29 09:04:15 status unpacked node-jsesc:all 2.4.0-1
2021-01-29 09:04:15 status half-configured node-jsesc:all 2.4.0-1
2021-01-29 09:04:15 status installed node-jsesc:all 2.4.0-1
2021-01-29 09:04:15 configure node-json-localizer:all 0.0.3-1 <none>
2021-01-29 09:04:15 status unpacked node-json-localizer:all 0.0.3-1
2021-01-29 09:04:15 status half-configured node-json-localizer:all 0.0.3-1
2021-01-29 09:04:15 status installed node-json-localizer:all 0.0.3-1
2021-01-29 09:04:15 configure node-json-parse-helpfulerror:all 1.0.3-2 <none>
2021-01-29 09:04:15 status unpacked node-json-parse-helpfulerror:all 1.0.3-2
2021-01-29 09:04:15 status half-configured node-json-parse-helpfulerror:all 1.0.3-2
2021-01-29 09:04:15 status installed node-json-parse-helpfulerror:all 1.0.3-2
2021-01-29 09:04:15 configure node-jsonify:all 0.0.0-1 <none>
2021-01-29 09:04:15 status unpacked node-jsonify:all 0.0.0-1
2021-01-29 09:04:15 status half-configured node-jsonify:all 0.0.0-1
2021-01-29 09:04:15 status installed node-jsonify:all 0.0.0-1
2021-01-29 09:04:15 configure node-json-stable-stringify:all 1.0.1-1 <none>
2021-01-29 09:04:15 status unpacked node-json-stable-stringify:all 1.0.1-1
2021-01-29 09:04:15 status half-configured node-json-stable-stringify:all 1.0.1-1
2021-01-29 09:04:15 status installed node-json-stable-stringify:all 1.0.1-1
2021-01-29 09:04:15 configure node-json5:all 0.5.0-1 <none>
2021-01-29 09:04:15 status unpacked node-json5:all 0.5.0-1
2021-01-29 09:04:15 status half-configured node-json5:all 0.5.0-1
2021-01-29 09:04:15 status installed node-json5:all 0.5.0-1
2021-01-29 09:04:15 configure node-jsonminify:all 0.4.1+dfsg1-1 <none>
2021-01-29 09:04:15 status unpacked node-jsonminify:all 0.4.1+dfsg1-1
2021-01-29 09:04:15 status half-configured node-jsonminify:all 0.4.1+dfsg1-1
2021-01-29 09:04:15 status installed node-jsonminify:all 0.4.1+dfsg1-1
2021-01-29 09:04:15 configure node-jsonselect:all 0.4.0+dfsg3-1 <none>
2021-01-29 09:04:15 status unpacked node-jsonselect:all 0.4.0+dfsg3-1
2021-01-29 09:04:15 status half-configured node-jsonselect:all 0.4.0+dfsg3-1
2021-01-29 09:04:15 status installed node-jsonselect:all 0.4.0+dfsg3-1
2021-01-29 09:04:15 configure node-through:all 2.3.8-1 <none>
2021-01-29 09:04:15 status unpacked node-through:all 2.3.8-1
2021-01-29 09:04:15 status half-configured node-through:all 2.3.8-1
2021-01-29 09:04:15 status installed node-through:all 2.3.8-1
2021-01-29 09:04:15 configure node-jsonparse:all 1.2.0-1 <none>
2021-01-29 09:04:15 status unpacked node-jsonparse:all 1.2.0-1
2021-01-29 09:04:15 status half-configured node-jsonparse:all 1.2.0-1
2021-01-29 09:04:15 status installed node-jsonparse:all 1.2.0-1
2021-01-29 09:04:15 configure node-jsonstream:all 1.0.3-4 <none>
2021-01-29 09:04:15 status unpacked node-jsonstream:all 1.0.3-4
2021-01-29 09:04:15 status half-configured node-jsonstream:all 1.0.3-4
2021-01-29 09:04:15 status installed node-jsonstream:all 1.0.3-4
2021-01-29 09:04:15 configure node-nan:all 2.4.0-2 <none>
2021-01-29 09:04:15 status unpacked node-nan:all 2.4.0-2
2021-01-29 09:04:15 status half-configured node-nan:all 2.4.0-2
2021-01-29 09:04:15 status installed node-nan:all 2.4.0-2
2021-01-29 09:04:15 configure node-typedarray-to-buffer:all 3.0.3-3 <none>
2021-01-29 09:04:15 status unpacked node-typedarray-to-buffer:all 3.0.3-3
2021-01-29 09:04:15 status half-configured node-typedarray-to-buffer:all 3.0.3-3
2021-01-29 09:04:15 status installed node-typedarray-to-buffer:all 3.0.3-3
2021-01-29 09:04:15 configure node-debug:all 2.5.1-1 <none>
2021-01-29 09:04:15 status unpacked node-debug:all 2.5.1-1
2021-01-29 09:04:15 status half-configured node-debug:all 2.5.1-1
2021-01-29 09:04:15 status installed node-debug:all 2.5.1-1
2021-01-29 09:04:15 configure node-websocket:armhf 1.0.23-3 <none>
2021-01-29 09:04:15 status unpacked node-websocket:armhf 1.0.23-3
2021-01-29 09:04:15 status half-configured node-websocket:armhf 1.0.23-3
2021-01-29 09:04:15 status installed node-websocket:armhf 1.0.23-3
2021-01-29 09:04:15 configure node-merge:all 1.2.0-2 <none>
2021-01-29 09:04:15 status unpacked node-merge:all 1.2.0-2
2021-01-29 09:04:15 status half-configured node-merge:all 1.2.0-2
2021-01-29 09:04:15 status installed node-merge:all 1.2.0-2
2021-01-29 09:04:15 configure node-rtcninja:all 0.6.2-2 <none>
2021-01-29 09:04:15 status unpacked node-rtcninja:all 0.6.2-2
2021-01-29 09:04:15 status half-configured node-rtcninja:all 0.6.2-2
2021-01-29 09:04:15 status installed node-rtcninja:all 0.6.2-2
2021-01-29 09:04:15 configure node-util:all 0.10.3-2 <none>
2021-01-29 09:04:15 status unpacked node-util:all 0.10.3-2
2021-01-29 09:04:15 status half-configured node-util:all 0.10.3-2
2021-01-29 09:04:15 status installed node-util:all 0.10.3-2
2021-01-29 09:04:15 configure node-sdp-transform:all 1.4.0-2 <none>
2021-01-29 09:04:15 status unpacked node-sdp-transform:all 1.4.0-2
2021-01-29 09:04:15 status half-configured node-sdp-transform:all 1.4.0-2
2021-01-29 09:04:15 status installed node-sdp-transform:all 1.4.0-2
2021-01-29 09:04:15 configure node-jssip:all 0.6.34-5 <none>
2021-01-29 09:04:15 status unpacked node-jssip:all 0.6.34-5
2021-01-29 09:04:15 status half-configured node-jssip:all 0.6.34-5
2021-01-29 09:04:15 status installed node-jssip:all 0.6.34-5
2021-01-29 09:04:15 configure node-graceful-fs:all 4.1.11-1 <none>
2021-01-29 09:04:15 status unpacked node-graceful-fs:all 4.1.11-1
2021-01-29 09:04:15 status half-configured node-graceful-fs:all 4.1.11-1
2021-01-29 09:04:15 status installed node-graceful-fs:all 4.1.11-1
2021-01-29 09:04:15 configure node-json-stringify-safe:all 5.0.0-1 <none>
2021-01-29 09:04:15 status unpacked node-json-stringify-safe:all 5.0.0-1
2021-01-29 09:04:16 status half-configured node-json-stringify-safe:all 5.0.0-1
2021-01-29 09:04:16 status installed node-json-stringify-safe:all 5.0.0-1
2021-01-29 09:04:16 configure node-jsonfile:all 2.4.0-1 <none>
2021-01-29 09:04:16 status unpacked node-jsonfile:all 2.4.0-1
2021-01-29 09:04:16 status half-configured node-jsonfile:all 2.4.0-1
2021-01-29 09:04:16 status installed node-jsonfile:all 2.4.0-1
2021-01-29 09:04:16 configure node-jsv:all 4.0.0+ds1-1 <none>
2021-01-29 09:04:16 status unpacked node-jsv:all 4.0.0+ds1-1
2021-01-29 09:04:16 status half-configured node-jsv:all 4.0.0+ds1-1
2021-01-29 09:04:16 status installed node-jsv:all 4.0.0+ds1-1
2021-01-29 09:04:16 trigproc libc-bin:armhf 2.19-18+deb8u10 <none>
2021-01-29 09:04:16 status half-configured libc-bin:armhf 2.19-18+deb8u10
2021-01-29 09:04:16 status installed libc-bin:armhf 2.19-18+deb8u10
2021-01-29 09:04:16 trigproc ca-certificates:all 20200601~deb9u1 <none>
2021-01-29 09:04:16 status half-configured ca-certificates:all 20200601~deb9u1
2021-01-29 09:04:29 status installed ca-certificates:all 20200601~deb9u1
2021-01-29 09:04:31 startup packages configure
2021-01-29 09:05:03 startup archives unpack
2021-01-29 09:05:03 install libsasl2-modules-db:armhf <none> 2.1.26.dfsg1-13+deb8u1
2021-01-29 09:05:03 status half-installed libsasl2-modules-db:armhf 2.1.26.dfsg1-13+deb8u1
2021-01-29 09:05:03 status unpacked libsasl2-modules-db:armhf 2.1.26.dfsg1-13+deb8u1
2021-01-29 09:05:03 status unpacked libsasl2-modules-db:armhf 2.1.26.dfsg1-13+deb8u1
2021-01-29 09:05:03 install libsasl2-2:armhf <none> 2.1.26.dfsg1-13+deb8u1
2021-01-29 09:05:03 status half-installed libsasl2-2:armhf 2.1.26.dfsg1-13+deb8u1
2021-01-29 09:05:03 status unpacked libsasl2-2:armhf 2.1.26.dfsg1-13+deb8u1
2021-01-29 09:05:03 status unpacked libsasl2-2:armhf 2.1.26.dfsg1-13+deb8u1
2021-01-29 09:05:04 install libldap-2.4-2:armhf <none> 2.4.40+dfsg-1+deb8u4
2021-01-29 09:05:04 status half-installed libldap-2.4-2:armhf 2.4.40+dfsg-1+deb8u4
2021-01-29 09:05:04 status triggers-pending man-db:armhf 2.7.0.2-5
2021-01-29 09:05:04 status unpacked libldap-2.4-2:armhf 2.4.40+dfsg-1+deb8u4
2021-01-29 09:05:04 status unpacked libldap-2.4-2:armhf 2.4.40+dfsg-1+deb8u4
2021-01-29 09:05:04 install liblzo2-2:armhf <none> 2.08-1.2
2021-01-29 09:05:04 status half-installed liblzo2-2:armhf 2.08-1.2
2021-01-29 09:05:04 status unpacked liblzo2-2:armhf 2.08-1.2
2021-01-29 09:05:04 status unpacked liblzo2-2:armhf 2.08-1.2
2021-01-29 09:05:04 install libarchive13:armhf <none> 3.1.2-11+deb8u3
2021-01-29 09:05:04 status half-installed libarchive13:armhf 3.1.2-11+deb8u3
2021-01-29 09:05:05 status unpacked libarchive13:armhf 3.1.2-11+deb8u3
2021-01-29 09:05:05 status unpacked libarchive13:armhf 3.1.2-11+deb8u3
2021-01-29 09:05:05 install libavahi-common-data:armhf <none> 0.6.31-5
2021-01-29 09:05:05 status half-installed libavahi-common-data:armhf 0.6.31-5
2021-01-29 09:05:05 status unpacked libavahi-common-data:armhf 0.6.31-5
2021-01-29 09:05:05 status unpacked libavahi-common-data:armhf 0.6.31-5
2021-01-29 09:05:05 install libavahi-common3:armhf <none> 0.6.31-5
2021-01-29 09:05:05 status half-installed libavahi-common3:armhf 0.6.31-5
2021-01-29 09:05:05 status unpacked libavahi-common3:armhf 0.6.31-5
2021-01-29 09:05:05 status unpacked libavahi-common3:armhf 0.6.31-5
2021-01-29 09:05:05 install libdbus-1-3:armhf <none> 1.8.22-0+deb8u1
2021-01-29 09:05:05 status half-installed libdbus-1-3:armhf 1.8.22-0+deb8u1
2021-01-29 09:05:06 status unpacked libdbus-1-3:armhf 1.8.22-0+deb8u1
2021-01-29 09:05:06 status unpacked libdbus-1-3:armhf 1.8.22-0+deb8u1
2021-01-29 09:05:06 install libavahi-client3:armhf <none> 0.6.31-5
2021-01-29 09:05:06 status half-installed libavahi-client3:armhf 0.6.31-5
2021-01-29 09:05:06 status unpacked libavahi-client3:armhf 0.6.31-5
2021-01-29 09:05:06 status unpacked libavahi-client3:armhf 0.6.31-5
2021-01-29 09:05:06 install libcap-ng0:armhf <none> 0.7.4-2
2021-01-29 09:05:06 status half-installed libcap-ng0:armhf 0.7.4-2
2021-01-29 09:05:06 status unpacked libcap-ng0:armhf 0.7.4-2
2021-01-29 09:05:06 status unpacked libcap-ng0:armhf 0.7.4-2
2021-01-29 09:05:06 install libcups2:armhf <none> 1.7.5-11+deb8u2
2021-01-29 09:05:06 status half-installed libcups2:armhf 1.7.5-11+deb8u2
2021-01-29 09:05:07 status unpacked libcups2:armhf 1.7.5-11+deb8u2
2021-01-29 09:05:07 status unpacked libcups2:armhf 1.7.5-11+deb8u2
2021-01-29 09:05:07 install librtmp1:armhf <none> 2.4+20150115.gita107cef-1+deb8u1
2021-01-29 09:05:07 status half-installed librtmp1:armhf 2.4+20150115.gita107cef-1+deb8u1
2021-01-29 09:05:07 status unpacked librtmp1:armhf 2.4+20150115.gita107cef-1+deb8u1
2021-01-29 09:05:07 status unpacked librtmp1:armhf 2.4+20150115.gita107cef-1+deb8u1
2021-01-29 09:05:07 install libssh2-1:armhf <none> 1.4.3-4.1+deb8u1
2021-01-29 09:05:07 status half-installed libssh2-1:armhf 1.4.3-4.1+deb8u1
2021-01-29 09:05:07 status unpacked libssh2-1:armhf 1.4.3-4.1+deb8u1
2021-01-29 09:05:07 status unpacked libssh2-1:armhf 1.4.3-4.1+deb8u1
2021-01-29 09:05:08 install libcurl3:armhf <none> 7.38.0-4+deb8u11
2021-01-29 09:05:08 status half-installed libcurl3:armhf 7.38.0-4+deb8u11
2021-01-29 09:05:08 status unpacked libcurl3:armhf 7.38.0-4+deb8u11
2021-01-29 09:05:08 status unpacked libcurl3:armhf 7.38.0-4+deb8u11
2021-01-29 09:05:08 install libcurl3-gnutls:armhf <none> 7.38.0-4+deb8u11
2021-01-29 09:05:08 status half-installed libcurl3-gnutls:armhf 7.38.0-4+deb8u11
2021-01-29 09:05:08 status unpacked libcurl3-gnutls:armhf 7.38.0-4+deb8u11
2021-01-29 09:05:08 status unpacked libcurl3-gnutls:armhf 7.38.0-4+deb8u11
2021-01-29 09:05:08 install libtalloc2:armhf <none> 2.1.2-0+deb8u1
2021-01-29 09:05:08 status half-installed libtalloc2:armhf 2.1.2-0+deb8u1
2021-01-29 09:05:09 status unpacked libtalloc2:armhf 2.1.2-0+deb8u1
2021-01-29 09:05:09 status unpacked libtalloc2:armhf 2.1.2-0+deb8u1
2021-01-29 09:05:09 install libtdb1:armhf <none> 1.3.6-0+deb8u1
2021-01-29 09:05:09 status half-installed libtdb1:armhf 1.3.6-0+deb8u1
2021-01-29 09:05:09 status unpacked libtdb1:armhf 1.3.6-0+deb8u1
2021-01-29 09:05:09 status unpacked libtdb1:armhf 1.3.6-0+deb8u1
2021-01-29 09:05:09 install libtevent0:armhf <none> 0.9.28-0+deb8u1
2021-01-29 09:05:09 status half-installed libtevent0:armhf 0.9.28-0+deb8u1
2021-01-29 09:05:09 status unpacked libtevent0:armhf 0.9.28-0+deb8u1
2021-01-29 09:05:09 status unpacked libtevent0:armhf 0.9.28-0+deb8u1
2021-01-29 09:05:09 install libldb1:armhf <none> 2:1.1.20-0+deb8u1
2021-01-29 09:05:09 status half-installed libldb1:armhf 2:1.1.20-0+deb8u1
2021-01-29 09:05:10 status unpacked libldb1:armhf 2:1.1.20-0+deb8u1
2021-01-29 09:05:10 status unpacked libldb1:armhf 2:1.1.20-0+deb8u1
2021-01-29 09:05:10 install libntdb1:armhf <none> 1.0-5
2021-01-29 09:05:10 status half-installed libntdb1:armhf 1.0-5
2021-01-29 09:05:10 status unpacked libntdb1:armhf 1.0-5
2021-01-29 09:05:10 status unpacked libntdb1:armhf 1.0-5
2021-01-29 09:05:10 install libpython2.7:armhf <none> 2.7.9-2+deb8u1
2021-01-29 09:05:10 status half-installed libpython2.7:armhf 2.7.9-2+deb8u1
2021-01-29 09:05:11 status unpacked libpython2.7:armhf 2.7.9-2+deb8u1
2021-01-29 09:05:11 status unpacked libpython2.7:armhf 2.7.9-2+deb8u1
2021-01-29 09:05:11 install libwbclient0:armhf <none> 2:4.2.14+dfsg-0+deb8u9
2021-01-29 09:05:11 status half-installed libwbclient0:armhf 2:4.2.14+dfsg-0+deb8u9
2021-01-29 09:05:11 status unpacked libwbclient0:armhf 2:4.2.14+dfsg-0+deb8u9
2021-01-29 09:05:11 status unpacked libwbclient0:armhf 2:4.2.14+dfsg-0+deb8u9
2021-01-29 09:05:12 install python-talloc:armhf <none> 2.1.2-0+deb8u1
2021-01-29 09:05:12 status half-installed python-talloc:armhf 2.1.2-0+deb8u1
2021-01-29 09:05:12 status unpacked python-talloc:armhf 2.1.2-0+deb8u1
2021-01-29 09:05:12 status unpacked python-talloc:armhf 2.1.2-0+deb8u1
2021-01-29 09:05:12 install samba-libs:armhf <none> 2:4.2.14+dfsg-0+deb8u9
2021-01-29 09:05:12 status half-installed samba-libs:armhf 2:4.2.14+dfsg-0+deb8u9
2021-01-29 09:05:16 status unpacked samba-libs:armhf 2:4.2.14+dfsg-0+deb8u9
2021-01-29 09:05:16 status unpacked samba-libs:armhf 2:4.2.14+dfsg-0+deb8u9
2021-01-29 09:05:16 install libsmbclient:armhf <none> 2:4.2.14+dfsg-0+deb8u9
2021-01-29 09:05:16 status half-installed libsmbclient:armhf 2:4.2.14+dfsg-0+deb8u9
2021-01-29 09:05:16 status unpacked libsmbclient:armhf 2:4.2.14+dfsg-0+deb8u9
2021-01-29 09:05:16 status unpacked libsmbclient:armhf 2:4.2.14+dfsg-0+deb8u9
2021-01-29 09:05:16 install python-ldb:armhf <none> 2:1.1.20-0+deb8u1
2021-01-29 09:05:16 status half-installed python-ldb:armhf 2:1.1.20-0+deb8u1
2021-01-29 09:05:16 status unpacked python-ldb:armhf 2:1.1.20-0+deb8u1
2021-01-29 09:05:16 status unpacked python-ldb:armhf 2:1.1.20-0+deb8u1
2021-01-29 09:05:17 install ucf:all <none> 3.0030
2021-01-29 09:05:17 status half-installed ucf:all 3.0030
2021-01-29 09:05:17 status unpacked ucf:all 3.0030
2021-01-29 09:05:17 status unpacked ucf:all 3.0030
2021-01-29 09:05:17 install samba-common:all <none> 2:4.2.14+dfsg-0+deb8u9
2021-01-29 09:05:17 status half-installed samba-common:all 2:4.2.14+dfsg-0+deb8u9
2021-01-29 09:05:17 status unpacked samba-common:all 2:4.2.14+dfsg-0+deb8u9
2021-01-29 09:05:17 status unpacked samba-common:all 2:4.2.14+dfsg-0+deb8u9
2021-01-29 09:05:18 install smbclient:armhf <none> 2:4.2.14+dfsg-0+deb8u9
2021-01-29 09:05:18 status half-installed smbclient:armhf 2:4.2.14+dfsg-0+deb8u9
2021-01-29 09:05:18 status unpacked smbclient:armhf 2:4.2.14+dfsg-0+deb8u9
2021-01-29 09:05:18 status unpacked smbclient:armhf 2:4.2.14+dfsg-0+deb8u9
2021-01-29 09:05:18 install dbus:armhf <none> 1.8.22-0+deb8u1
2021-01-29 09:05:18 status half-installed dbus:armhf 1.8.22-0+deb8u1
2021-01-29 09:05:18 status triggers-pending systemd:armhf 215-17+deb8u7
2021-01-29 09:05:18 status unpacked dbus:armhf 1.8.22-0+deb8u1
2021-01-29 09:05:18 status unpacked dbus:armhf 1.8.22-0+deb8u1
2021-01-29 09:05:18 install patch:armhf <none> 2.7.5-1+deb8u1
2021-01-29 09:05:18 status half-installed patch:armhf 2.7.5-1+deb8u1
2021-01-29 09:05:19 status unpacked patch:armhf 2.7.5-1+deb8u1
2021-01-29 09:05:19 status unpacked patch:armhf 2.7.5-1+deb8u1
2021-01-29 09:05:19 install curl:armhf <none> 7.38.0-4+deb8u11
2021-01-29 09:05:19 status half-installed curl:armhf 7.38.0-4+deb8u11
2021-01-29 09:05:19 status unpacked curl:armhf 7.38.0-4+deb8u11
2021-01-29 09:05:19 status unpacked curl:armhf 7.38.0-4+deb8u11
2021-01-29 09:05:19 install liberror-perl:all <none> 0.17-1.1
2021-01-29 09:05:19 status half-installed liberror-perl:all 0.17-1.1
2021-01-29 09:05:19 status unpacked liberror-perl:all 0.17-1.1
2021-01-29 09:05:19 status unpacked liberror-perl:all 0.17-1.1
2021-01-29 09:05:20 install git-man:all <none> 1:2.1.4-2.1+deb8u6
2021-01-29 09:05:20 status half-installed git-man:all 1:2.1.4-2.1+deb8u6
2021-01-29 09:05:20 status unpacked git-man:all 1:2.1.4-2.1+deb8u6
2021-01-29 09:05:20 status unpacked git-man:all 1:2.1.4-2.1+deb8u6
2021-01-29 09:05:20 install git:armhf <none> 1:2.1.4-2.1+deb8u6
2021-01-29 09:05:20 status half-installed git:armhf 1:2.1.4-2.1+deb8u6
2021-01-29 09:05:23 status unpacked git:armhf 1:2.1.4-2.1+deb8u6
2021-01-29 09:05:23 status unpacked git:armhf 1:2.1.4-2.1+deb8u6
2021-01-29 09:05:23 install ldap-utils:armhf <none> 2.4.40+dfsg-1+deb8u4
2021-01-29 09:05:23 status half-installed ldap-utils:armhf 2.4.40+dfsg-1+deb8u4
2021-01-29 09:05:23 status unpacked ldap-utils:armhf 2.4.40+dfsg-1+deb8u4
2021-01-29 09:05:23 status unpacked ldap-utils:armhf 2.4.40+dfsg-1+deb8u4
2021-01-29 09:05:23 install libsasl2-modules:armhf <none> 2.1.26.dfsg1-13+deb8u1
2021-01-29 09:05:23 status half-installed libsasl2-modules:armhf 2.1.26.dfsg1-13+deb8u1
2021-01-29 09:05:23 status unpacked libsasl2-modules:armhf 2.1.26.dfsg1-13+deb8u1
2021-01-29 09:05:23 status unpacked libsasl2-modules:armhf 2.1.26.dfsg1-13+deb8u1
2021-01-29 09:05:23 install python-crypto:armhf <none> 2.6.1-5+deb8u1
2021-01-29 09:05:23 status half-installed python-crypto:armhf 2.6.1-5+deb8u1
2021-01-29 09:05:24 status unpacked python-crypto:armhf 2.6.1-5+deb8u1
2021-01-29 09:05:24 status unpacked python-crypto:armhf 2.6.1-5+deb8u1
2021-01-29 09:05:24 install python-ntdb:armhf <none> 1.0-5
2021-01-29 09:05:24 status half-installed python-ntdb:armhf 1.0-5
2021-01-29 09:05:24 status unpacked python-ntdb:armhf 1.0-5
2021-01-29 09:05:24 status unpacked python-ntdb:armhf 1.0-5
2021-01-29 09:05:24 install python-tdb:armhf <none> 1.3.6-0+deb8u1
2021-01-29 09:05:24 status half-installed python-tdb:armhf 1.3.6-0+deb8u1
2021-01-29 09:05:24 status unpacked python-tdb:armhf 1.3.6-0+deb8u1
2021-01-29 09:05:24 status unpacked python-tdb:armhf 1.3.6-0+deb8u1
2021-01-29 09:05:24 install python-samba:armhf <none> 2:4.2.14+dfsg-0+deb8u9
2021-01-29 09:05:24 status half-installed python-samba:armhf 2:4.2.14+dfsg-0+deb8u9
2021-01-29 09:05:25 status unpacked python-samba:armhf 2:4.2.14+dfsg-0+deb8u9
2021-01-29 09:05:25 status unpacked python-samba:armhf 2:4.2.14+dfsg-0+deb8u9
2021-01-29 09:05:25 install rsync:armhf <none> 3.1.1-3+deb8u1
2021-01-29 09:05:25 status half-installed rsync:armhf 3.1.1-3+deb8u1
2021-01-29 09:05:26 status unpacked rsync:armhf 3.1.1-3+deb8u1
2021-01-29 09:05:26 status unpacked rsync:armhf 3.1.1-3+deb8u1
2021-01-29 09:05:26 install samba-common-bin:armhf <none> 2:4.2.14+dfsg-0+deb8u9
2021-01-29 09:05:26 status half-installed samba-common-bin:armhf 2:4.2.14+dfsg-0+deb8u9
2021-01-29 09:05:27 status unpacked samba-common-bin:armhf 2:4.2.14+dfsg-0+deb8u9
2021-01-29 09:05:27 status unpacked samba-common-bin:armhf 2:4.2.14+dfsg-0+deb8u9
2021-01-29 09:05:27 install screen:armhf <none> 4.2.1-3+deb8u1
2021-01-29 09:05:27 status half-installed screen:armhf 4.2.1-3+deb8u1
2021-01-29 09:05:27 status unpacked screen:armhf 4.2.1-3+deb8u1
2021-01-29 09:05:27 status unpacked screen:armhf 4.2.1-3+deb8u1
2021-01-29 09:05:27 trigproc man-db:armhf 2.7.0.2-5 <none>
2021-01-29 09:05:27 status half-configured man-db:armhf 2.7.0.2-5
2021-01-29 09:05:40 status installed man-db:armhf 2.7.0.2-5
2021-01-29 09:05:40 trigproc systemd:armhf 215-17+deb8u7 <none>
2021-01-29 09:05:40 status half-configured systemd:armhf 215-17+deb8u7
2021-01-29 09:05:40 status installed systemd:armhf 215-17+deb8u7
2021-01-29 09:05:42 startup packages configure
2021-01-29 09:05:42 configure libsasl2-modules-db:armhf 2.1.26.dfsg1-13+deb8u1 <none>
2021-01-29 09:05:42 status unpacked libsasl2-modules-db:armhf 2.1.26.dfsg1-13+deb8u1
2021-01-29 09:05:42 status half-configured libsasl2-modules-db:armhf 2.1.26.dfsg1-13+deb8u1
2021-01-29 09:05:42 status installed libsasl2-modules-db:armhf 2.1.26.dfsg1-13+deb8u1
2021-01-29 09:05:42 configure libsasl2-2:armhf 2.1.26.dfsg1-13+deb8u1 <none>
2021-01-29 09:05:42 status unpacked libsasl2-2:armhf 2.1.26.dfsg1-13+deb8u1
2021-01-29 09:05:42 status half-configured libsasl2-2:armhf 2.1.26.dfsg1-13+deb8u1
2021-01-29 09:05:42 status installed libsasl2-2:armhf 2.1.26.dfsg1-13+deb8u1
2021-01-29 09:05:42 status triggers-pending libc-bin:armhf 2.19-18+deb8u10
2021-01-29 09:05:42 configure libldap-2.4-2:armhf 2.4.40+dfsg-1+deb8u4 <none>
2021-01-29 09:05:42 status unpacked libldap-2.4-2:armhf 2.4.40+dfsg-1+deb8u4
2021-01-29 09:05:42 status unpacked libldap-2.4-2:armhf 2.4.40+dfsg-1+deb8u4
2021-01-29 09:05:42 status half-configured libldap-2.4-2:armhf 2.4.40+dfsg-1+deb8u4
2021-01-29 09:05:42 status installed libldap-2.4-2:armhf 2.4.40+dfsg-1+deb8u4
2021-01-29 09:05:42 configure liblzo2-2:armhf 2.08-1.2 <none>
2021-01-29 09:05:42 status unpacked liblzo2-2:armhf 2.08-1.2
2021-01-29 09:05:42 status half-configured liblzo2-2:armhf 2.08-1.2
2021-01-29 09:05:42 status installed liblzo2-2:armhf 2.08-1.2
2021-01-29 09:05:42 configure libarchive13:armhf 3.1.2-11+deb8u3 <none>
2021-01-29 09:05:42 status unpacked libarchive13:armhf 3.1.2-11+deb8u3
2021-01-29 09:05:42 status half-configured libarchive13:armhf 3.1.2-11+deb8u3
2021-01-29 09:05:42 status installed libarchive13:armhf 3.1.2-11+deb8u3
2021-01-29 09:05:42 configure libavahi-common-data:armhf 0.6.31-5 <none>
2021-01-29 09:05:42 status unpacked libavahi-common-data:armhf 0.6.31-5
2021-01-29 09:05:42 status half-configured libavahi-common-data:armhf 0.6.31-5
2021-01-29 09:05:42 status installed libavahi-common-data:armhf 0.6.31-5
2021-01-29 09:05:42 configure libavahi-common3:armhf 0.6.31-5 <none>
2021-01-29 09:05:42 status unpacked libavahi-common3:armhf 0.6.31-5
2021-01-29 09:05:42 status half-configured libavahi-common3:armhf 0.6.31-5
2021-01-29 09:05:42 status installed libavahi-common3:armhf 0.6.31-5
2021-01-29 09:05:42 configure libdbus-1-3:armhf 1.8.22-0+deb8u1 <none>
2021-01-29 09:05:42 status unpacked libdbus-1-3:armhf 1.8.22-0+deb8u1
2021-01-29 09:05:42 status half-configured libdbus-1-3:armhf 1.8.22-0+deb8u1
2021-01-29 09:05:43 status installed libdbus-1-3:armhf 1.8.22-0+deb8u1
2021-01-29 09:05:43 configure libavahi-client3:armhf 0.6.31-5 <none>
2021-01-29 09:05:43 status unpacked libavahi-client3:armhf 0.6.31-5
2021-01-29 09:05:43 status half-configured libavahi-client3:armhf 0.6.31-5
2021-01-29 09:05:43 status installed libavahi-client3:armhf 0.6.31-5
2021-01-29 09:05:43 configure libcap-ng0:armhf 0.7.4-2 <none>
2021-01-29 09:05:43 status unpacked libcap-ng0:armhf 0.7.4-2
2021-01-29 09:05:43 status half-configured libcap-ng0:armhf 0.7.4-2
2021-01-29 09:05:43 status installed libcap-ng0:armhf 0.7.4-2
2021-01-29 09:05:43 configure libcups2:armhf 1.7.5-11+deb8u2 <none>
2021-01-29 09:05:43 status unpacked libcups2:armhf 1.7.5-11+deb8u2
2021-01-29 09:05:43 status half-configured libcups2:armhf 1.7.5-11+deb8u2
2021-01-29 09:05:43 status installed libcups2:armhf 1.7.5-11+deb8u2
2021-01-29 09:05:43 configure librtmp1:armhf 2.4+20150115.gita107cef-1+deb8u1 <none>
2021-01-29 09:05:43 status unpacked librtmp1:armhf 2.4+20150115.gita107cef-1+deb8u1
2021-01-29 09:05:43 status half-configured librtmp1:armhf 2.4+20150115.gita107cef-1+deb8u1
2021-01-29 09:05:43 status installed librtmp1:armhf 2.4+20150115.gita107cef-1+deb8u1
2021-01-29 09:05:43 configure libssh2-1:armhf 1.4.3-4.1+deb8u1 <none>
2021-01-29 09:05:43 status unpacked libssh2-1:armhf 1.4.3-4.1+deb8u1
2021-01-29 09:05:43 status half-configured libssh2-1:armhf 1.4.3-4.1+deb8u1
2021-01-29 09:05:43 status installed libssh2-1:armhf 1.4.3-4.1+deb8u1
2021-01-29 09:05:43 configure libcurl3:armhf 7.38.0-4+deb8u11 <none>
2021-01-29 09:05:43 status unpacked libcurl3:armhf 7.38.0-4+deb8u11
2021-01-29 09:05:43 status half-configured libcurl3:armhf 7.38.0-4+deb8u11
2021-01-29 09:05:43 status installed libcurl3:armhf 7.38.0-4+deb8u11
2021-01-29 09:05:43 configure libcurl3-gnutls:armhf 7.38.0-4+deb8u11 <none>
2021-01-29 09:05:43 status unpacked libcurl3-gnutls:armhf 7.38.0-4+deb8u11
2021-01-29 09:05:43 status half-configured libcurl3-gnutls:armhf 7.38.0-4+deb8u11
2021-01-29 09:05:43 status installed libcurl3-gnutls:armhf 7.38.0-4+deb8u11
2021-01-29 09:05:43 configure libtalloc2:armhf 2.1.2-0+deb8u1 <none>
2021-01-29 09:05:43 status unpacked libtalloc2:armhf 2.1.2-0+deb8u1
2021-01-29 09:05:44 status half-configured libtalloc2:armhf 2.1.2-0+deb8u1
2021-01-29 09:05:44 status installed libtalloc2:armhf 2.1.2-0+deb8u1
2021-01-29 09:05:44 configure libtdb1:armhf 1.3.6-0+deb8u1 <none>
2021-01-29 09:05:44 status unpacked libtdb1:armhf 1.3.6-0+deb8u1
2021-01-29 09:05:44 status half-configured libtdb1:armhf 1.3.6-0+deb8u1
2021-01-29 09:05:44 status installed libtdb1:armhf 1.3.6-0+deb8u1
2021-01-29 09:05:44 configure libtevent0:armhf 0.9.28-0+deb8u1 <none>
2021-01-29 09:05:44 status unpacked libtevent0:armhf 0.9.28-0+deb8u1
2021-01-29 09:05:44 status half-configured libtevent0:armhf 0.9.28-0+deb8u1
2021-01-29 09:05:44 status installed libtevent0:armhf 0.9.28-0+deb8u1
2021-01-29 09:05:44 configure libldb1:armhf 2:1.1.20-0+deb8u1 <none>
2021-01-29 09:05:44 status unpacked libldb1:armhf 2:1.1.20-0+deb8u1
2021-01-29 09:05:44 status half-configured libldb1:armhf 2:1.1.20-0+deb8u1
2021-01-29 09:05:44 status installed libldb1:armhf 2:1.1.20-0+deb8u1
2021-01-29 09:05:44 configure libntdb1:armhf 1.0-5 <none>
2021-01-29 09:05:44 status unpacked libntdb1:armhf 1.0-5
2021-01-29 09:05:44 status half-configured libntdb1:armhf 1.0-5
2021-01-29 09:05:44 status installed libntdb1:armhf 1.0-5
2021-01-29 09:05:44 configure libpython2.7:armhf 2.7.9-2+deb8u1 <none>
2021-01-29 09:05:44 status unpacked libpython2.7:armhf 2.7.9-2+deb8u1
2021-01-29 09:05:44 status half-configured libpython2.7:armhf 2.7.9-2+deb8u1
2021-01-29 09:05:44 status installed libpython2.7:armhf 2.7.9-2+deb8u1
2021-01-29 09:05:44 configure libwbclient0:armhf 2:4.2.14+dfsg-0+deb8u9 <none>
2021-01-29 09:05:44 status unpacked libwbclient0:armhf 2:4.2.14+dfsg-0+deb8u9
2021-01-29 09:05:44 status half-configured libwbclient0:armhf 2:4.2.14+dfsg-0+deb8u9
2021-01-29 09:05:45 status installed libwbclient0:armhf 2:4.2.14+dfsg-0+deb8u9
2021-01-29 09:05:45 configure python-talloc:armhf 2.1.2-0+deb8u1 <none>
2021-01-29 09:05:45 status unpacked python-talloc:armhf 2.1.2-0+deb8u1
2021-01-29 09:05:45 status half-configured python-talloc:armhf 2.1.2-0+deb8u1
2021-01-29 09:05:45 status installed python-talloc:armhf 2.1.2-0+deb8u1
2021-01-29 09:05:45 configure samba-libs:armhf 2:4.2.14+dfsg-0+deb8u9 <none>
2021-01-29 09:05:45 status unpacked samba-libs:armhf 2:4.2.14+dfsg-0+deb8u9
2021-01-29 09:05:45 status half-configured samba-libs:armhf 2:4.2.14+dfsg-0+deb8u9
2021-01-29 09:05:45 status installed samba-libs:armhf 2:4.2.14+dfsg-0+deb8u9
2021-01-29 09:05:45 configure libsmbclient:armhf 2:4.2.14+dfsg-0+deb8u9 <none>
2021-01-29 09:05:45 status unpacked libsmbclient:armhf 2:4.2.14+dfsg-0+deb8u9
2021-01-29 09:05:45 status half-configured libsmbclient:armhf 2:4.2.14+dfsg-0+deb8u9
2021-01-29 09:05:45 status installed libsmbclient:armhf 2:4.2.14+dfsg-0+deb8u9
2021-01-29 09:05:45 configure python-ldb:armhf 2:1.1.20-0+deb8u1 <none>
2021-01-29 09:05:45 status unpacked python-ldb:armhf 2:1.1.20-0+deb8u1
2021-01-29 09:05:45 status half-configured python-ldb:armhf 2:1.1.20-0+deb8u1
2021-01-29 09:05:45 status installed python-ldb:armhf 2:1.1.20-0+deb8u1
2021-01-29 09:05:45 configure ucf:all 3.0030 <none>
2021-01-29 09:05:45 status unpacked ucf:all 3.0030
2021-01-29 09:05:45 status unpacked ucf:all 3.0030
2021-01-29 09:05:45 status half-configured ucf:all 3.0030
2021-01-29 09:05:47 status installed ucf:all 3.0030
2021-01-29 09:05:47 configure samba-common:all 2:4.2.14+dfsg-0+deb8u9 <none>
2021-01-29 09:05:47 status unpacked samba-common:all 2:4.2.14+dfsg-0+deb8u9
2021-01-29 09:05:47 status unpacked samba-common:all 2:4.2.14+dfsg-0+deb8u9
2021-01-29 09:05:47 status unpacked samba-common:all 2:4.2.14+dfsg-0+deb8u9
2021-01-29 09:05:47 status unpacked samba-common:all 2:4.2.14+dfsg-0+deb8u9
2021-01-29 09:05:47 status half-configured samba-common:all 2:4.2.14+dfsg-0+deb8u9
2021-01-29 09:05:52 status installed samba-common:all 2:4.2.14+dfsg-0+deb8u9
2021-01-29 09:05:52 configure smbclient:armhf 2:4.2.14+dfsg-0+deb8u9 <none>
2021-01-29 09:05:52 status unpacked smbclient:armhf 2:4.2.14+dfsg-0+deb8u9
2021-01-29 09:05:52 status half-configured smbclient:armhf 2:4.2.14+dfsg-0+deb8u9
2021-01-29 09:05:52 status installed smbclient:armhf 2:4.2.14+dfsg-0+deb8u9
2021-01-29 09:05:52 configure dbus:armhf 1.8.22-0+deb8u1 <none>
2021-01-29 09:05:52 status unpacked dbus:armhf 1.8.22-0+deb8u1
2021-01-29 09:05:52 status unpacked dbus:armhf 1.8.22-0+deb8u1
2021-01-29 09:05:52 status unpacked dbus:armhf 1.8.22-0+deb8u1
2021-01-29 09:05:52 status unpacked dbus:armhf 1.8.22-0+deb8u1
2021-01-29 09:05:52 status triggers-pending systemd:armhf 215-17+deb8u7
2021-01-29 09:05:52 status unpacked dbus:armhf 1.8.22-0+deb8u1
2021-01-29 09:05:52 status half-configured dbus:armhf 1.8.22-0+deb8u1
2021-01-29 09:05:55 status installed dbus:armhf 1.8.22-0+deb8u1
2021-01-29 09:05:55 configure patch:armhf 2.7.5-1+deb8u1 <none>
2021-01-29 09:05:55 status unpacked patch:armhf 2.7.5-1+deb8u1
2021-01-29 09:05:55 status half-configured patch:armhf 2.7.5-1+deb8u1
2021-01-29 09:05:55 status installed patch:armhf 2.7.5-1+deb8u1
2021-01-29 09:05:55 configure curl:armhf 7.38.0-4+deb8u11 <none>
2021-01-29 09:05:55 status unpacked curl:armhf 7.38.0-4+deb8u11
2021-01-29 09:05:55 status half-configured curl:armhf 7.38.0-4+deb8u11
2021-01-29 09:05:55 status installed curl:armhf 7.38.0-4+deb8u11
2021-01-29 09:05:55 configure liberror-perl:all 0.17-1.1 <none>
2021-01-29 09:05:55 status unpacked liberror-perl:all 0.17-1.1
2021-01-29 09:05:55 status half-configured liberror-perl:all 0.17-1.1
2021-01-29 09:05:55 status installed liberror-perl:all 0.17-1.1
2021-01-29 09:05:55 configure git-man:all 1:2.1.4-2.1+deb8u6 <none>
2021-01-29 09:05:55 status unpacked git-man:all 1:2.1.4-2.1+deb8u6
2021-01-29 09:05:55 status half-configured git-man:all 1:2.1.4-2.1+deb8u6
2021-01-29 09:05:55 status installed git-man:all 1:2.1.4-2.1+deb8u6
2021-01-29 09:05:55 configure git:armhf 1:2.1.4-2.1+deb8u6 <none>
2021-01-29 09:05:55 status unpacked git:armhf 1:2.1.4-2.1+deb8u6
2021-01-29 09:05:55 status unpacked git:armhf 1:2.1.4-2.1+deb8u6
2021-01-29 09:05:55 status half-configured git:armhf 1:2.1.4-2.1+deb8u6
2021-01-29 09:05:55 status installed git:armhf 1:2.1.4-2.1+deb8u6
2021-01-29 09:05:55 configure ldap-utils:armhf 2.4.40+dfsg-1+deb8u4 <none>
2021-01-29 09:05:55 status unpacked ldap-utils:armhf 2.4.40+dfsg-1+deb8u4
2021-01-29 09:05:55 status half-configured ldap-utils:armhf 2.4.40+dfsg-1+deb8u4
2021-01-29 09:05:55 status installed ldap-utils:armhf 2.4.40+dfsg-1+deb8u4
2021-01-29 09:05:55 configure libsasl2-modules:armhf 2.1.26.dfsg1-13+deb8u1 <none>
2021-01-29 09:05:55 status unpacked libsasl2-modules:armhf 2.1.26.dfsg1-13+deb8u1
2021-01-29 09:05:55 status unpacked libsasl2-modules:armhf 2.1.26.dfsg1-13+deb8u1
2021-01-29 09:05:55 status half-configured libsasl2-modules:armhf 2.1.26.dfsg1-13+deb8u1
2021-01-29 09:05:55 status installed libsasl2-modules:armhf 2.1.26.dfsg1-13+deb8u1
2021-01-29 09:05:55 configure python-crypto:armhf 2.6.1-5+deb8u1 <none>
2021-01-29 09:05:55 status unpacked python-crypto:armhf 2.6.1-5+deb8u1
2021-01-29 09:05:55 status half-configured python-crypto:armhf 2.6.1-5+deb8u1
2021-01-29 09:05:58 status installed python-crypto:armhf 2.6.1-5+deb8u1
2021-01-29 09:05:58 configure python-ntdb:armhf 1.0-5 <none>
2021-01-29 09:05:58 status unpacked python-ntdb:armhf 1.0-5
2021-01-29 09:05:58 status half-configured python-ntdb:armhf 1.0-5
2021-01-29 09:05:58 status installed python-ntdb:armhf 1.0-5
2021-01-29 09:05:58 configure python-tdb:armhf 1.3.6-0+deb8u1 <none>
2021-01-29 09:05:58 status unpacked python-tdb:armhf 1.3.6-0+deb8u1
2021-01-29 09:05:58 status half-configured python-tdb:armhf 1.3.6-0+deb8u1
2021-01-29 09:05:58 status installed python-tdb:armhf 1.3.6-0+deb8u1
2021-01-29 09:05:58 configure python-samba:armhf 2:4.2.14+dfsg-0+deb8u9 <none>
2021-01-29 09:05:58 status unpacked python-samba:armhf 2:4.2.14+dfsg-0+deb8u9
2021-01-29 09:05:58 status half-configured python-samba:armhf 2:4.2.14+dfsg-0+deb8u9
2021-01-29 09:06:01 status installed python-samba:armhf 2:4.2.14+dfsg-0+deb8u9
2021-01-29 09:06:01 configure rsync:armhf 3.1.1-3+deb8u1 <none>
2021-01-29 09:06:01 status unpacked rsync:armhf 3.1.1-3+deb8u1
2021-01-29 09:06:01 status unpacked rsync:armhf 3.1.1-3+deb8u1
2021-01-29 09:06:01 status unpacked rsync:armhf 3.1.1-3+deb8u1
2021-01-29 09:06:01 status half-configured rsync:armhf 3.1.1-3+deb8u1
2021-01-29 09:06:03 status installed rsync:armhf 3.1.1-3+deb8u1
2021-01-29 09:06:03 configure samba-common-bin:armhf 2:4.2.14+dfsg-0+deb8u9 <none>
2021-01-29 09:06:03 status unpacked samba-common-bin:armhf 2:4.2.14+dfsg-0+deb8u9
2021-01-29 09:06:03 status half-configured samba-common-bin:armhf 2:4.2.14+dfsg-0+deb8u9
2021-01-29 09:06:03 status installed samba-common-bin:armhf 2:4.2.14+dfsg-0+deb8u9
2021-01-29 09:06:03 configure screen:armhf 4.2.1-3+deb8u1 <none>
2021-01-29 09:06:03 status unpacked screen:armhf 4.2.1-3+deb8u1
2021-01-29 09:06:03 status unpacked screen:armhf 4.2.1-3+deb8u1
2021-01-29 09:06:03 status unpacked screen:armhf 4.2.1-3+deb8u1
2021-01-29 09:06:03 status half-configured screen:armhf 4.2.1-3+deb8u1
2021-01-29 09:06:05 status installed screen:armhf 4.2.1-3+deb8u1
2021-01-29 09:06:05 trigproc libc-bin:armhf 2.19-18+deb8u10 <none>
2021-01-29 09:06:05 status half-configured libc-bin:armhf 2.19-18+deb8u10
2021-01-29 09:06:05 status installed libc-bin:armhf 2.19-18+deb8u10
2021-01-29 09:06:05 trigproc systemd:armhf 215-17+deb8u7 <none>
2021-01-29 09:06:05 status half-configured systemd:armhf 215-17+deb8u7
2021-01-29 09:06:05 status installed systemd:armhf 215-17+deb8u7
2021-01-29 09:06:07 startup packages configure
2021-01-29 09:06:35 startup archives unpack
2021-01-29 09:06:35 install libpq5:armhf <none> 9.4.18-0+deb8u1
2021-01-29 09:06:35 status half-installed libpq5:armhf 9.4.18-0+deb8u1
2021-01-29 09:06:35 status unpacked libpq5:armhf 9.4.18-0+deb8u1
2021-01-29 09:06:35 status unpacked libpq5:armhf 9.4.18-0+deb8u1
2021-01-29 09:06:35 install locales:all <none> 2.19-18+deb8u10
2021-01-29 09:06:35 status half-installed locales:all 2.19-18+deb8u10
2021-01-29 09:06:39 status triggers-pending man-db:armhf 2.7.0.2-5
2021-01-29 09:06:39 status unpacked locales:all 2.19-18+deb8u10
2021-01-29 09:06:39 status unpacked locales:all 2.19-18+deb8u10
2021-01-29 09:06:39 install lsb-release:all <none> 4.1+Debian13+nmu1
2021-01-29 09:06:39 status half-installed lsb-release:all 4.1+Debian13+nmu1
2021-01-29 09:06:40 status unpacked lsb-release:all 4.1+Debian13+nmu1
2021-01-29 09:06:40 status unpacked lsb-release:all 4.1+Debian13+nmu1
2021-01-29 09:06:40 install postgresql-client-common:all <none> 165+deb8u3
2021-01-29 09:06:40 status half-installed postgresql-client-common:all 165+deb8u3
2021-01-29 09:06:40 status unpacked postgresql-client-common:all 165+deb8u3
2021-01-29 09:06:40 status unpacked postgresql-client-common:all 165+deb8u3
2021-01-29 09:06:40 install postgresql-client-9.4:armhf <none> 9.4.18-0+deb8u1
2021-01-29 09:06:40 status half-installed postgresql-client-9.4:armhf 9.4.18-0+deb8u1
2021-01-29 09:06:41 status unpacked postgresql-client-9.4:armhf 9.4.18-0+deb8u1
2021-01-29 09:06:41 status unpacked postgresql-client-9.4:armhf 9.4.18-0+deb8u1
2021-01-29 09:06:41 install ssl-cert:all <none> 1.0.35
2021-01-29 09:06:41 status half-installed ssl-cert:all 1.0.35
2021-01-29 09:06:41 status unpacked ssl-cert:all 1.0.35
2021-01-29 09:06:41 status unpacked ssl-cert:all 1.0.35
2021-01-29 09:06:41 install postgresql-common:all <none> 165+deb8u3
2021-01-29 09:06:41 status half-installed postgresql-common:all 165+deb8u3
2021-01-29 09:06:42 status triggers-pending systemd:armhf 215-17+deb8u7
2021-01-29 09:06:42 status unpacked postgresql-common:all 165+deb8u3
2021-01-29 09:06:42 status unpacked postgresql-common:all 165+deb8u3
2021-01-29 09:06:42 install postgresql-9.4:armhf <none> 9.4.18-0+deb8u1
2021-01-29 09:06:42 status half-installed postgresql-9.4:armhf 9.4.18-0+deb8u1
2021-01-29 09:06:45 status unpacked postgresql-9.4:armhf 9.4.18-0+deb8u1
2021-01-29 09:06:45 status unpacked postgresql-9.4:armhf 9.4.18-0+deb8u1
2021-01-29 09:06:45 install postgresql:all <none> 9.4+165+deb8u3
2021-01-29 09:06:45 status half-installed postgresql:all 9.4+165+deb8u3
2021-01-29 09:06:45 status unpacked postgresql:all 9.4+165+deb8u3
2021-01-29 09:06:45 status unpacked postgresql:all 9.4+165+deb8u3
2021-01-29 09:06:45 trigproc man-db:armhf 2.7.0.2-5 <none>
2021-01-29 09:06:45 status half-configured man-db:armhf 2.7.0.2-5
2021-01-29 09:06:51 status installed man-db:armhf 2.7.0.2-5
2021-01-29 09:06:51 trigproc systemd:armhf 215-17+deb8u7 <none>
2021-01-29 09:06:51 status half-configured systemd:armhf 215-17+deb8u7
2021-01-29 09:06:51 status installed systemd:armhf 215-17+deb8u7
2021-01-29 09:06:53 startup packages configure
2021-01-29 09:06:53 configure libpq5:armhf 9.4.18-0+deb8u1 <none>
2021-01-29 09:06:53 status unpacked libpq5:armhf 9.4.18-0+deb8u1
2021-01-29 09:06:53 status half-configured libpq5:armhf 9.4.18-0+deb8u1
2021-01-29 09:06:53 status installed libpq5:armhf 9.4.18-0+deb8u1
2021-01-29 09:06:53 status triggers-pending libc-bin:armhf 2.19-18+deb8u10
2021-01-29 09:06:53 configure locales:all 2.19-18+deb8u10 <none>
2021-01-29 09:06:53 status unpacked locales:all 2.19-18+deb8u10
2021-01-29 09:06:53 status unpacked locales:all 2.19-18+deb8u10
2021-01-29 09:06:53 status half-configured locales:all 2.19-18+deb8u10
2021-01-29 09:07:15 status installed locales:all 2.19-18+deb8u10
2021-01-29 09:07:15 configure lsb-release:all 4.1+Debian13+nmu1 <none>
2021-01-29 09:07:15 status unpacked lsb-release:all 4.1+Debian13+nmu1
2021-01-29 09:07:15 status half-configured lsb-release:all 4.1+Debian13+nmu1
2021-01-29 09:07:17 status installed lsb-release:all 4.1+Debian13+nmu1
2021-01-29 09:07:17 configure postgresql-client-common:all 165+deb8u3 <none>
2021-01-29 09:07:17 status unpacked postgresql-client-common:all 165+deb8u3
2021-01-29 09:07:17 status unpacked postgresql-client-common:all 165+deb8u3
2021-01-29 09:07:17 status half-configured postgresql-client-common:all 165+deb8u3
2021-01-29 09:07:17 status installed postgresql-client-common:all 165+deb8u3
2021-01-29 09:07:17 configure postgresql-client-9.4:armhf 9.4.18-0+deb8u1 <none>
2021-01-29 09:07:17 status unpacked postgresql-client-9.4:armhf 9.4.18-0+deb8u1
2021-01-29 09:07:17 status half-configured postgresql-client-9.4:armhf 9.4.18-0+deb8u1
2021-01-29 09:07:30 status installed postgresql-client-9.4:armhf 9.4.18-0+deb8u1
2021-01-29 09:07:30 configure ssl-cert:all 1.0.35 <none>
2021-01-29 09:07:30 status unpacked ssl-cert:all 1.0.35
2021-01-29 09:07:30 status half-configured ssl-cert:all 1.0.35
2021-01-29 09:07:37 status installed ssl-cert:all 1.0.35
2021-01-29 09:07:37 configure postgresql-common:all 165+deb8u3 <none>
2021-01-29 09:07:37 status unpacked postgresql-common:all 165+deb8u3
2021-01-29 09:07:37 status unpacked postgresql-common:all 165+deb8u3
2021-01-29 09:07:37 status triggers-pending systemd:armhf 215-17+deb8u7
2021-01-29 09:07:37 status unpacked postgresql-common:all 165+deb8u3
2021-01-29 09:07:37 status unpacked postgresql-common:all 165+deb8u3
2021-01-29 09:07:37 status half-configured postgresql-common:all 165+deb8u3
2021-01-29 09:07:53 status installed postgresql-common:all 165+deb8u3
2021-01-29 09:07:53 configure postgresql-9.4:armhf 9.4.18-0+deb8u1 <none>
2021-01-29 09:07:53 status unpacked postgresql-9.4:armhf 9.4.18-0+deb8u1
2021-01-29 09:07:53 status half-configured postgresql-9.4:armhf 9.4.18-0+deb8u1
2021-01-29 09:08:24 status installed postgresql-9.4:armhf 9.4.18-0+deb8u1
2021-01-29 09:08:24 configure postgresql:all 9.4+165+deb8u3 <none>
2021-01-29 09:08:24 status unpacked postgresql:all 9.4+165+deb8u3
2021-01-29 09:08:24 status half-configured postgresql:all 9.4+165+deb8u3
2021-01-29 09:08:24 status installed postgresql:all 9.4+165+deb8u3
2021-01-29 09:08:24 trigproc libc-bin:armhf 2.19-18+deb8u10 <none>
2021-01-29 09:08:24 status half-configured libc-bin:armhf 2.19-18+deb8u10
2021-01-29 09:08:24 status installed libc-bin:armhf 2.19-18+deb8u10
2021-01-29 09:08:24 trigproc systemd:armhf 215-17+deb8u7 <none>
2021-01-29 09:08:24 status half-configured systemd:armhf 215-17+deb8u7
2021-01-29 09:08:24 status installed systemd:armhf 215-17+deb8u7
2021-01-29 09:08:26 startup packages configure
2021-01-29 09:08:56 startup archives unpack
2021-01-29 09:08:56 install libdrm2:armhf <none> 2.4.58-2
2021-01-29 09:08:56 status half-installed libdrm2:armhf 2.4.58-2
2021-01-29 09:08:56 status unpacked libdrm2:armhf 2.4.58-2
2021-01-29 09:08:56 status unpacked libdrm2:armhf 2.4.58-2
2021-01-29 09:08:56 install libdrm-freedreno1:armhf <none> 2.4.58-2
2021-01-29 09:08:56 status half-installed libdrm-freedreno1:armhf 2.4.58-2
2021-01-29 09:08:57 status unpacked libdrm-freedreno1:armhf 2.4.58-2
2021-01-29 09:08:57 status unpacked libdrm-freedreno1:armhf 2.4.58-2
2021-01-29 09:08:57 install libdrm-nouveau2:armhf <none> 2.4.58-2
2021-01-29 09:08:57 status half-installed libdrm-nouveau2:armhf 2.4.58-2
2021-01-29 09:08:57 status unpacked libdrm-nouveau2:armhf 2.4.58-2
2021-01-29 09:08:57 status unpacked libdrm-nouveau2:armhf 2.4.58-2
2021-01-29 09:08:57 install libdrm-radeon1:armhf <none> 2.4.58-2
2021-01-29 09:08:57 status half-installed libdrm-radeon1:armhf 2.4.58-2
2021-01-29 09:08:57 status unpacked libdrm-radeon1:armhf 2.4.58-2
2021-01-29 09:08:57 status unpacked libdrm-radeon1:armhf 2.4.58-2
2021-01-29 09:08:57 install libelf1:armhf <none> 0.159-4.2
2021-01-29 09:08:57 status half-installed libelf1:armhf 0.159-4.2
2021-01-29 09:08:58 status unpacked libelf1:armhf 0.159-4.2
2021-01-29 09:08:58 status unpacked libelf1:armhf 0.159-4.2
2021-01-29 09:08:58 install libpng12-0:armhf <none> 1.2.50-2+deb8u3
2021-01-29 09:08:58 status half-installed libpng12-0:armhf 1.2.50-2+deb8u3
2021-01-29 09:08:58 status unpacked libpng12-0:armhf 1.2.50-2+deb8u3
2021-01-29 09:08:58 status unpacked libpng12-0:armhf 1.2.50-2+deb8u3
2021-01-29 09:08:58 install libfreetype6:armhf <none> 2.5.2-3+deb8u2
2021-01-29 09:08:58 status half-installed libfreetype6:armhf 2.5.2-3+deb8u2
2021-01-29 09:08:59 status unpacked libfreetype6:armhf 2.5.2-3+deb8u2
2021-01-29 09:08:59 status unpacked libfreetype6:armhf 2.5.2-3+deb8u2
2021-01-29 09:08:59 install fonts-dejavu-core:all <none> 2.34-1
2021-01-29 09:08:59 status half-installed fonts-dejavu-core:all 2.34-1
2021-01-29 09:09:00 status unpacked fonts-dejavu-core:all 2.34-1
2021-01-29 09:09:00 status unpacked fonts-dejavu-core:all 2.34-1
2021-01-29 09:09:00 install fontconfig-config:all <none> 2.11.0-6.3+deb8u1
2021-01-29 09:09:00 status half-installed fontconfig-config:all 2.11.0-6.3+deb8u1
2021-01-29 09:09:03 status triggers-pending man-db:armhf 2.7.0.2-5
2021-01-29 09:09:03 status unpacked fontconfig-config:all 2.11.0-6.3+deb8u1
2021-01-29 09:09:03 status unpacked fontconfig-config:all 2.11.0-6.3+deb8u1
2021-01-29 09:09:03 install libfontconfig1:armhf <none> 2.11.0-6.3+deb8u1
2021-01-29 09:09:03 status half-installed libfontconfig1:armhf 2.11.0-6.3+deb8u1
2021-01-29 09:09:03 status unpacked libfontconfig1:armhf 2.11.0-6.3+deb8u1
2021-01-29 09:09:03 status unpacked libfontconfig1:armhf 2.11.0-6.3+deb8u1
2021-01-29 09:09:03 install libfontenc1:armhf <none> 1:1.1.2-1+b2
2021-01-29 09:09:03 status half-installed libfontenc1:armhf 1:1.1.2-1+b2
2021-01-29 09:09:04 status unpacked libfontenc1:armhf 1:1.1.2-1+b2
2021-01-29 09:09:04 status unpacked libfontenc1:armhf 1:1.1.2-1+b2
2021-01-29 09:09:04 install libllvm3.5:armhf <none> 1:3.5-10
2021-01-29 09:09:04 status half-installed libllvm3.5:armhf 1:3.5-10
2021-01-29 09:09:09 status unpacked libllvm3.5:armhf 1:3.5-10
2021-01-29 09:09:09 status unpacked libllvm3.5:armhf 1:3.5-10
2021-01-29 09:09:09 install libgl1-mesa-dri:armhf <none> 10.3.2-1+deb8u1
2021-01-29 09:09:09 status half-installed libgl1-mesa-dri:armhf 10.3.2-1+deb8u1
2021-01-29 09:09:11 status unpacked libgl1-mesa-dri:armhf 10.3.2-1+deb8u1
2021-01-29 09:09:11 status unpacked libgl1-mesa-dri:armhf 10.3.2-1+deb8u1
2021-01-29 09:09:11 install libglapi-mesa:armhf <none> 10.3.2-1+deb8u1
2021-01-29 09:09:11 status half-installed libglapi-mesa:armhf 10.3.2-1+deb8u1
2021-01-29 09:09:11 status unpacked libglapi-mesa:armhf 10.3.2-1+deb8u1
2021-01-29 09:09:11 status unpacked libglapi-mesa:armhf 10.3.2-1+deb8u1
2021-01-29 09:09:12 install libx11-xcb1:armhf <none> 2:1.6.2-3+deb8u1
2021-01-29 09:09:12 status half-installed libx11-xcb1:armhf 2:1.6.2-3+deb8u1
2021-01-29 09:09:12 status unpacked libx11-xcb1:armhf 2:1.6.2-3+deb8u1
2021-01-29 09:09:12 status unpacked libx11-xcb1:armhf 2:1.6.2-3+deb8u1
2021-01-29 09:09:12 install libxcb-dri2-0:armhf <none> 1.10-3+b1
2021-01-29 09:09:12 status half-installed libxcb-dri2-0:armhf 1.10-3+b1
2021-01-29 09:09:12 status unpacked libxcb-dri2-0:armhf 1.10-3+b1
2021-01-29 09:09:12 status unpacked libxcb-dri2-0:armhf 1.10-3+b1
2021-01-29 09:09:12 install libxcb-dri3-0:armhf <none> 1.10-3+b1
2021-01-29 09:09:12 status half-installed libxcb-dri3-0:armhf 1.10-3+b1
2021-01-29 09:09:12 status unpacked libxcb-dri3-0:armhf 1.10-3+b1
2021-01-29 09:09:12 status unpacked libxcb-dri3-0:armhf 1.10-3+b1
2021-01-29 09:09:13 install libxcb-glx0:armhf <none> 1.10-3+b1
2021-01-29 09:09:13 status half-installed libxcb-glx0:armhf 1.10-3+b1
2021-01-29 09:09:13 status unpacked libxcb-glx0:armhf 1.10-3+b1
2021-01-29 09:09:13 status unpacked libxcb-glx0:armhf 1.10-3+b1
2021-01-29 09:09:13 install libxcb-present0:armhf <none> 1.10-3+b1
2021-01-29 09:09:13 status half-installed libxcb-present0:armhf 1.10-3+b1
2021-01-29 09:09:13 status unpacked libxcb-present0:armhf 1.10-3+b1
2021-01-29 09:09:13 status unpacked libxcb-present0:armhf 1.10-3+b1
2021-01-29 09:09:13 install libxcb-sync1:armhf <none> 1.10-3+b1
2021-01-29 09:09:13 status half-installed libxcb-sync1:armhf 1.10-3+b1
2021-01-29 09:09:13 status unpacked libxcb-sync1:armhf 1.10-3+b1
2021-01-29 09:09:13 status unpacked libxcb-sync1:armhf 1.10-3+b1
2021-01-29 09:09:13 install libxfixes3:armhf <none> 1:5.0.1-2+deb8u1
2021-01-29 09:09:13 status half-installed libxfixes3:armhf 1:5.0.1-2+deb8u1
2021-01-29 09:09:14 status unpacked libxfixes3:armhf 1:5.0.1-2+deb8u1
2021-01-29 09:09:14 status unpacked libxfixes3:armhf 1:5.0.1-2+deb8u1
2021-01-29 09:09:14 install libxdamage1:armhf <none> 1:1.1.4-2+b1
2021-01-29 09:09:14 status half-installed libxdamage1:armhf 1:1.1.4-2+b1
2021-01-29 09:09:14 status unpacked libxdamage1:armhf 1:1.1.4-2+b1
2021-01-29 09:09:14 status unpacked libxdamage1:armhf 1:1.1.4-2+b1
2021-01-29 09:09:14 install libxshmfence1:armhf <none> 1.1-4
2021-01-29 09:09:14 status half-installed libxshmfence1:armhf 1.1-4
2021-01-29 09:09:14 status unpacked libxshmfence1:armhf 1.1-4
2021-01-29 09:09:14 status unpacked libxshmfence1:armhf 1.1-4
2021-01-29 09:09:14 install libxxf86vm1:armhf <none> 1:1.1.3-1+b1
2021-01-29 09:09:14 status half-installed libxxf86vm1:armhf 1:1.1.3-1+b1
2021-01-29 09:09:14 status unpacked libxxf86vm1:armhf 1:1.1.3-1+b1
2021-01-29 09:09:14 status unpacked libxxf86vm1:armhf 1:1.1.3-1+b1
2021-01-29 09:09:15 install libgl1-mesa-glx:armhf <none> 10.3.2-1+deb8u1
2021-01-29 09:09:15 status half-installed libgl1-mesa-glx:armhf 10.3.2-1+deb8u1
2021-01-29 09:09:15 status unpacked libgl1-mesa-glx:armhf 10.3.2-1+deb8u1
2021-01-29 09:09:15 status unpacked libgl1-mesa-glx:armhf 10.3.2-1+deb8u1
2021-01-29 09:09:15 install x11-common:all <none> 1:7.7+7
2021-01-29 09:09:15 status half-installed x11-common:all 1:7.7+7
2021-01-29 09:09:15 status triggers-pending systemd:armhf 215-17+deb8u7
2021-01-29 09:09:15 status unpacked x11-common:all 1:7.7+7
2021-01-29 09:09:15 status unpacked x11-common:all 1:7.7+7
2021-01-29 09:09:15 install libice6:armhf <none> 2:1.0.9-1+b1
2021-01-29 09:09:15 status half-installed libice6:armhf 2:1.0.9-1+b1
2021-01-29 09:09:16 status unpacked libice6:armhf 2:1.0.9-1+b1
2021-01-29 09:09:16 status unpacked libice6:armhf 2:1.0.9-1+b1
2021-01-29 09:09:16 install libsm6:armhf <none> 2:1.2.2-1+b1
2021-01-29 09:09:16 status half-installed libsm6:armhf 2:1.2.2-1+b1
2021-01-29 09:09:16 status unpacked libsm6:armhf 2:1.2.2-1+b1
2021-01-29 09:09:16 status unpacked libsm6:armhf 2:1.2.2-1+b1
2021-01-29 09:09:16 install libtcl8.6:armhf <none> 8.6.2+dfsg-2
2021-01-29 09:09:16 status half-installed libtcl8.6:armhf 8.6.2+dfsg-2
2021-01-29 09:09:17 status unpacked libtcl8.6:armhf 8.6.2+dfsg-2
2021-01-29 09:09:17 status unpacked libtcl8.6:armhf 8.6.2+dfsg-2
2021-01-29 09:09:17 install libxrender1:armhf <none> 1:0.9.8-1+b1
2021-01-29 09:09:17 status half-installed libxrender1:armhf 1:0.9.8-1+b1
2021-01-29 09:09:17 status unpacked libxrender1:armhf 1:0.9.8-1+b1
2021-01-29 09:09:17 status unpacked libxrender1:armhf 1:0.9.8-1+b1
2021-01-29 09:09:17 install libxft2:armhf <none> 2.3.2-1
2021-01-29 09:09:17 status half-installed libxft2:armhf 2.3.2-1
2021-01-29 09:09:17 status unpacked libxft2:armhf 2.3.2-1
2021-01-29 09:09:17 status unpacked libxft2:armhf 2.3.2-1
2021-01-29 09:09:18 install libxss1:armhf <none> 1:1.2.2-1
2021-01-29 09:09:18 status half-installed libxss1:armhf 1:1.2.2-1
2021-01-29 09:09:18 status unpacked libxss1:armhf 1:1.2.2-1
2021-01-29 09:09:18 status unpacked libxss1:armhf 1:1.2.2-1
2021-01-29 09:09:18 install libtk8.6:armhf <none> 8.6.2-1
2021-01-29 09:09:18 status half-installed libtk8.6:armhf 8.6.2-1
2021-01-29 09:09:19 status unpacked libtk8.6:armhf 8.6.2-1
2021-01-29 09:09:19 status unpacked libtk8.6:armhf 8.6.2-1
2021-01-29 09:09:19 install libxt6:armhf <none> 1:1.1.4-1+b1
2021-01-29 09:09:19 status half-installed libxt6:armhf 1:1.1.4-1+b1
2021-01-29 09:09:19 status unpacked libxt6:armhf 1:1.1.4-1+b1
2021-01-29 09:09:19 status unpacked libxt6:armhf 1:1.1.4-1+b1
2021-01-29 09:09:19 install libxmu6:armhf <none> 2:1.1.2-1
2021-01-29 09:09:19 status half-installed libxmu6:armhf 2:1.1.2-1
2021-01-29 09:09:20 status unpacked libxmu6:armhf 2:1.1.2-1
2021-01-29 09:09:20 status unpacked libxmu6:armhf 2:1.1.2-1
2021-01-29 09:09:20 install libxpm4:armhf <none> 1:3.5.12-0+deb8u1
2021-01-29 09:09:20 status half-installed libxpm4:armhf 1:3.5.12-0+deb8u1
2021-01-29 09:09:20 status unpacked libxpm4:armhf 1:3.5.12-0+deb8u1
2021-01-29 09:09:20 status unpacked libxpm4:armhf 1:3.5.12-0+deb8u1
2021-01-29 09:09:20 install libxaw7:armhf <none> 2:1.0.12-2+b1
2021-01-29 09:09:20 status half-installed libxaw7:armhf 2:1.0.12-2+b1
2021-01-29 09:09:20 status unpacked libxaw7:armhf 2:1.0.12-2+b1
2021-01-29 09:09:20 status unpacked libxaw7:armhf 2:1.0.12-2+b1
2021-01-29 09:09:20 install libxcb-shape0:armhf <none> 1.10-3+b1
2021-01-29 09:09:20 status half-installed libxcb-shape0:armhf 1.10-3+b1
2021-01-29 09:09:21 status unpacked libxcb-shape0:armhf 1.10-3+b1
2021-01-29 09:09:21 status unpacked libxcb-shape0:armhf 1.10-3+b1
2021-01-29 09:09:21 install libxcomposite1:armhf <none> 1:0.4.4-1
2021-01-29 09:09:21 status half-installed libxcomposite1:armhf 1:0.4.4-1
2021-01-29 09:09:21 status unpacked libxcomposite1:armhf 1:0.4.4-1
2021-01-29 09:09:21 status unpacked libxcomposite1:armhf 1:0.4.4-1
2021-01-29 09:09:21 install libxi6:armhf <none> 2:1.7.4-1+deb8u1
2021-01-29 09:09:21 status half-installed libxi6:armhf 2:1.7.4-1+deb8u1
2021-01-29 09:09:21 status unpacked libxi6:armhf 2:1.7.4-1+deb8u1
2021-01-29 09:09:21 status unpacked libxi6:armhf 2:1.7.4-1+deb8u1
2021-01-29 09:09:21 install libxinerama1:armhf <none> 2:1.1.3-1+b1
2021-01-29 09:09:21 status half-installed libxinerama1:armhf 2:1.1.3-1+b1
2021-01-29 09:09:21 status unpacked libxinerama1:armhf 2:1.1.3-1+b1
2021-01-29 09:09:21 status unpacked libxinerama1:armhf 2:1.1.3-1+b1
2021-01-29 09:09:22 install libxrandr2:armhf <none> 2:1.4.2-1+deb8u1
2021-01-29 09:09:22 status half-installed libxrandr2:armhf 2:1.4.2-1+deb8u1
2021-01-29 09:09:22 status unpacked libxrandr2:armhf 2:1.4.2-1+deb8u1
2021-01-29 09:09:22 status unpacked libxrandr2:armhf 2:1.4.2-1+deb8u1
2021-01-29 09:09:22 install libxtst6:armhf <none> 2:1.2.2-1+deb8u1
2021-01-29 09:09:22 status half-installed libxtst6:armhf 2:1.2.2-1+deb8u1
2021-01-29 09:09:22 status unpacked libxtst6:armhf 2:1.2.2-1+deb8u1
2021-01-29 09:09:22 status unpacked libxtst6:armhf 2:1.2.2-1+deb8u1
2021-01-29 09:09:22 install libxv1:armhf <none> 2:1.0.10-1+deb8u1
2021-01-29 09:09:22 status half-installed libxv1:armhf 2:1.0.10-1+deb8u1
2021-01-29 09:09:22 status unpacked libxv1:armhf 2:1.0.10-1+deb8u1
2021-01-29 09:09:22 status unpacked libxv1:armhf 2:1.0.10-1+deb8u1
2021-01-29 09:09:23 install libxxf86dga1:armhf <none> 2:1.1.4-1+b1
2021-01-29 09:09:23 status half-installed libxxf86dga1:armhf 2:1.1.4-1+b1
2021-01-29 09:09:23 status unpacked libxxf86dga1:armhf 2:1.1.4-1+b1
2021-01-29 09:09:23 status unpacked libxxf86dga1:armhf 2:1.1.4-1+b1
2021-01-29 09:09:23 install libtxc-dxtn-s2tc0:armhf <none> 0~git20131104-1.1
2021-01-29 09:09:23 status half-installed libtxc-dxtn-s2tc0:armhf 0~git20131104-1.1
2021-01-29 09:09:23 status unpacked libtxc-dxtn-s2tc0:armhf 0~git20131104-1.1
2021-01-29 09:09:23 status unpacked libtxc-dxtn-s2tc0:armhf 0~git20131104-1.1
2021-01-29 09:09:23 install tcl-expect:armhf <none> 5.45-6
2021-01-29 09:09:23 status half-installed tcl-expect:armhf 5.45-6
2021-01-29 09:09:23 status unpacked tcl-expect:armhf 5.45-6
2021-01-29 09:09:23 status unpacked tcl-expect:armhf 5.45-6
2021-01-29 09:09:24 install expect:armhf <none> 5.45-6
2021-01-29 09:09:24 status half-installed expect:armhf 5.45-6
2021-01-29 09:09:24 status unpacked expect:armhf 5.45-6
2021-01-29 09:09:24 status unpacked expect:armhf 5.45-6
2021-01-29 09:09:24 install libutempter0:armhf <none> 1.1.5-4
2021-01-29 09:09:24 status half-installed libutempter0:armhf 1.1.5-4
2021-01-29 09:09:24 status unpacked libutempter0:armhf 1.1.5-4
2021-01-29 09:09:24 status unpacked libutempter0:armhf 1.1.5-4
2021-01-29 09:09:24 install tcl8.6:armhf <none> 8.6.2+dfsg-2
2021-01-29 09:09:24 status half-installed tcl8.6:armhf 8.6.2+dfsg-2
2021-01-29 09:09:25 status unpacked tcl8.6:armhf 8.6.2+dfsg-2
2021-01-29 09:09:25 status unpacked tcl8.6:armhf 8.6.2+dfsg-2
2021-01-29 09:09:25 install tk8.6:armhf <none> 8.6.2-1
2021-01-29 09:09:25 status half-installed tk8.6:armhf 8.6.2-1
2021-01-29 09:09:25 status unpacked tk8.6:armhf 8.6.2-1
2021-01-29 09:09:25 status unpacked tk8.6:armhf 8.6.2-1
2021-01-29 09:09:25 install x11-utils:armhf <none> 7.7+2
2021-01-29 09:09:25 status half-installed x11-utils:armhf 7.7+2
2021-01-29 09:09:25 status unpacked x11-utils:armhf 7.7+2
2021-01-29 09:09:25 status unpacked x11-utils:armhf 7.7+2
2021-01-29 09:09:25 install xbitmaps:all <none> 1.1.1-2
2021-01-29 09:09:25 status half-installed xbitmaps:all 1.1.1-2
2021-01-29 09:09:26 status unpacked xbitmaps:all 1.1.1-2
2021-01-29 09:09:26 status unpacked xbitmaps:all 1.1.1-2
2021-01-29 09:09:26 install xterm:armhf <none> 312-2
2021-01-29 09:09:26 status half-installed xterm:armhf 312-2
2021-01-29 09:09:26 status triggers-pending mime-support:all 3.58
2021-01-29 09:09:27 status unpacked xterm:armhf 312-2
2021-01-29 09:09:27 status unpacked xterm:armhf 312-2
2021-01-29 09:09:27 trigproc man-db:armhf 2.7.0.2-5 <none>
2021-01-29 09:09:27 status half-configured man-db:armhf 2.7.0.2-5
2021-01-29 09:09:37 status installed man-db:armhf 2.7.0.2-5
2021-01-29 09:09:37 trigproc systemd:armhf 215-17+deb8u7 <none>
2021-01-29 09:09:37 status half-configured systemd:armhf 215-17+deb8u7
2021-01-29 09:09:37 status installed systemd:armhf 215-17+deb8u7
2021-01-29 09:09:37 trigproc mime-support:all 3.58 <none>
2021-01-29 09:09:37 status half-configured mime-support:all 3.58
2021-01-29 09:09:38 status installed mime-support:all 3.58
2021-01-29 09:09:40 startup packages configure
2021-01-29 09:09:40 configure libdrm2:armhf 2.4.58-2 <none>
2021-01-29 09:09:40 status unpacked libdrm2:armhf 2.4.58-2
2021-01-29 09:09:40 status half-configured libdrm2:armhf 2.4.58-2
2021-01-29 09:09:40 status installed libdrm2:armhf 2.4.58-2
2021-01-29 09:09:40 status triggers-pending libc-bin:armhf 2.19-18+deb8u10
2021-01-29 09:09:40 configure libdrm-freedreno1:armhf 2.4.58-2 <none>
2021-01-29 09:09:40 status unpacked libdrm-freedreno1:armhf 2.4.58-2
2021-01-29 09:09:40 status half-configured libdrm-freedreno1:armhf 2.4.58-2
2021-01-29 09:09:40 status installed libdrm-freedreno1:armhf 2.4.58-2
2021-01-29 09:09:40 configure libdrm-nouveau2:armhf 2.4.58-2 <none>
2021-01-29 09:09:40 status unpacked libdrm-nouveau2:armhf 2.4.58-2
2021-01-29 09:09:40 status half-configured libdrm-nouveau2:armhf 2.4.58-2
2021-01-29 09:09:41 status installed libdrm-nouveau2:armhf 2.4.58-2
2021-01-29 09:09:41 configure libdrm-radeon1:armhf 2.4.58-2 <none>
2021-01-29 09:09:41 status unpacked libdrm-radeon1:armhf 2.4.58-2
2021-01-29 09:09:41 status half-configured libdrm-radeon1:armhf 2.4.58-2
2021-01-29 09:09:41 status installed libdrm-radeon1:armhf 2.4.58-2
2021-01-29 09:09:41 configure libelf1:armhf 0.159-4.2 <none>
2021-01-29 09:09:41 status unpacked libelf1:armhf 0.159-4.2
2021-01-29 09:09:41 status half-configured libelf1:armhf 0.159-4.2
2021-01-29 09:09:41 status installed libelf1:armhf 0.159-4.2
2021-01-29 09:09:41 configure libpng12-0:armhf 1.2.50-2+deb8u3 <none>
2021-01-29 09:09:41 status unpacked libpng12-0:armhf 1.2.50-2+deb8u3
2021-01-29 09:09:41 status half-configured libpng12-0:armhf 1.2.50-2+deb8u3
2021-01-29 09:09:41 status installed libpng12-0:armhf 1.2.50-2+deb8u3
2021-01-29 09:09:41 configure libfreetype6:armhf 2.5.2-3+deb8u2 <none>
2021-01-29 09:09:41 status unpacked libfreetype6:armhf 2.5.2-3+deb8u2
2021-01-29 09:09:41 status half-configured libfreetype6:armhf 2.5.2-3+deb8u2
2021-01-29 09:09:41 status installed libfreetype6:armhf 2.5.2-3+deb8u2
2021-01-29 09:09:41 configure fonts-dejavu-core:all 2.34-1 <none>
2021-01-29 09:09:41 status unpacked fonts-dejavu-core:all 2.34-1
2021-01-29 09:09:41 status unpacked fonts-dejavu-core:all 2.34-1
2021-01-29 09:09:41 status unpacked fonts-dejavu-core:all 2.34-1
2021-01-29 09:09:41 status unpacked fonts-dejavu-core:all 2.34-1
2021-01-29 09:09:41 status unpacked fonts-dejavu-core:all 2.34-1
2021-01-29 09:09:41 status unpacked fonts-dejavu-core:all 2.34-1
2021-01-29 09:09:41 status unpacked fonts-dejavu-core:all 2.34-1
2021-01-29 09:09:41 status unpacked fonts-dejavu-core:all 2.34-1
2021-01-29 09:09:41 status unpacked fonts-dejavu-core:all 2.34-1
2021-01-29 09:09:41 status unpacked fonts-dejavu-core:all 2.34-1
2021-01-29 09:09:41 status unpacked fonts-dejavu-core:all 2.34-1
2021-01-29 09:09:41 status unpacked fonts-dejavu-core:all 2.34-1
2021-01-29 09:09:41 status unpacked fonts-dejavu-core:all 2.34-1
2021-01-29 09:09:41 status half-configured fonts-dejavu-core:all 2.34-1
2021-01-29 09:09:41 status installed fonts-dejavu-core:all 2.34-1
2021-01-29 09:09:41 configure fontconfig-config:all 2.11.0-6.3+deb8u1 <none>
2021-01-29 09:09:41 status unpacked fontconfig-config:all 2.11.0-6.3+deb8u1
2021-01-29 09:09:41 status unpacked fontconfig-config:all 2.11.0-6.3+deb8u1
2021-01-29 09:09:41 status unpacked fontconfig-config:all 2.11.0-6.3+deb8u1
2021-01-29 09:09:41 status half-configured fontconfig-config:all 2.11.0-6.3+deb8u1
2021-01-29 09:09:47 status installed fontconfig-config:all 2.11.0-6.3+deb8u1
2021-01-29 09:09:47 configure libfontconfig1:armhf 2.11.0-6.3+deb8u1 <none>
2021-01-29 09:09:47 status unpacked libfontconfig1:armhf 2.11.0-6.3+deb8u1
2021-01-29 09:09:47 status half-configured libfontconfig1:armhf 2.11.0-6.3+deb8u1
2021-01-29 09:09:47 status installed libfontconfig1:armhf 2.11.0-6.3+deb8u1
2021-01-29 09:09:47 configure libfontenc1:armhf 1:1.1.2-1+b2 <none>
2021-01-29 09:09:47 status unpacked libfontenc1:armhf 1:1.1.2-1+b2
2021-01-29 09:09:47 status half-configured libfontenc1:armhf 1:1.1.2-1+b2
2021-01-29 09:09:47 status installed libfontenc1:armhf 1:1.1.2-1+b2
2021-01-29 09:09:47 configure libllvm3.5:armhf 1:3.5-10 <none>
2021-01-29 09:09:47 status unpacked libllvm3.5:armhf 1:3.5-10
2021-01-29 09:09:47 status half-configured libllvm3.5:armhf 1:3.5-10
2021-01-29 09:09:47 status installed libllvm3.5:armhf 1:3.5-10
2021-01-29 09:09:47 configure libgl1-mesa-dri:armhf 10.3.2-1+deb8u1 <none>
2021-01-29 09:09:47 status unpacked libgl1-mesa-dri:armhf 10.3.2-1+deb8u1
2021-01-29 09:09:47 status unpacked libgl1-mesa-dri:armhf 10.3.2-1+deb8u1
2021-01-29 09:09:47 status half-configured libgl1-mesa-dri:armhf 10.3.2-1+deb8u1
2021-01-29 09:09:47 status installed libgl1-mesa-dri:armhf 10.3.2-1+deb8u1
2021-01-29 09:09:47 configure libglapi-mesa:armhf 10.3.2-1+deb8u1 <none>
2021-01-29 09:09:47 status unpacked libglapi-mesa:armhf 10.3.2-1+deb8u1
2021-01-29 09:09:47 status half-configured libglapi-mesa:armhf 10.3.2-1+deb8u1
2021-01-29 09:09:47 status installed libglapi-mesa:armhf 10.3.2-1+deb8u1
2021-01-29 09:09:47 configure libx11-xcb1:armhf 2:1.6.2-3+deb8u1 <none>
2021-01-29 09:09:47 status unpacked libx11-xcb1:armhf 2:1.6.2-3+deb8u1
2021-01-29 09:09:47 status half-configured libx11-xcb1:armhf 2:1.6.2-3+deb8u1
2021-01-29 09:09:48 status installed libx11-xcb1:armhf 2:1.6.2-3+deb8u1
2021-01-29 09:09:48 configure libxcb-dri2-0:armhf 1.10-3+b1 <none>
2021-01-29 09:09:48 status unpacked libxcb-dri2-0:armhf 1.10-3+b1
2021-01-29 09:09:48 status half-configured libxcb-dri2-0:armhf 1.10-3+b1
2021-01-29 09:09:48 status installed libxcb-dri2-0:armhf 1.10-3+b1
2021-01-29 09:09:48 configure libxcb-dri3-0:armhf 1.10-3+b1 <none>
2021-01-29 09:09:48 status unpacked libxcb-dri3-0:armhf 1.10-3+b1
2021-01-29 09:09:48 status half-configured libxcb-dri3-0:armhf 1.10-3+b1
2021-01-29 09:09:48 status installed libxcb-dri3-0:armhf 1.10-3+b1
2021-01-29 09:09:48 configure libxcb-glx0:armhf 1.10-3+b1 <none>
2021-01-29 09:09:48 status unpacked libxcb-glx0:armhf 1.10-3+b1
2021-01-29 09:09:48 status half-configured libxcb-glx0:armhf 1.10-3+b1
2021-01-29 09:09:48 status installed libxcb-glx0:armhf 1.10-3+b1
2021-01-29 09:09:48 configure libxcb-present0:armhf 1.10-3+b1 <none>
2021-01-29 09:09:48 status unpacked libxcb-present0:armhf 1.10-3+b1
2021-01-29 09:09:48 status half-configured libxcb-present0:armhf 1.10-3+b1
2021-01-29 09:09:48 status installed libxcb-present0:armhf 1.10-3+b1
2021-01-29 09:09:48 configure libxcb-sync1:armhf 1.10-3+b1 <none>
2021-01-29 09:09:48 status unpacked libxcb-sync1:armhf 1.10-3+b1
2021-01-29 09:09:48 status half-configured libxcb-sync1:armhf 1.10-3+b1
2021-01-29 09:09:48 status installed libxcb-sync1:armhf 1.10-3+b1
2021-01-29 09:09:48 configure libxfixes3:armhf 1:5.0.1-2+deb8u1 <none>
2021-01-29 09:09:48 status unpacked libxfixes3:armhf 1:5.0.1-2+deb8u1
2021-01-29 09:09:48 status half-configured libxfixes3:armhf 1:5.0.1-2+deb8u1
2021-01-29 09:09:48 status installed libxfixes3:armhf 1:5.0.1-2+deb8u1
2021-01-29 09:09:48 configure libxdamage1:armhf 1:1.1.4-2+b1 <none>
2021-01-29 09:09:48 status unpacked libxdamage1:armhf 1:1.1.4-2+b1
2021-01-29 09:09:49 status half-configured libxdamage1:armhf 1:1.1.4-2+b1
2021-01-29 09:09:49 status installed libxdamage1:armhf 1:1.1.4-2+b1
2021-01-29 09:09:49 configure libxshmfence1:armhf 1.1-4 <none>
2021-01-29 09:09:49 status unpacked libxshmfence1:armhf 1.1-4
2021-01-29 09:09:49 status half-configured libxshmfence1:armhf 1.1-4
2021-01-29 09:09:49 status installed libxshmfence1:armhf 1.1-4
2021-01-29 09:09:49 configure libxxf86vm1:armhf 1:1.1.3-1+b1 <none>
2021-01-29 09:09:49 status unpacked libxxf86vm1:armhf 1:1.1.3-1+b1
2021-01-29 09:09:49 status half-configured libxxf86vm1:armhf 1:1.1.3-1+b1
2021-01-29 09:09:49 status installed libxxf86vm1:armhf 1:1.1.3-1+b1
2021-01-29 09:09:49 configure libgl1-mesa-glx:armhf 10.3.2-1+deb8u1 <none>
2021-01-29 09:09:49 status unpacked libgl1-mesa-glx:armhf 10.3.2-1+deb8u1
2021-01-29 09:09:49 status half-configured libgl1-mesa-glx:armhf 10.3.2-1+deb8u1
2021-01-29 09:09:49 status installed libgl1-mesa-glx:armhf 10.3.2-1+deb8u1
2021-01-29 09:09:49 configure x11-common:all 1:7.7+7 <none>
2021-01-29 09:09:49 status unpacked x11-common:all 1:7.7+7
2021-01-29 09:09:49 status unpacked x11-common:all 1:7.7+7
2021-01-29 09:09:49 status unpacked x11-common:all 1:7.7+7
2021-01-29 09:09:49 status unpacked x11-common:all 1:7.7+7
2021-01-29 09:09:49 status unpacked x11-common:all 1:7.7+7
2021-01-29 09:09:49 status unpacked x11-common:all 1:7.7+7
2021-01-29 09:09:49 status unpacked x11-common:all 1:7.7+7
2021-01-29 09:09:49 status unpacked x11-common:all 1:7.7+7
2021-01-29 09:09:49 status unpacked x11-common:all 1:7.7+7
2021-01-29 09:09:49 status unpacked x11-common:all 1:7.7+7
2021-01-29 09:09:49 status unpacked x11-common:all 1:7.7+7
2021-01-29 09:09:49 status unpacked x11-common:all 1:7.7+7
2021-01-29 09:09:49 status unpacked x11-common:all 1:7.7+7
2021-01-29 09:09:49 status unpacked x11-common:all 1:7.7+7
2021-01-29 09:09:49 status triggers-pending systemd:armhf 215-17+deb8u7
2021-01-29 09:09:49 status unpacked x11-common:all 1:7.7+7
2021-01-29 09:09:49 status half-configured x11-common:all 1:7.7+7
2021-01-29 09:09:53 status installed x11-common:all 1:7.7+7
2021-01-29 09:09:53 configure libice6:armhf 2:1.0.9-1+b1 <none>
2021-01-29 09:09:53 status unpacked libice6:armhf 2:1.0.9-1+b1
2021-01-29 09:09:53 status half-configured libice6:armhf 2:1.0.9-1+b1
2021-01-29 09:09:53 status installed libice6:armhf 2:1.0.9-1+b1
2021-01-29 09:09:53 configure libsm6:armhf 2:1.2.2-1+b1 <none>
2021-01-29 09:09:53 status unpacked libsm6:armhf 2:1.2.2-1+b1
2021-01-29 09:09:53 status half-configured libsm6:armhf 2:1.2.2-1+b1
2021-01-29 09:09:53 status installed libsm6:armhf 2:1.2.2-1+b1
2021-01-29 09:09:53 configure libtcl8.6:armhf 8.6.2+dfsg-2 <none>
2021-01-29 09:09:53 status unpacked libtcl8.6:armhf 8.6.2+dfsg-2
2021-01-29 09:09:53 status half-configured libtcl8.6:armhf 8.6.2+dfsg-2
2021-01-29 09:09:53 status installed libtcl8.6:armhf 8.6.2+dfsg-2
2021-01-29 09:09:53 configure libxrender1:armhf 1:0.9.8-1+b1 <none>
2021-01-29 09:09:53 status unpacked libxrender1:armhf 1:0.9.8-1+b1
2021-01-29 09:09:53 status half-configured libxrender1:armhf 1:0.9.8-1+b1
2021-01-29 09:09:53 status installed libxrender1:armhf 1:0.9.8-1+b1
2021-01-29 09:09:53 configure libxft2:armhf 2.3.2-1 <none>
2021-01-29 09:09:53 status unpacked libxft2:armhf 2.3.2-1
2021-01-29 09:09:53 status half-configured libxft2:armhf 2.3.2-1
2021-01-29 09:09:54 status installed libxft2:armhf 2.3.2-1
2021-01-29 09:09:54 configure libxss1:armhf 1:1.2.2-1 <none>
2021-01-29 09:09:54 status unpacked libxss1:armhf 1:1.2.2-1
2021-01-29 09:09:54 status half-configured libxss1:armhf 1:1.2.2-1
2021-01-29 09:09:54 status installed libxss1:armhf 1:1.2.2-1
2021-01-29 09:09:54 configure libtk8.6:armhf 8.6.2-1 <none>
2021-01-29 09:09:54 status unpacked libtk8.6:armhf 8.6.2-1
2021-01-29 09:09:54 status half-configured libtk8.6:armhf 8.6.2-1
2021-01-29 09:09:54 status installed libtk8.6:armhf 8.6.2-1
2021-01-29 09:09:54 configure libxt6:armhf 1:1.1.4-1+b1 <none>
2021-01-29 09:09:54 status unpacked libxt6:armhf 1:1.1.4-1+b1
2021-01-29 09:09:54 status half-configured libxt6:armhf 1:1.1.4-1+b1
2021-01-29 09:09:54 status installed libxt6:armhf 1:1.1.4-1+b1
2021-01-29 09:09:54 configure libxmu6:armhf 2:1.1.2-1 <none>
2021-01-29 09:09:54 status unpacked libxmu6:armhf 2:1.1.2-1
2021-01-29 09:09:54 status half-configured libxmu6:armhf 2:1.1.2-1
2021-01-29 09:09:54 status installed libxmu6:armhf 2:1.1.2-1
2021-01-29 09:09:54 configure libxpm4:armhf 1:3.5.12-0+deb8u1 <none>
2021-01-29 09:09:54 status unpacked libxpm4:armhf 1:3.5.12-0+deb8u1
2021-01-29 09:09:54 status half-configured libxpm4:armhf 1:3.5.12-0+deb8u1
2021-01-29 09:09:54 status installed libxpm4:armhf 1:3.5.12-0+deb8u1
2021-01-29 09:09:54 configure libxaw7:armhf 2:1.0.12-2+b1 <none>
2021-01-29 09:09:54 status unpacked libxaw7:armhf 2:1.0.12-2+b1
2021-01-29 09:09:54 status half-configured libxaw7:armhf 2:1.0.12-2+b1
2021-01-29 09:09:55 status installed libxaw7:armhf 2:1.0.12-2+b1
2021-01-29 09:09:55 configure libxcb-shape0:armhf 1.10-3+b1 <none>
2021-01-29 09:09:55 status unpacked libxcb-shape0:armhf 1.10-3+b1
2021-01-29 09:09:55 status half-configured libxcb-shape0:armhf 1.10-3+b1
2021-01-29 09:09:55 status installed libxcb-shape0:armhf 1.10-3+b1
2021-01-29 09:09:55 configure libxcomposite1:armhf 1:0.4.4-1 <none>
2021-01-29 09:09:55 status unpacked libxcomposite1:armhf 1:0.4.4-1
2021-01-29 09:09:55 status half-configured libxcomposite1:armhf 1:0.4.4-1
2021-01-29 09:09:55 status installed libxcomposite1:armhf 1:0.4.4-1
2021-01-29 09:09:55 configure libxi6:armhf 2:1.7.4-1+deb8u1 <none>
2021-01-29 09:09:55 status unpacked libxi6:armhf 2:1.7.4-1+deb8u1
2021-01-29 09:09:55 status half-configured libxi6:armhf 2:1.7.4-1+deb8u1
2021-01-29 09:09:55 status installed libxi6:armhf 2:1.7.4-1+deb8u1
2021-01-29 09:09:55 configure libxinerama1:armhf 2:1.1.3-1+b1 <none>
2021-01-29 09:09:55 status unpacked libxinerama1:armhf 2:1.1.3-1+b1
2021-01-29 09:09:55 status half-configured libxinerama1:armhf 2:1.1.3-1+b1
2021-01-29 09:09:55 status installed libxinerama1:armhf 2:1.1.3-1+b1
2021-01-29 09:09:55 configure libxrandr2:armhf 2:1.4.2-1+deb8u1 <none>
2021-01-29 09:09:55 status unpacked libxrandr2:armhf 2:1.4.2-1+deb8u1
2021-01-29 09:09:55 status half-configured libxrandr2:armhf 2:1.4.2-1+deb8u1
2021-01-29 09:09:55 status installed libxrandr2:armhf 2:1.4.2-1+deb8u1
2021-01-29 09:09:55 configure libxtst6:armhf 2:1.2.2-1+deb8u1 <none>
2021-01-29 09:09:55 status unpacked libxtst6:armhf 2:1.2.2-1+deb8u1
2021-01-29 09:09:55 status half-configured libxtst6:armhf 2:1.2.2-1+deb8u1
2021-01-29 09:09:55 status installed libxtst6:armhf 2:1.2.2-1+deb8u1
2021-01-29 09:09:55 configure libxv1:armhf 2:1.0.10-1+deb8u1 <none>
2021-01-29 09:09:55 status unpacked libxv1:armhf 2:1.0.10-1+deb8u1
2021-01-29 09:09:55 status half-configured libxv1:armhf 2:1.0.10-1+deb8u1
2021-01-29 09:09:56 status installed libxv1:armhf 2:1.0.10-1+deb8u1
2021-01-29 09:09:56 configure libxxf86dga1:armhf 2:1.1.4-1+b1 <none>
2021-01-29 09:09:56 status unpacked libxxf86dga1:armhf 2:1.1.4-1+b1
2021-01-29 09:09:56 status half-configured libxxf86dga1:armhf 2:1.1.4-1+b1
2021-01-29 09:09:56 status installed libxxf86dga1:armhf 2:1.1.4-1+b1
2021-01-29 09:09:56 configure libtxc-dxtn-s2tc0:armhf 0~git20131104-1.1 <none>
2021-01-29 09:09:56 status unpacked libtxc-dxtn-s2tc0:armhf 0~git20131104-1.1
2021-01-29 09:09:56 status half-configured libtxc-dxtn-s2tc0:armhf 0~git20131104-1.1
2021-01-29 09:09:56 status installed libtxc-dxtn-s2tc0:armhf 0~git20131104-1.1
2021-01-29 09:09:56 configure tcl-expect:armhf 5.45-6 <none>
2021-01-29 09:09:56 status unpacked tcl-expect:armhf 5.45-6
2021-01-29 09:09:56 status half-configured tcl-expect:armhf 5.45-6
2021-01-29 09:09:56 status installed tcl-expect:armhf 5.45-6
2021-01-29 09:09:56 configure expect:armhf 5.45-6 <none>
2021-01-29 09:09:56 status unpacked expect:armhf 5.45-6
2021-01-29 09:09:56 status half-configured expect:armhf 5.45-6
2021-01-29 09:09:56 status installed expect:armhf 5.45-6
2021-01-29 09:09:56 configure libutempter0:armhf 1.1.5-4 <none>
2021-01-29 09:09:56 status unpacked libutempter0:armhf 1.1.5-4
2021-01-29 09:09:56 status half-configured libutempter0:armhf 1.1.5-4
2021-01-29 09:09:57 status installed libutempter0:armhf 1.1.5-4
2021-01-29 09:09:57 configure tcl8.6:armhf 8.6.2+dfsg-2 <none>
2021-01-29 09:09:57 status unpacked tcl8.6:armhf 8.6.2+dfsg-2
2021-01-29 09:09:57 status half-configured tcl8.6:armhf 8.6.2+dfsg-2
2021-01-29 09:09:57 status installed tcl8.6:armhf 8.6.2+dfsg-2
2021-01-29 09:09:57 configure tk8.6:armhf 8.6.2-1 <none>
2021-01-29 09:09:57 status unpacked tk8.6:armhf 8.6.2-1
2021-01-29 09:09:57 status half-configured tk8.6:armhf 8.6.2-1
2021-01-29 09:09:57 status installed tk8.6:armhf 8.6.2-1
2021-01-29 09:09:57 configure x11-utils:armhf 7.7+2 <none>
2021-01-29 09:09:57 status unpacked x11-utils:armhf 7.7+2
2021-01-29 09:09:57 status unpacked x11-utils:armhf 7.7+2
2021-01-29 09:09:57 status unpacked x11-utils:armhf 7.7+2
2021-01-29 09:09:57 status unpacked x11-utils:armhf 7.7+2
2021-01-29 09:09:57 status unpacked x11-utils:armhf 7.7+2
2021-01-29 09:09:57 status unpacked x11-utils:armhf 7.7+2
2021-01-29 09:09:57 status unpacked x11-utils:armhf 7.7+2
2021-01-29 09:09:57 status unpacked x11-utils:armhf 7.7+2
2021-01-29 09:09:57 status unpacked x11-utils:armhf 7.7+2
2021-01-29 09:09:57 status half-configured x11-utils:armhf 7.7+2
2021-01-29 09:09:57 status installed x11-utils:armhf 7.7+2
2021-01-29 09:09:57 configure xbitmaps:all 1.1.1-2 <none>
2021-01-29 09:09:57 status unpacked xbitmaps:all 1.1.1-2
2021-01-29 09:09:57 status half-configured xbitmaps:all 1.1.1-2
2021-01-29 09:09:57 status installed xbitmaps:all 1.1.1-2
2021-01-29 09:09:57 configure xterm:armhf 312-2 <none>
2021-01-29 09:09:57 status unpacked xterm:armhf 312-2
2021-01-29 09:09:57 status unpacked xterm:armhf 312-2
2021-01-29 09:09:57 status unpacked xterm:armhf 312-2
2021-01-29 09:09:57 status unpacked xterm:armhf 312-2
2021-01-29 09:09:57 status unpacked xterm:armhf 312-2
2021-01-29 09:09:57 status unpacked xterm:armhf 312-2
2021-01-29 09:09:57 status unpacked xterm:armhf 312-2
2021-01-29 09:09:57 status half-configured xterm:armhf 312-2
2021-01-29 09:09:58 status installed xterm:armhf 312-2
2021-01-29 09:09:58 trigproc libc-bin:armhf 2.19-18+deb8u10 <none>
2021-01-29 09:09:58 status half-configured libc-bin:armhf 2.19-18+deb8u10
2021-01-29 09:09:58 status installed libc-bin:armhf 2.19-18+deb8u10
2021-01-29 09:09:58 trigproc systemd:armhf 215-17+deb8u7 <none>
2021-01-29 09:09:58 status half-configured systemd:armhf 215-17+deb8u7
2021-01-29 09:09:58 status installed systemd:armhf 215-17+deb8u7
2021-01-29 09:09:59 startup packages configure
2021-01-29 09:10:24 startup archives unpack
2021-01-29 09:10:24 install python-ply:all <none> 3.4-5
2021-01-29 09:10:24 status half-installed python-ply:all 3.4-5
2021-01-29 09:10:24 status triggers-pending man-db:armhf 2.7.0.2-5
2021-01-29 09:10:24 status unpacked python-ply:all 3.4-5
2021-01-29 09:10:24 status unpacked python-ply:all 3.4-5
2021-01-29 09:10:24 install python-pycparser:all <none> 2.10+dfsg-3
2021-01-29 09:10:24 status half-installed python-pycparser:all 2.10+dfsg-3
2021-01-29 09:10:25 status unpacked python-pycparser:all 2.10+dfsg-3
2021-01-29 09:10:25 status unpacked python-pycparser:all 2.10+dfsg-3
2021-01-29 09:10:25 install python-cffi:armhf <none> 0.8.6-1
2021-01-29 09:10:25 status half-installed python-cffi:armhf 0.8.6-1
2021-01-29 09:10:25 status unpacked python-cffi:armhf 0.8.6-1
2021-01-29 09:10:25 status unpacked python-cffi:armhf 0.8.6-1
2021-01-29 09:10:25 install python-pkg-resources:all <none> 5.5.1-1
2021-01-29 09:10:25 status half-installed python-pkg-resources:all 5.5.1-1
2021-01-29 09:10:25 status unpacked python-pkg-resources:all 5.5.1-1
2021-01-29 09:10:25 status unpacked python-pkg-resources:all 5.5.1-1
2021-01-29 09:10:25 install python-six:all <none> 1.8.0-1
2021-01-29 09:10:25 status half-installed python-six:all 1.8.0-1
2021-01-29 09:10:26 status unpacked python-six:all 1.8.0-1
2021-01-29 09:10:26 status unpacked python-six:all 1.8.0-1
2021-01-29 09:10:26 install python-cryptography:armhf <none> 0.6.1-1+deb8u1
2021-01-29 09:10:26 status half-installed python-cryptography:armhf 0.6.1-1+deb8u1
2021-01-29 09:10:26 status unpacked python-cryptography:armhf 0.6.1-1+deb8u1
2021-01-29 09:10:26 status unpacked python-cryptography:armhf 0.6.1-1+deb8u1
2021-01-29 09:10:26 install python-openssl:all <none> 0.14-1
2021-01-29 09:10:26 status half-installed python-openssl:all 0.14-1
2021-01-29 09:10:26 status unpacked python-openssl:all 0.14-1
2021-01-29 09:10:26 status unpacked python-openssl:all 0.14-1
2021-01-29 09:10:26 install python-pyasn1:all <none> 0.1.7-1
2021-01-29 09:10:26 status half-installed python-pyasn1:all 0.1.7-1
2021-01-29 09:10:27 status unpacked python-pyasn1:all 0.1.7-1
2021-01-29 09:10:27 status unpacked python-pyasn1:all 0.1.7-1
2021-01-29 09:10:27 trigproc man-db:armhf 2.7.0.2-5 <none>
2021-01-29 09:10:27 status half-configured man-db:armhf 2.7.0.2-5
2021-01-29 09:10:28 status installed man-db:armhf 2.7.0.2-5
2021-01-29 09:10:31 startup packages configure
2021-01-29 09:10:31 configure python-ply:all 3.4-5 <none>
2021-01-29 09:10:31 status unpacked python-ply:all 3.4-5
2021-01-29 09:10:31 status half-configured python-ply:all 3.4-5
2021-01-29 09:10:33 status installed python-ply:all 3.4-5
2021-01-29 09:10:33 configure python-pycparser:all 2.10+dfsg-3 <none>
2021-01-29 09:10:33 status unpacked python-pycparser:all 2.10+dfsg-3
2021-01-29 09:10:33 status half-configured python-pycparser:all 2.10+dfsg-3
2021-01-29 09:10:35 status installed python-pycparser:all 2.10+dfsg-3
2021-01-29 09:10:35 configure python-cffi:armhf 0.8.6-1 <none>
2021-01-29 09:10:35 status unpacked python-cffi:armhf 0.8.6-1
2021-01-29 09:10:35 status half-configured python-cffi:armhf 0.8.6-1
2021-01-29 09:10:38 status installed python-cffi:armhf 0.8.6-1
2021-01-29 09:10:38 configure python-pkg-resources:all 5.5.1-1 <none>
2021-01-29 09:10:38 status unpacked python-pkg-resources:all 5.5.1-1
2021-01-29 09:10:38 status half-configured python-pkg-resources:all 5.5.1-1
2021-01-29 09:10:40 status installed python-pkg-resources:all 5.5.1-1
2021-01-29 09:10:40 configure python-six:all 1.8.0-1 <none>
2021-01-29 09:10:40 status unpacked python-six:all 1.8.0-1
2021-01-29 09:10:40 status half-configured python-six:all 1.8.0-1
2021-01-29 09:10:41 status installed python-six:all 1.8.0-1
2021-01-29 09:10:41 configure python-cryptography:armhf 0.6.1-1+deb8u1 <none>
2021-01-29 09:10:41 status unpacked python-cryptography:armhf 0.6.1-1+deb8u1
2021-01-29 09:10:41 status half-configured python-cryptography:armhf 0.6.1-1+deb8u1
2021-01-29 09:10:43 status installed python-cryptography:armhf 0.6.1-1+deb8u1
2021-01-29 09:10:43 configure python-openssl:all 0.14-1 <none>
2021-01-29 09:10:43 status unpacked python-openssl:all 0.14-1
2021-01-29 09:10:43 status half-configured python-openssl:all 0.14-1
2021-01-29 09:10:46 status installed python-openssl:all 0.14-1
2021-01-29 09:10:46 configure python-pyasn1:all 0.1.7-1 <none>
2021-01-29 09:10:46 status unpacked python-pyasn1:all 0.1.7-1
2021-01-29 09:10:46 status half-configured python-pyasn1:all 0.1.7-1
2021-01-29 09:10:48 status installed python-pyasn1:all 0.1.7-1
2021-01-29 09:10:49 startup packages configure
2021-01-29 09:11:18 startup archives unpack
2021-01-29 09:11:19 install libasan1:armhf <none> 4.9.2-10+deb8u1
2021-01-29 09:11:19 status half-installed libasan1:armhf 4.9.2-10+deb8u1
2021-01-29 09:11:19 status unpacked libasan1:armhf 4.9.2-10+deb8u1
2021-01-29 09:11:19 status unpacked libasan1:armhf 4.9.2-10+deb8u1
2021-01-29 09:11:19 install libatomic1:armhf <none> 4.9.2-10+deb8u1
2021-01-29 09:11:19 status half-installed libatomic1:armhf 4.9.2-10+deb8u1
2021-01-29 09:11:19 status unpacked libatomic1:armhf 4.9.2-10+deb8u1
2021-01-29 09:11:19 status unpacked libatomic1:armhf 4.9.2-10+deb8u1
2021-01-29 09:11:19 install libisl10:armhf <none> 0.12.2-2
2021-01-29 09:11:19 status half-installed libisl10:armhf 0.12.2-2
2021-01-29 09:11:20 status unpacked libisl10:armhf 0.12.2-2
2021-01-29 09:11:20 status unpacked libisl10:armhf 0.12.2-2
2021-01-29 09:11:20 install libcloog-isl4:armhf <none> 0.18.2-1+b2
2021-01-29 09:11:20 status half-installed libcloog-isl4:armhf 0.18.2-1+b2
2021-01-29 09:11:20 status unpacked libcloog-isl4:armhf 0.18.2-1+b2
2021-01-29 09:11:20 status unpacked libcloog-isl4:armhf 0.18.2-1+b2
2021-01-29 09:11:20 install libgomp1:armhf <none> 4.9.2-10+deb8u1
2021-01-29 09:11:20 status half-installed libgomp1:armhf 4.9.2-10+deb8u1
2021-01-29 09:11:21 status unpacked libgomp1:armhf 4.9.2-10+deb8u1
2021-01-29 09:11:21 status unpacked libgomp1:armhf 4.9.2-10+deb8u1
2021-01-29 09:11:21 install libmpfr4:armhf <none> 3.1.2-2
2021-01-29 09:11:21 status half-installed libmpfr4:armhf 3.1.2-2
2021-01-29 09:11:21 status unpacked libmpfr4:armhf 3.1.2-2
2021-01-29 09:11:21 status unpacked libmpfr4:armhf 3.1.2-2
2021-01-29 09:11:21 install libubsan0:armhf <none> 4.9.2-10+deb8u1
2021-01-29 09:11:21 status half-installed libubsan0:armhf 4.9.2-10+deb8u1
2021-01-29 09:11:21 status unpacked libubsan0:armhf 4.9.2-10+deb8u1
2021-01-29 09:11:21 status unpacked libubsan0:armhf 4.9.2-10+deb8u1
2021-01-29 09:11:22 install libmpc3:armhf <none> 1.0.2-1
2021-01-29 09:11:22 status half-installed libmpc3:armhf 1.0.2-1
2021-01-29 09:11:22 status unpacked libmpc3:armhf 1.0.2-1
2021-01-29 09:11:22 status unpacked libmpc3:armhf 1.0.2-1
2021-01-29 09:11:22 install bzip2:armhf <none> 1.0.6-7+b3
2021-01-29 09:11:22 status half-installed bzip2:armhf 1.0.6-7+b3
2021-01-29 09:11:22 status triggers-pending man-db:armhf 2.7.0.2-5
2021-01-29 09:11:22 status unpacked bzip2:armhf 1.0.6-7+b3
2021-01-29 09:11:22 status unpacked bzip2:armhf 1.0.6-7+b3
2021-01-29 09:11:22 install python-support:all <none> 1.0.15
2021-01-29 09:11:22 status half-installed python-support:all 1.0.15
2021-01-29 09:11:22 status unpacked python-support:all 1.0.15
2021-01-29 09:11:22 status unpacked python-support:all 1.0.15
2021-01-29 09:11:22 install xz-utils:armhf <none> 5.1.1alpha+20120614-2+b3
2021-01-29 09:11:22 status half-installed xz-utils:armhf 5.1.1alpha+20120614-2+b3
2021-01-29 09:11:23 status unpacked xz-utils:armhf 5.1.1alpha+20120614-2+b3
2021-01-29 09:11:23 status unpacked xz-utils:armhf 5.1.1alpha+20120614-2+b3
2021-01-29 09:11:23 install binutils:armhf <none> 2.25-5+deb8u1
2021-01-29 09:11:23 status half-installed binutils:armhf 2.25-5+deb8u1
2021-01-29 09:11:25 status unpacked binutils:armhf 2.25-5+deb8u1
2021-01-29 09:11:25 status unpacked binutils:armhf 2.25-5+deb8u1
2021-01-29 09:11:26 install libc-dev-bin:armhf <none> 2.19-18+deb8u10
2021-01-29 09:11:26 status half-installed libc-dev-bin:armhf 2.19-18+deb8u10
2021-01-29 09:11:26 status unpacked libc-dev-bin:armhf 2.19-18+deb8u10
2021-01-29 09:11:26 status unpacked libc-dev-bin:armhf 2.19-18+deb8u10
2021-01-29 09:11:26 install linux-libc-dev:armhf <none> 3.16.56-1+deb8u1
2021-01-29 09:11:26 status half-installed linux-libc-dev:armhf 3.16.56-1+deb8u1
2021-01-29 09:11:27 status unpacked linux-libc-dev:armhf 3.16.56-1+deb8u1
2021-01-29 09:11:27 status unpacked linux-libc-dev:armhf 3.16.56-1+deb8u1
2021-01-29 09:11:27 install libc6-dev:armhf <none> 2.19-18+deb8u10
2021-01-29 09:11:27 status half-installed libc6-dev:armhf 2.19-18+deb8u10
2021-01-29 09:11:29 status unpacked libc6-dev:armhf 2.19-18+deb8u10
2021-01-29 09:11:29 status unpacked libc6-dev:armhf 2.19-18+deb8u10
2021-01-29 09:11:29 install cpp-4.9:armhf <none> 4.9.2-10+deb8u1
2021-01-29 09:11:29 status half-installed cpp-4.9:armhf 4.9.2-10+deb8u1
2021-01-29 09:11:32 status unpacked cpp-4.9:armhf 4.9.2-10+deb8u1
2021-01-29 09:11:32 status unpacked cpp-4.9:armhf 4.9.2-10+deb8u1
2021-01-29 09:11:33 install cpp:armhf <none> 4:4.9.2-2
2021-01-29 09:11:33 status half-installed cpp:armhf 4:4.9.2-2
2021-01-29 09:11:33 status unpacked cpp:armhf 4:4.9.2-2
2021-01-29 09:11:33 status unpacked cpp:armhf 4:4.9.2-2
2021-01-29 09:11:33 install libgcc-4.9-dev:armhf <none> 4.9.2-10+deb8u1
2021-01-29 09:11:33 status half-installed libgcc-4.9-dev:armhf 4.9.2-10+deb8u1
2021-01-29 09:11:33 status unpacked libgcc-4.9-dev:armhf 4.9.2-10+deb8u1
2021-01-29 09:11:33 status unpacked libgcc-4.9-dev:armhf 4.9.2-10+deb8u1
2021-01-29 09:11:34 install gcc-4.9:armhf <none> 4.9.2-10+deb8u1
2021-01-29 09:11:34 status half-installed gcc-4.9:armhf 4.9.2-10+deb8u1
2021-01-29 09:11:37 status unpacked gcc-4.9:armhf 4.9.2-10+deb8u1
2021-01-29 09:11:37 status unpacked gcc-4.9:armhf 4.9.2-10+deb8u1
2021-01-29 09:11:37 install gcc:armhf <none> 4:4.9.2-2
2021-01-29 09:11:37 status half-installed gcc:armhf 4:4.9.2-2
2021-01-29 09:11:37 status unpacked gcc:armhf 4:4.9.2-2
2021-01-29 09:11:37 status unpacked gcc:armhf 4:4.9.2-2
2021-01-29 09:11:37 install libstdc++-4.9-dev:armhf <none> 4.9.2-10+deb8u1
2021-01-29 09:11:37 status half-installed libstdc++-4.9-dev:armhf 4.9.2-10+deb8u1
2021-01-29 09:11:38 status unpacked libstdc++-4.9-dev:armhf 4.9.2-10+deb8u1
2021-01-29 09:11:38 status unpacked libstdc++-4.9-dev:armhf 4.9.2-10+deb8u1
2021-01-29 09:11:39 install g++-4.9:armhf <none> 4.9.2-10+deb8u1
2021-01-29 09:11:39 status half-installed g++-4.9:armhf 4.9.2-10+deb8u1
2021-01-29 09:11:42 status unpacked g++-4.9:armhf 4.9.2-10+deb8u1
2021-01-29 09:11:42 status unpacked g++-4.9:armhf 4.9.2-10+deb8u1
2021-01-29 09:11:42 install g++:armhf <none> 4:4.9.2-2
2021-01-29 09:11:42 status half-installed g++:armhf 4:4.9.2-2
2021-01-29 09:11:42 status unpacked g++:armhf 4:4.9.2-2
2021-01-29 09:11:42 status unpacked g++:armhf 4:4.9.2-2
2021-01-29 09:11:43 install make:armhf <none> 4.0-8.1
2021-01-29 09:11:43 status half-installed make:armhf 4.0-8.1
2021-01-29 09:11:43 status unpacked make:armhf 4.0-8.1
2021-01-29 09:11:43 status unpacked make:armhf 4.0-8.1
2021-01-29 09:11:43 install libtimedate-perl:all <none> 2.3000-2
2021-01-29 09:11:43 status half-installed libtimedate-perl:all 2.3000-2
2021-01-29 09:11:43 status unpacked libtimedate-perl:all 2.3000-2
2021-01-29 09:11:43 status unpacked libtimedate-perl:all 2.3000-2
2021-01-29 09:11:43 install libdpkg-perl:all <none> 1.17.27
2021-01-29 09:11:43 status half-installed libdpkg-perl:all 1.17.27
2021-01-29 09:11:44 status unpacked libdpkg-perl:all 1.17.27
2021-01-29 09:11:44 status unpacked libdpkg-perl:all 1.17.27
2021-01-29 09:11:44 install dpkg-dev:all <none> 1.17.27
2021-01-29 09:11:44 status half-installed dpkg-dev:all 1.17.27
2021-01-29 09:11:45 status unpacked dpkg-dev:all 1.17.27
2021-01-29 09:11:45 status unpacked dpkg-dev:all 1.17.27
2021-01-29 09:11:45 install build-essential:armhf <none> 11.7
2021-01-29 09:11:45 status half-installed build-essential:armhf 11.7
2021-01-29 09:11:45 status unpacked build-essential:armhf 11.7
2021-01-29 09:11:45 status unpacked build-essential:armhf 11.7
2021-01-29 09:11:45 install libfakeroot:armhf <none> 1.20.2-1
2021-01-29 09:11:45 status half-installed libfakeroot:armhf 1.20.2-1
2021-01-29 09:11:45 status unpacked libfakeroot:armhf 1.20.2-1
2021-01-29 09:11:45 status unpacked libfakeroot:armhf 1.20.2-1
2021-01-29 09:11:46 install fakeroot:armhf <none> 1.20.2-1
2021-01-29 09:11:46 status half-installed fakeroot:armhf 1.20.2-1
2021-01-29 09:11:46 status unpacked fakeroot:armhf 1.20.2-1
2021-01-29 09:11:46 status unpacked fakeroot:armhf 1.20.2-1
2021-01-29 09:11:46 install libalgorithm-diff-perl:all <none> 1.19.02-3
2021-01-29 09:11:46 status half-installed libalgorithm-diff-perl:all 1.19.02-3
2021-01-29 09:11:46 status unpacked libalgorithm-diff-perl:all 1.19.02-3
2021-01-29 09:11:46 status unpacked libalgorithm-diff-perl:all 1.19.02-3
2021-01-29 09:11:46 install libalgorithm-diff-xs-perl:armhf <none> 0.04-3+b1
2021-01-29 09:11:46 status half-installed libalgorithm-diff-xs-perl:armhf 0.04-3+b1
2021-01-29 09:11:46 status unpacked libalgorithm-diff-xs-perl:armhf 0.04-3+b1
2021-01-29 09:11:46 status unpacked libalgorithm-diff-xs-perl:armhf 0.04-3+b1
2021-01-29 09:11:46 install libalgorithm-merge-perl:all <none> 0.08-2
2021-01-29 09:11:46 status half-installed libalgorithm-merge-perl:all 0.08-2
2021-01-29 09:11:46 status unpacked libalgorithm-merge-perl:all 0.08-2
2021-01-29 09:11:46 status unpacked libalgorithm-merge-perl:all 0.08-2
2021-01-29 09:11:47 install libfile-fcntllock-perl:armhf <none> 0.22-1+b1
2021-01-29 09:11:47 status half-installed libfile-fcntllock-perl:armhf 0.22-1+b1
2021-01-29 09:11:47 status unpacked libfile-fcntllock-perl:armhf 0.22-1+b1
2021-01-29 09:11:47 status unpacked libfile-fcntllock-perl:armhf 0.22-1+b1
2021-01-29 09:11:47 install manpages-dev:all <none> 3.74-1
2021-01-29 09:11:47 status half-installed manpages-dev:all 3.74-1
2021-01-29 09:11:48 status unpacked manpages-dev:all 3.74-1
2021-01-29 09:11:48 status unpacked manpages-dev:all 3.74-1
2021-01-29 09:11:49 install python-chardet:all <none> 2.3.0-1
2021-01-29 09:11:49 status half-installed python-chardet:all 2.3.0-1
2021-01-29 09:11:49 status unpacked python-chardet:all 2.3.0-1
2021-01-29 09:11:49 status unpacked python-chardet:all 2.3.0-1
2021-01-29 09:11:49 install python-colorama:all <none> 0.3.2-1
2021-01-29 09:11:49 status half-installed python-colorama:all 0.3.2-1
2021-01-29 09:11:49 status unpacked python-colorama:all 0.3.2-1
2021-01-29 09:11:49 status unpacked python-colorama:all 0.3.2-1
2021-01-29 09:11:49 install python-distlib:all <none> 0.1.9-1
2021-01-29 09:11:49 status half-installed python-distlib:all 0.1.9-1
2021-01-29 09:11:49 status unpacked python-distlib:all 0.1.9-1
2021-01-29 09:11:49 status unpacked python-distlib:all 0.1.9-1
2021-01-29 09:11:50 install python-html5lib:all <none> 0.999-3
2021-01-29 09:11:50 status half-installed python-html5lib:all 0.999-3
2021-01-29 09:11:50 status unpacked python-html5lib:all 0.999-3
2021-01-29 09:11:50 status unpacked python-html5lib:all 0.999-3
2021-01-29 09:11:50 install python-ndg-httpsclient:all <none> 0.3.2-1
2021-01-29 09:11:50 status half-installed python-ndg-httpsclient:all 0.3.2-1
2021-01-29 09:11:50 status unpacked python-ndg-httpsclient:all 0.3.2-1
2021-01-29 09:11:50 status unpacked python-ndg-httpsclient:all 0.3.2-1
2021-01-29 09:11:50 install python-urllib3:all <none> 1.9.1-3
2021-01-29 09:11:50 status half-installed python-urllib3:all 1.9.1-3
2021-01-29 09:11:50 status unpacked python-urllib3:all 1.9.1-3
2021-01-29 09:11:50 status unpacked python-urllib3:all 1.9.1-3
2021-01-29 09:11:50 install python-requests:all <none> 2.4.3-6
2021-01-29 09:11:50 status half-installed python-requests:all 2.4.3-6
2021-01-29 09:11:51 status unpacked python-requests:all 2.4.3-6
2021-01-29 09:11:51 status unpacked python-requests:all 2.4.3-6
2021-01-29 09:11:51 install python-setuptools:all <none> 5.5.1-1
2021-01-29 09:11:51 status half-installed python-setuptools:all 5.5.1-1
2021-01-29 09:11:51 status unpacked python-setuptools:all 5.5.1-1
2021-01-29 09:11:51 status unpacked python-setuptools:all 5.5.1-1
2021-01-29 09:11:51 install python-pip:all <none> 1.5.6-5
2021-01-29 09:11:51 status half-installed python-pip:all 1.5.6-5
2021-01-29 09:11:52 status unpacked python-pip:all 1.5.6-5
2021-01-29 09:11:52 status unpacked python-pip:all 1.5.6-5
2021-01-29 09:11:52 install python-wheel:all <none> 0.24.0-1
2021-01-29 09:11:52 status half-installed python-wheel:all 0.24.0-1
2021-01-29 09:11:52 status unpacked python-wheel:all 0.24.0-1
2021-01-29 09:11:52 status unpacked python-wheel:all 0.24.0-1
2021-01-29 09:11:52 trigproc man-db:armhf 2.7.0.2-5 <none>
2021-01-29 09:11:52 status half-configured man-db:armhf 2.7.0.2-5
2021-01-29 09:12:38 status installed man-db:armhf 2.7.0.2-5
2021-01-29 09:12:40 startup packages configure
2021-01-29 09:12:40 configure libasan1:armhf 4.9.2-10+deb8u1 <none>
2021-01-29 09:12:40 status unpacked libasan1:armhf 4.9.2-10+deb8u1
2021-01-29 09:12:40 status half-configured libasan1:armhf 4.9.2-10+deb8u1
2021-01-29 09:12:40 status installed libasan1:armhf 4.9.2-10+deb8u1
2021-01-29 09:12:40 status triggers-pending libc-bin:armhf 2.19-18+deb8u10
2021-01-29 09:12:40 configure libatomic1:armhf 4.9.2-10+deb8u1 <none>
2021-01-29 09:12:40 status unpacked libatomic1:armhf 4.9.2-10+deb8u1
2021-01-29 09:12:40 status half-configured libatomic1:armhf 4.9.2-10+deb8u1
2021-01-29 09:12:40 status installed libatomic1:armhf 4.9.2-10+deb8u1
2021-01-29 09:12:40 configure libisl10:armhf 0.12.2-2 <none>
2021-01-29 09:12:40 status unpacked libisl10:armhf 0.12.2-2
2021-01-29 09:12:40 status half-configured libisl10:armhf 0.12.2-2
2021-01-29 09:12:41 status installed libisl10:armhf 0.12.2-2
2021-01-29 09:12:41 configure libcloog-isl4:armhf 0.18.2-1+b2 <none>
2021-01-29 09:12:41 status unpacked libcloog-isl4:armhf 0.18.2-1+b2
2021-01-29 09:12:41 status half-configured libcloog-isl4:armhf 0.18.2-1+b2
2021-01-29 09:12:41 status installed libcloog-isl4:armhf 0.18.2-1+b2
2021-01-29 09:12:41 configure libgomp1:armhf 4.9.2-10+deb8u1 <none>
2021-01-29 09:12:41 status unpacked libgomp1:armhf 4.9.2-10+deb8u1
2021-01-29 09:12:41 status half-configured libgomp1:armhf 4.9.2-10+deb8u1
2021-01-29 09:12:41 status installed libgomp1:armhf 4.9.2-10+deb8u1
2021-01-29 09:12:41 configure libmpfr4:armhf 3.1.2-2 <none>
2021-01-29 09:12:41 status unpacked libmpfr4:armhf 3.1.2-2
2021-01-29 09:12:41 status half-configured libmpfr4:armhf 3.1.2-2
2021-01-29 09:12:41 status installed libmpfr4:armhf 3.1.2-2
2021-01-29 09:12:41 configure libubsan0:armhf 4.9.2-10+deb8u1 <none>
2021-01-29 09:12:41 status unpacked libubsan0:armhf 4.9.2-10+deb8u1
2021-01-29 09:12:41 status half-configured libubsan0:armhf 4.9.2-10+deb8u1
2021-01-29 09:12:41 status installed libubsan0:armhf 4.9.2-10+deb8u1
2021-01-29 09:12:41 configure libmpc3:armhf 1.0.2-1 <none>
2021-01-29 09:12:41 status unpacked libmpc3:armhf 1.0.2-1
2021-01-29 09:12:41 status half-configured libmpc3:armhf 1.0.2-1
2021-01-29 09:12:41 status installed libmpc3:armhf 1.0.2-1
2021-01-29 09:12:41 configure bzip2:armhf 1.0.6-7+b3 <none>
2021-01-29 09:12:41 status unpacked bzip2:armhf 1.0.6-7+b3
2021-01-29 09:12:41 status half-configured bzip2:armhf 1.0.6-7+b3
2021-01-29 09:12:41 status installed bzip2:armhf 1.0.6-7+b3
2021-01-29 09:12:41 configure python-support:all 1.0.15 <none>
2021-01-29 09:12:41 status unpacked python-support:all 1.0.15
2021-01-29 09:12:41 status half-configured python-support:all 1.0.15
2021-01-29 09:12:42 status installed python-support:all 1.0.15
2021-01-29 09:12:42 configure xz-utils:armhf 5.1.1alpha+20120614-2+b3 <none>
2021-01-29 09:12:42 status unpacked xz-utils:armhf 5.1.1alpha+20120614-2+b3
2021-01-29 09:12:42 status half-configured xz-utils:armhf 5.1.1alpha+20120614-2+b3
2021-01-29 09:12:43 status installed xz-utils:armhf 5.1.1alpha+20120614-2+b3
2021-01-29 09:12:43 configure binutils:armhf 2.25-5+deb8u1 <none>
2021-01-29 09:12:43 status unpacked binutils:armhf 2.25-5+deb8u1
2021-01-29 09:12:43 status half-configured binutils:armhf 2.25-5+deb8u1
2021-01-29 09:12:43 status installed binutils:armhf 2.25-5+deb8u1
2021-01-29 09:12:43 configure libc-dev-bin:armhf 2.19-18+deb8u10 <none>
2021-01-29 09:12:43 status unpacked libc-dev-bin:armhf 2.19-18+deb8u10
2021-01-29 09:12:43 status half-configured libc-dev-bin:armhf 2.19-18+deb8u10
2021-01-29 09:12:43 status installed libc-dev-bin:armhf 2.19-18+deb8u10
2021-01-29 09:12:43 configure linux-libc-dev:armhf 3.16.56-1+deb8u1 <none>
2021-01-29 09:12:43 status unpacked linux-libc-dev:armhf 3.16.56-1+deb8u1
2021-01-29 09:12:43 status half-configured linux-libc-dev:armhf 3.16.56-1+deb8u1
2021-01-29 09:12:43 status installed linux-libc-dev:armhf 3.16.56-1+deb8u1
2021-01-29 09:12:43 configure libc6-dev:armhf 2.19-18+deb8u10 <none>
2021-01-29 09:12:43 status unpacked libc6-dev:armhf 2.19-18+deb8u10
2021-01-29 09:12:43 status half-configured libc6-dev:armhf 2.19-18+deb8u10
2021-01-29 09:12:43 status installed libc6-dev:armhf 2.19-18+deb8u10
2021-01-29 09:12:43 configure cpp-4.9:armhf 4.9.2-10+deb8u1 <none>
2021-01-29 09:12:43 status unpacked cpp-4.9:armhf 4.9.2-10+deb8u1
2021-01-29 09:12:43 status half-configured cpp-4.9:armhf 4.9.2-10+deb8u1
2021-01-29 09:12:43 status installed cpp-4.9:armhf 4.9.2-10+deb8u1
2021-01-29 09:12:43 configure cpp:armhf 4:4.9.2-2 <none>
2021-01-29 09:12:43 status unpacked cpp:armhf 4:4.9.2-2
2021-01-29 09:12:43 status half-configured cpp:armhf 4:4.9.2-2
2021-01-29 09:12:43 status installed cpp:armhf 4:4.9.2-2
2021-01-29 09:12:43 configure libgcc-4.9-dev:armhf 4.9.2-10+deb8u1 <none>
2021-01-29 09:12:43 status unpacked libgcc-4.9-dev:armhf 4.9.2-10+deb8u1
2021-01-29 09:12:43 status half-configured libgcc-4.9-dev:armhf 4.9.2-10+deb8u1
2021-01-29 09:12:43 status installed libgcc-4.9-dev:armhf 4.9.2-10+deb8u1
2021-01-29 09:12:43 configure gcc-4.9:armhf 4.9.2-10+deb8u1 <none>
2021-01-29 09:12:43 status unpacked gcc-4.9:armhf 4.9.2-10+deb8u1
2021-01-29 09:12:43 status half-configured gcc-4.9:armhf 4.9.2-10+deb8u1
2021-01-29 09:12:43 status installed gcc-4.9:armhf 4.9.2-10+deb8u1
2021-01-29 09:12:43 configure gcc:armhf 4:4.9.2-2 <none>
2021-01-29 09:12:43 status unpacked gcc:armhf 4:4.9.2-2
2021-01-29 09:12:43 status half-configured gcc:armhf 4:4.9.2-2
2021-01-29 09:12:43 status installed gcc:armhf 4:4.9.2-2
2021-01-29 09:12:43 configure libstdc++-4.9-dev:armhf 4.9.2-10+deb8u1 <none>
2021-01-29 09:12:43 status unpacked libstdc++-4.9-dev:armhf 4.9.2-10+deb8u1
2021-01-29 09:12:43 status half-configured libstdc++-4.9-dev:armhf 4.9.2-10+deb8u1
2021-01-29 09:12:43 status installed libstdc++-4.9-dev:armhf 4.9.2-10+deb8u1
2021-01-29 09:12:43 configure g++-4.9:armhf 4.9.2-10+deb8u1 <none>
2021-01-29 09:12:43 status unpacked g++-4.9:armhf 4.9.2-10+deb8u1
2021-01-29 09:12:43 status half-configured g++-4.9:armhf 4.9.2-10+deb8u1
2021-01-29 09:12:43 status installed g++-4.9:armhf 4.9.2-10+deb8u1
2021-01-29 09:12:43 configure g++:armhf 4:4.9.2-2 <none>
2021-01-29 09:12:43 status unpacked g++:armhf 4:4.9.2-2
2021-01-29 09:12:43 status half-configured g++:armhf 4:4.9.2-2
2021-01-29 09:12:44 status installed g++:armhf 4:4.9.2-2
2021-01-29 09:12:44 configure make:armhf 4.0-8.1 <none>
2021-01-29 09:12:44 status unpacked make:armhf 4.0-8.1
2021-01-29 09:12:44 status half-configured make:armhf 4.0-8.1
2021-01-29 09:12:44 status installed make:armhf 4.0-8.1
2021-01-29 09:12:44 configure libtimedate-perl:all 2.3000-2 <none>
2021-01-29 09:12:44 status unpacked libtimedate-perl:all 2.3000-2
2021-01-29 09:12:44 status half-configured libtimedate-perl:all 2.3000-2
2021-01-29 09:12:44 status installed libtimedate-perl:all 2.3000-2
2021-01-29 09:12:44 configure libdpkg-perl:all 1.17.27 <none>
2021-01-29 09:12:44 status unpacked libdpkg-perl:all 1.17.27
2021-01-29 09:12:44 status half-configured libdpkg-perl:all 1.17.27
2021-01-29 09:12:44 status installed libdpkg-perl:all 1.17.27
2021-01-29 09:12:44 configure dpkg-dev:all 1.17.27 <none>
2021-01-29 09:12:44 status unpacked dpkg-dev:all 1.17.27
2021-01-29 09:12:44 status unpacked dpkg-dev:all 1.17.27
2021-01-29 09:12:44 status unpacked dpkg-dev:all 1.17.27
2021-01-29 09:12:44 status half-configured dpkg-dev:all 1.17.27
2021-01-29 09:12:44 status installed dpkg-dev:all 1.17.27
2021-01-29 09:12:44 configure build-essential:armhf 11.7 <none>
2021-01-29 09:12:44 status unpacked build-essential:armhf 11.7
2021-01-29 09:12:44 status half-configured build-essential:armhf 11.7
2021-01-29 09:12:44 status installed build-essential:armhf 11.7
2021-01-29 09:12:44 configure libfakeroot:armhf 1.20.2-1 <none>
2021-01-29 09:12:44 status unpacked libfakeroot:armhf 1.20.2-1
2021-01-29 09:12:44 status unpacked libfakeroot:armhf 1.20.2-1
2021-01-29 09:12:44 status half-configured libfakeroot:armhf 1.20.2-1
2021-01-29 09:12:44 status installed libfakeroot:armhf 1.20.2-1
2021-01-29 09:12:44 configure fakeroot:armhf 1.20.2-1 <none>
2021-01-29 09:12:44 status unpacked fakeroot:armhf 1.20.2-1
2021-01-29 09:12:44 status half-configured fakeroot:armhf 1.20.2-1
2021-01-29 09:12:44 status installed fakeroot:armhf 1.20.2-1
2021-01-29 09:12:44 configure libalgorithm-diff-perl:all 1.19.02-3 <none>
2021-01-29 09:12:44 status unpacked libalgorithm-diff-perl:all 1.19.02-3
2021-01-29 09:12:44 status half-configured libalgorithm-diff-perl:all 1.19.02-3
2021-01-29 09:12:44 status installed libalgorithm-diff-perl:all 1.19.02-3
2021-01-29 09:12:44 configure libalgorithm-diff-xs-perl:armhf 0.04-3+b1 <none>
2021-01-29 09:12:44 status unpacked libalgorithm-diff-xs-perl:armhf 0.04-3+b1
2021-01-29 09:12:44 status half-configured libalgorithm-diff-xs-perl:armhf 0.04-3+b1
2021-01-29 09:12:44 status installed libalgorithm-diff-xs-perl:armhf 0.04-3+b1
2021-01-29 09:12:44 configure libalgorithm-merge-perl:all 0.08-2 <none>
2021-01-29 09:12:44 status unpacked libalgorithm-merge-perl:all 0.08-2
2021-01-29 09:12:44 status half-configured libalgorithm-merge-perl:all 0.08-2
2021-01-29 09:12:44 status installed libalgorithm-merge-perl:all 0.08-2
2021-01-29 09:12:44 configure libfile-fcntllock-perl:armhf 0.22-1+b1 <none>
2021-01-29 09:12:44 status unpacked libfile-fcntllock-perl:armhf 0.22-1+b1
2021-01-29 09:12:44 status half-configured libfile-fcntllock-perl:armhf 0.22-1+b1
2021-01-29 09:12:44 status installed libfile-fcntllock-perl:armhf 0.22-1+b1
2021-01-29 09:12:44 configure manpages-dev:all 3.74-1 <none>
2021-01-29 09:12:44 status unpacked manpages-dev:all 3.74-1
2021-01-29 09:12:44 status half-configured manpages-dev:all 3.74-1
2021-01-29 09:12:44 status installed manpages-dev:all 3.74-1
2021-01-29 09:12:44 configure python-chardet:all 2.3.0-1 <none>
2021-01-29 09:12:44 status unpacked python-chardet:all 2.3.0-1
2021-01-29 09:12:44 status half-configured python-chardet:all 2.3.0-1
2021-01-29 09:12:49 status installed python-chardet:all 2.3.0-1
2021-01-29 09:12:49 configure python-colorama:all 0.3.2-1 <none>
2021-01-29 09:12:49 status unpacked python-colorama:all 0.3.2-1
2021-01-29 09:12:49 status half-configured python-colorama:all 0.3.2-1
2021-01-29 09:12:50 status installed python-colorama:all 0.3.2-1
2021-01-29 09:12:50 configure python-distlib:all 0.1.9-1 <none>
2021-01-29 09:12:50 status unpacked python-distlib:all 0.1.9-1
2021-01-29 09:12:50 status half-configured python-distlib:all 0.1.9-1
2021-01-29 09:12:53 status installed python-distlib:all 0.1.9-1
2021-01-29 09:12:53 configure python-html5lib:all 0.999-3 <none>
2021-01-29 09:12:53 status unpacked python-html5lib:all 0.999-3
2021-01-29 09:12:53 status half-configured python-html5lib:all 0.999-3
2021-01-29 09:12:55 status installed python-html5lib:all 0.999-3
2021-01-29 09:12:55 configure python-ndg-httpsclient:all 0.3.2-1 <none>
2021-01-29 09:12:55 status unpacked python-ndg-httpsclient:all 0.3.2-1
2021-01-29 09:12:55 status half-configured python-ndg-httpsclient:all 0.3.2-1
2021-01-29 09:12:56 status installed python-ndg-httpsclient:all 0.3.2-1
2021-01-29 09:12:56 status triggers-pending python-support:all 1.0.15
2021-01-29 09:12:56 configure python-urllib3:all 1.9.1-3 <none>
2021-01-29 09:12:56 status unpacked python-urllib3:all 1.9.1-3
2021-01-29 09:12:56 status half-configured python-urllib3:all 1.9.1-3
2021-01-29 09:12:57 status installed python-urllib3:all 1.9.1-3
2021-01-29 09:12:57 configure python-requests:all 2.4.3-6 <none>
2021-01-29 09:12:57 status unpacked python-requests:all 2.4.3-6
2021-01-29 09:12:57 status half-configured python-requests:all 2.4.3-6
2021-01-29 09:12:59 status installed python-requests:all 2.4.3-6
2021-01-29 09:12:59 configure python-setuptools:all 5.5.1-1 <none>
2021-01-29 09:12:59 status unpacked python-setuptools:all 5.5.1-1
2021-01-29 09:12:59 status half-configured python-setuptools:all 5.5.1-1
2021-01-29 09:13:02 status installed python-setuptools:all 5.5.1-1
2021-01-29 09:13:02 configure python-pip:all 1.5.6-5 <none>
2021-01-29 09:13:02 status unpacked python-pip:all 1.5.6-5
2021-01-29 09:13:02 status half-configured python-pip:all 1.5.6-5
2021-01-29 09:13:05 status installed python-pip:all 1.5.6-5
2021-01-29 09:13:05 configure python-wheel:all 0.24.0-1 <none>
2021-01-29 09:13:05 status unpacked python-wheel:all 0.24.0-1
2021-01-29 09:13:05 status half-configured python-wheel:all 0.24.0-1
2021-01-29 09:13:07 status installed python-wheel:all 0.24.0-1
2021-01-29 09:13:07 trigproc libc-bin:armhf 2.19-18+deb8u10 <none>
2021-01-29 09:13:07 status half-configured libc-bin:armhf 2.19-18+deb8u10
2021-01-29 09:13:07 status installed libc-bin:armhf 2.19-18+deb8u10
2021-01-29 09:13:07 trigproc python-support:all 1.0.15 <none>
2021-01-29 09:13:07 status half-configured python-support:all 1.0.15
2021-01-29 09:13:07 status installed python-support:all 1.0.15
2021-01-29 09:13:09 startup packages configure
2021-01-29 09:13:34 startup packages remove
2021-01-29 09:13:34 status installed node-jssip:all 0.6.34-5
2021-01-29 09:13:34 remove node-jssip:all 0.6.34-5 <none>
2021-01-29 09:13:34 status half-configured node-jssip:all 0.6.34-5
2021-01-29 09:13:34 status half-installed node-jssip:all 0.6.34-5
2021-01-29 09:13:34 status config-files node-jssip:all 0.6.34-5
2021-01-29 09:13:34 status config-files node-jssip:all 0.6.34-5
2021-01-29 09:13:34 status config-files node-jssip:all 0.6.34-5
2021-01-29 09:13:34 status not-installed node-jssip:all <none>
2021-01-29 09:13:34 status installed libjs-jssip:all 0.6.34-5
2021-01-29 09:13:34 remove libjs-jssip:all 0.6.34-5 <none>
2021-01-29 09:13:34 status half-configured libjs-jssip:all 0.6.34-5
2021-01-29 09:13:34 status half-installed libjs-jssip:all 0.6.34-5
2021-01-29 09:13:34 status config-files libjs-jssip:all 0.6.34-5
2021-01-29 09:13:34 status config-files libjs-jssip:all 0.6.34-5
2021-01-29 09:13:34 status config-files libjs-jssip:all 0.6.34-5
2021-01-29 09:13:34 status not-installed libjs-jssip:all <none>
2021-01-29 09:13:34 status installed node-websocket:armhf 1.0.23-3
2021-01-29 09:13:34 remove node-websocket:armhf 1.0.23-3 <none>
2021-01-29 09:13:34 status half-configured node-websocket:armhf 1.0.23-3
2021-01-29 09:13:34 status half-installed node-websocket:armhf 1.0.23-3
2021-01-29 09:13:34 status config-files node-websocket:armhf 1.0.23-3
2021-01-29 09:13:34 status config-files node-websocket:armhf 1.0.23-3
2021-01-29 09:13:34 status config-files node-websocket:armhf 1.0.23-3
2021-01-29 09:13:34 status not-installed node-websocket:armhf <none>
2021-01-29 09:13:35 status installed libjs-websocket:all 1.0.23-3
2021-01-29 09:13:35 remove libjs-websocket:all 1.0.23-3 <none>
2021-01-29 09:13:35 status half-configured libjs-websocket:all 1.0.23-3
2021-01-29 09:13:35 status half-installed libjs-websocket:all 1.0.23-3
2021-01-29 09:13:35 status config-files libjs-websocket:all 1.0.23-3
2021-01-29 09:13:35 status config-files libjs-websocket:all 1.0.23-3
2021-01-29 09:13:35 status config-files libjs-websocket:all 1.0.23-3
2021-01-29 09:13:35 status not-installed libjs-websocket:all <none>
2021-01-29 09:13:35 status installed nodejs-dev:armhf 4.8.2~dfsg-1
2021-01-29 09:13:35 remove nodejs-dev:armhf 4.8.2~dfsg-1 <none>
2021-01-29 09:13:35 status half-configured nodejs-dev:armhf 4.8.2~dfsg-1
2021-01-29 09:13:35 status half-installed nodejs-dev:armhf 4.8.2~dfsg-1
2021-01-29 09:13:35 status triggers-pending man-db:armhf 2.7.0.2-5
2021-01-29 09:13:35 status config-files nodejs-dev:armhf 4.8.2~dfsg-1
2021-01-29 09:13:35 status config-files nodejs-dev:armhf 4.8.2~dfsg-1
2021-01-29 09:13:35 status config-files nodejs-dev:armhf 4.8.2~dfsg-1
2021-01-29 09:13:35 status not-installed nodejs-dev:armhf <none>
2021-01-29 09:13:35 status installed libssl1.0-dev:armhf 1.0.2u-1~deb9u1
2021-01-29 09:13:35 remove libssl1.0-dev:armhf 1.0.2u-1~deb9u1 <none>
2021-01-29 09:13:35 status half-configured libssl1.0-dev:armhf 1.0.2u-1~deb9u1
2021-01-29 09:13:35 status half-installed libssl1.0-dev:armhf 1.0.2u-1~deb9u1
2021-01-29 09:13:35 status config-files libssl1.0-dev:armhf 1.0.2u-1~deb9u1
2021-01-29 09:13:35 status config-files libssl1.0-dev:armhf 1.0.2u-1~deb9u1
2021-01-29 09:13:35 status config-files libssl1.0-dev:armhf 1.0.2u-1~deb9u1
2021-01-29 09:13:35 status not-installed libssl1.0-dev:armhf <none>
2021-01-29 09:13:35 trigproc man-db:armhf 2.7.0.2-5 <none>
2021-01-29 09:13:35 status half-configured man-db:armhf 2.7.0.2-5
2021-01-29 09:13:37 status installed man-db:armhf 2.7.0.2-5
2021-01-29 09:13:39 startup archives unpack
2021-01-29 09:13:39 install libgssrpc4:armhf <none> 1.12.1+dfsg-19+deb8u4
2021-01-29 09:13:39 status half-installed libgssrpc4:armhf 1.12.1+dfsg-19+deb8u4
2021-01-29 09:13:39 status unpacked libgssrpc4:armhf 1.12.1+dfsg-19+deb8u4
2021-01-29 09:13:39 status unpacked libgssrpc4:armhf 1.12.1+dfsg-19+deb8u4
2021-01-29 09:13:40 install libkadm5clnt-mit9:armhf <none> 1.12.1+dfsg-19+deb8u4
2021-01-29 09:13:40 status half-installed libkadm5clnt-mit9:armhf 1.12.1+dfsg-19+deb8u4
2021-01-29 09:13:40 status unpacked libkadm5clnt-mit9:armhf 1.12.1+dfsg-19+deb8u4
2021-01-29 09:13:40 status unpacked libkadm5clnt-mit9:armhf 1.12.1+dfsg-19+deb8u4
2021-01-29 09:13:40 install libkdb5-7:armhf <none> 1.12.1+dfsg-19+deb8u4
2021-01-29 09:13:40 status half-installed libkdb5-7:armhf 1.12.1+dfsg-19+deb8u4
2021-01-29 09:13:40 status unpacked libkdb5-7:armhf 1.12.1+dfsg-19+deb8u4
2021-01-29 09:13:40 status unpacked libkdb5-7:armhf 1.12.1+dfsg-19+deb8u4
2021-01-29 09:13:40 install libkadm5srv-mit9:armhf <none> 1.12.1+dfsg-19+deb8u4
2021-01-29 09:13:40 status half-installed libkadm5srv-mit9:armhf 1.12.1+dfsg-19+deb8u4
2021-01-29 09:13:40 status unpacked libkadm5srv-mit9:armhf 1.12.1+dfsg-19+deb8u4
2021-01-29 09:13:40 status unpacked libkadm5srv-mit9:armhf 1.12.1+dfsg-19+deb8u4
2021-01-29 09:13:41 install comerr-dev:armhf <none> 2.1-1.42.12-2+b1
2021-01-29 09:13:41 status half-installed comerr-dev:armhf 2.1-1.42.12-2+b1
2021-01-29 09:13:41 status triggers-pending man-db:armhf 2.7.0.2-5
2021-01-29 09:13:41 status unpacked comerr-dev:armhf 2.1-1.42.12-2+b1
2021-01-29 09:13:41 status unpacked comerr-dev:armhf 2.1-1.42.12-2+b1
2021-01-29 09:13:41 install krb5-multidev:armhf <none> 1.12.1+dfsg-19+deb8u4
2021-01-29 09:13:41 status half-installed krb5-multidev:armhf 1.12.1+dfsg-19+deb8u4
2021-01-29 09:13:41 status unpacked krb5-multidev:armhf 1.12.1+dfsg-19+deb8u4
2021-01-29 09:13:41 status unpacked krb5-multidev:armhf 1.12.1+dfsg-19+deb8u4
2021-01-29 09:13:41 install libpcap0.8-dev:armhf <none> 1.6.2-2
2021-01-29 09:13:41 status half-installed libpcap0.8-dev:armhf 1.6.2-2
2021-01-29 09:13:42 status unpacked libpcap0.8-dev:armhf 1.6.2-2
2021-01-29 09:13:42 status unpacked libpcap0.8-dev:armhf 1.6.2-2
2021-01-29 09:13:42 install libpcap-dev:all <none> 1.6.2-2
2021-01-29 09:13:42 status half-installed libpcap-dev:all 1.6.2-2
2021-01-29 09:13:42 status unpacked libpcap-dev:all 1.6.2-2
2021-01-29 09:13:42 status unpacked libpcap-dev:all 1.6.2-2
2021-01-29 09:13:42 install zlib1g-dev:armhf <none> 1:1.2.8.dfsg-2+b1
2021-01-29 09:13:42 status half-installed zlib1g-dev:armhf 1:1.2.8.dfsg-2+b1
2021-01-29 09:13:42 status unpacked zlib1g-dev:armhf 1:1.2.8.dfsg-2+b1
2021-01-29 09:13:42 status unpacked zlib1g-dev:armhf 1:1.2.8.dfsg-2+b1
2021-01-29 09:13:43 install libssl-dev:armhf <none> 1.0.1t-1+deb8u8
2021-01-29 09:13:43 status half-installed libssl-dev:armhf 1.0.1t-1+deb8u8
2021-01-29 09:13:43 status unpacked libssl-dev:armhf 1.0.1t-1+deb8u8
2021-01-29 09:13:43 status unpacked libssl-dev:armhf 1.0.1t-1+deb8u8
2021-01-29 09:13:44 install libpq-dev:armhf <none> 9.4.18-0+deb8u1
2021-01-29 09:13:44 status half-installed libpq-dev:armhf 9.4.18-0+deb8u1
2021-01-29 09:13:44 status unpacked libpq-dev:armhf 9.4.18-0+deb8u1
2021-01-29 09:13:44 status unpacked libpq-dev:armhf 9.4.18-0+deb8u1
2021-01-29 09:13:44 install libsqlite3-dev:armhf <none> 3.8.7.1-1+deb8u2
2021-01-29 09:13:44 status half-installed libsqlite3-dev:armhf 3.8.7.1-1+deb8u2
2021-01-29 09:13:44 status unpacked libsqlite3-dev:armhf 3.8.7.1-1+deb8u2
2021-01-29 09:13:44 status unpacked libsqlite3-dev:armhf 3.8.7.1-1+deb8u2
2021-01-29 09:13:45 install libssl-doc:all <none> 1.0.1t-1+deb8u8
2021-01-29 09:13:45 status half-installed libssl-doc:all 1.0.1t-1+deb8u8
2021-01-29 09:13:46 status unpacked libssl-doc:all 1.0.1t-1+deb8u8
2021-01-29 09:13:46 status unpacked libssl-doc:all 1.0.1t-1+deb8u8
2021-01-29 09:13:46 trigproc man-db:armhf 2.7.0.2-5 <none>
2021-01-29 09:13:46 status half-configured man-db:armhf 2.7.0.2-5
2021-01-29 09:14:15 status installed man-db:armhf 2.7.0.2-5
2021-01-29 09:14:17 startup packages configure
2021-01-29 09:14:17 configure libgssrpc4:armhf 1.12.1+dfsg-19+deb8u4 <none>
2021-01-29 09:14:17 status unpacked libgssrpc4:armhf 1.12.1+dfsg-19+deb8u4
2021-01-29 09:14:17 status half-configured libgssrpc4:armhf 1.12.1+dfsg-19+deb8u4
2021-01-29 09:14:17 status installed libgssrpc4:armhf 1.12.1+dfsg-19+deb8u4
2021-01-29 09:14:17 status triggers-pending libc-bin:armhf 2.19-18+deb8u10
2021-01-29 09:14:17 configure libkadm5clnt-mit9:armhf 1.12.1+dfsg-19+deb8u4 <none>
2021-01-29 09:14:17 status unpacked libkadm5clnt-mit9:armhf 1.12.1+dfsg-19+deb8u4
2021-01-29 09:14:17 status half-configured libkadm5clnt-mit9:armhf 1.12.1+dfsg-19+deb8u4
2021-01-29 09:14:17 status installed libkadm5clnt-mit9:armhf 1.12.1+dfsg-19+deb8u4
2021-01-29 09:14:17 configure libkdb5-7:armhf 1.12.1+dfsg-19+deb8u4 <none>
2021-01-29 09:14:17 status unpacked libkdb5-7:armhf 1.12.1+dfsg-19+deb8u4
2021-01-29 09:14:17 status half-configured libkdb5-7:armhf 1.12.1+dfsg-19+deb8u4
2021-01-29 09:14:18 status installed libkdb5-7:armhf 1.12.1+dfsg-19+deb8u4
2021-01-29 09:14:18 configure libkadm5srv-mit9:armhf 1.12.1+dfsg-19+deb8u4 <none>
2021-01-29 09:14:18 status unpacked libkadm5srv-mit9:armhf 1.12.1+dfsg-19+deb8u4
2021-01-29 09:14:18 status half-configured libkadm5srv-mit9:armhf 1.12.1+dfsg-19+deb8u4
2021-01-29 09:14:18 status installed libkadm5srv-mit9:armhf 1.12.1+dfsg-19+deb8u4
2021-01-29 09:14:18 configure comerr-dev:armhf 2.1-1.42.12-2+b1 <none>
2021-01-29 09:14:18 status unpacked comerr-dev:armhf 2.1-1.42.12-2+b1
2021-01-29 09:14:18 status half-configured comerr-dev:armhf 2.1-1.42.12-2+b1
2021-01-29 09:14:18 status installed comerr-dev:armhf 2.1-1.42.12-2+b1
2021-01-29 09:14:18 configure krb5-multidev:armhf 1.12.1+dfsg-19+deb8u4 <none>
2021-01-29 09:14:18 status unpacked krb5-multidev:armhf 1.12.1+dfsg-19+deb8u4
2021-01-29 09:14:18 status half-configured krb5-multidev:armhf 1.12.1+dfsg-19+deb8u4
2021-01-29 09:14:18 status installed krb5-multidev:armhf 1.12.1+dfsg-19+deb8u4
2021-01-29 09:14:18 configure libpcap0.8-dev:armhf 1.6.2-2 <none>
2021-01-29 09:14:18 status unpacked libpcap0.8-dev:armhf 1.6.2-2
2021-01-29 09:14:18 status half-configured libpcap0.8-dev:armhf 1.6.2-2
2021-01-29 09:14:18 status installed libpcap0.8-dev:armhf 1.6.2-2
2021-01-29 09:14:18 configure libpcap-dev:all 1.6.2-2 <none>
2021-01-29 09:14:18 status unpacked libpcap-dev:all 1.6.2-2
2021-01-29 09:14:18 status half-configured libpcap-dev:all 1.6.2-2
2021-01-29 09:14:18 status installed libpcap-dev:all 1.6.2-2
2021-01-29 09:14:18 configure zlib1g-dev:armhf 1:1.2.8.dfsg-2+b1 <none>
2021-01-29 09:14:18 status unpacked zlib1g-dev:armhf 1:1.2.8.dfsg-2+b1
2021-01-29 09:14:18 status half-configured zlib1g-dev:armhf 1:1.2.8.dfsg-2+b1
2021-01-29 09:14:18 status installed zlib1g-dev:armhf 1:1.2.8.dfsg-2+b1
2021-01-29 09:14:18 configure libssl-dev:armhf 1.0.1t-1+deb8u8 <none>
2021-01-29 09:14:18 status unpacked libssl-dev:armhf 1.0.1t-1+deb8u8
2021-01-29 09:14:18 status half-configured libssl-dev:armhf 1.0.1t-1+deb8u8
2021-01-29 09:14:18 status installed libssl-dev:armhf 1.0.1t-1+deb8u8
2021-01-29 09:14:18 configure libpq-dev:armhf 9.4.18-0+deb8u1 <none>
2021-01-29 09:14:18 status unpacked libpq-dev:armhf 9.4.18-0+deb8u1
2021-01-29 09:14:18 status half-configured libpq-dev:armhf 9.4.18-0+deb8u1
2021-01-29 09:14:18 status installed libpq-dev:armhf 9.4.18-0+deb8u1
2021-01-29 09:14:18 configure libsqlite3-dev:armhf 3.8.7.1-1+deb8u2 <none>
2021-01-29 09:14:18 status unpacked libsqlite3-dev:armhf 3.8.7.1-1+deb8u2
2021-01-29 09:14:18 status half-configured libsqlite3-dev:armhf 3.8.7.1-1+deb8u2
2021-01-29 09:14:18 status installed libsqlite3-dev:armhf 3.8.7.1-1+deb8u2
2021-01-29 09:14:18 configure libssl-doc:all 1.0.1t-1+deb8u8 <none>
2021-01-29 09:14:18 status unpacked libssl-doc:all 1.0.1t-1+deb8u8
2021-01-29 09:14:18 status half-configured libssl-doc:all 1.0.1t-1+deb8u8
2021-01-29 09:14:18 status installed libssl-doc:all 1.0.1t-1+deb8u8
2021-01-29 09:14:18 trigproc libc-bin:armhf 2.19-18+deb8u10 <none>
2021-01-29 09:14:18 status half-configured libc-bin:armhf 2.19-18+deb8u10
2021-01-29 09:14:18 status installed libc-bin:armhf 2.19-18+deb8u10
2021-01-29 09:14:20 startup packages configure
2021-01-29 09:14:53 startup archives unpack
2021-01-29 09:14:53 install fonts-lato:all <none> 2.0-1
2021-01-29 09:14:53 status half-installed fonts-lato:all 2.0-1
2021-01-29 09:14:56 status unpacked fonts-lato:all 2.0-1
2021-01-29 09:14:56 status unpacked fonts-lato:all 2.0-1
2021-01-29 09:14:56 upgrade libtinfo5:armhf 5.9+20140913-1+deb8u3 6.0+20161126-1+deb9u2
2021-01-29 09:14:56 status triggers-pending libc-bin:armhf 2.19-18+deb8u10
2021-01-29 09:14:56 status half-configured libtinfo5:armhf 5.9+20140913-1+deb8u3
2021-01-29 09:14:56 status unpacked libtinfo5:armhf 5.9+20140913-1+deb8u3
2021-01-29 09:14:56 status half-installed libtinfo5:armhf 5.9+20140913-1+deb8u3
2021-01-29 09:14:57 status half-installed libtinfo5:armhf 5.9+20140913-1+deb8u3
2021-01-29 09:14:57 status unpacked libtinfo5:armhf 6.0+20161126-1+deb9u2
2021-01-29 09:14:57 status unpacked libtinfo5:armhf 6.0+20161126-1+deb9u2
2021-01-29 09:14:57 trigproc libc-bin:armhf 2.19-18+deb8u10 <none>
2021-01-29 09:14:57 status half-configured libc-bin:armhf 2.19-18+deb8u10
2021-01-29 09:14:57 status installed libc-bin:armhf 2.19-18+deb8u10
2021-01-29 09:14:59 startup packages configure
2021-01-29 09:14:59 configure libtinfo5:armhf 6.0+20161126-1+deb9u2 <none>
2021-01-29 09:14:59 status triggers-pending libc-bin:armhf 2.19-18+deb8u10
2021-01-29 09:14:59 status unpacked libtinfo5:armhf 6.0+20161126-1+deb9u2
2021-01-29 09:14:59 status half-configured libtinfo5:armhf 6.0+20161126-1+deb9u2
2021-01-29 09:14:59 status installed libtinfo5:armhf 6.0+20161126-1+deb9u2
2021-01-29 09:14:59 trigproc libc-bin:armhf 2.19-18+deb8u10 <none>
2021-01-29 09:14:59 status half-configured libc-bin:armhf 2.19-18+deb8u10
2021-01-29 09:14:59 status installed libc-bin:armhf 2.19-18+deb8u10
2021-01-29 09:15:01 startup archives unpack
2021-01-29 09:15:01 upgrade libncursesw5:armhf 5.9+20140913-1+deb8u3 6.0+20161126-1+deb9u2
2021-01-29 09:15:01 status triggers-pending libc-bin:armhf 2.19-18+deb8u10
2021-01-29 09:15:01 status half-configured libncursesw5:armhf 5.9+20140913-1+deb8u3
2021-01-29 09:15:01 status unpacked libncursesw5:armhf 5.9+20140913-1+deb8u3
2021-01-29 09:15:01 status half-installed libncursesw5:armhf 5.9+20140913-1+deb8u3
2021-01-29 09:15:02 status half-installed libncursesw5:armhf 5.9+20140913-1+deb8u3
2021-01-29 09:15:02 status unpacked libncursesw5:armhf 6.0+20161126-1+deb9u2
2021-01-29 09:15:02 status unpacked libncursesw5:armhf 6.0+20161126-1+deb9u2
2021-01-29 09:15:02 trigproc libc-bin:armhf 2.19-18+deb8u10 <none>
2021-01-29 09:15:02 status half-configured libc-bin:armhf 2.19-18+deb8u10
2021-01-29 09:15:02 status installed libc-bin:armhf 2.19-18+deb8u10
2021-01-29 09:15:04 startup packages configure
2021-01-29 09:15:04 configure libncursesw5:armhf 6.0+20161126-1+deb9u2 <none>
2021-01-29 09:15:04 status triggers-pending libc-bin:armhf 2.19-18+deb8u10
2021-01-29 09:15:04 status unpacked libncursesw5:armhf 6.0+20161126-1+deb9u2
2021-01-29 09:15:04 status half-configured libncursesw5:armhf 6.0+20161126-1+deb9u2
2021-01-29 09:15:04 status installed libncursesw5:armhf 6.0+20161126-1+deb9u2
2021-01-29 09:15:04 trigproc libc-bin:armhf 2.19-18+deb8u10 <none>
2021-01-29 09:15:04 status half-configured libc-bin:armhf 2.19-18+deb8u10
2021-01-29 09:15:04 status installed libc-bin:armhf 2.19-18+deb8u10
2021-01-29 09:15:07 startup archives unpack
2021-01-29 09:15:07 upgrade libncurses5:armhf 5.9+20140913-1+deb8u3 6.0+20161126-1+deb9u2
2021-01-29 09:15:07 status triggers-pending libc-bin:armhf 2.19-18+deb8u10
2021-01-29 09:15:07 status half-configured libncurses5:armhf 5.9+20140913-1+deb8u3
2021-01-29 09:15:07 status unpacked libncurses5:armhf 5.9+20140913-1+deb8u3
2021-01-29 09:15:07 status half-installed libncurses5:armhf 5.9+20140913-1+deb8u3
2021-01-29 09:15:07 status half-installed libncurses5:armhf 5.9+20140913-1+deb8u3
2021-01-29 09:15:07 status unpacked libncurses5:armhf 6.0+20161126-1+deb9u2
2021-01-29 09:15:07 status unpacked libncurses5:armhf 6.0+20161126-1+deb9u2
2021-01-29 09:15:07 trigproc libc-bin:armhf 2.19-18+deb8u10 <none>
2021-01-29 09:15:07 status half-configured libc-bin:armhf 2.19-18+deb8u10
2021-01-29 09:15:07 status installed libc-bin:armhf 2.19-18+deb8u10
2021-01-29 09:15:10 startup packages configure
2021-01-29 09:15:10 configure libncurses5:armhf 6.0+20161126-1+deb9u2 <none>
2021-01-29 09:15:10 status triggers-pending libc-bin:armhf 2.19-18+deb8u10
2021-01-29 09:15:10 status unpacked libncurses5:armhf 6.0+20161126-1+deb9u2
2021-01-29 09:15:10 status half-configured libncurses5:armhf 6.0+20161126-1+deb9u2
2021-01-29 09:15:10 status installed libncurses5:armhf 6.0+20161126-1+deb9u2
2021-01-29 09:15:10 trigproc libc-bin:armhf 2.19-18+deb8u10 <none>
2021-01-29 09:15:10 status half-configured libc-bin:armhf 2.19-18+deb8u10
2021-01-29 09:15:10 status installed libc-bin:armhf 2.19-18+deb8u10
2021-01-29 09:15:12 startup archives unpack
2021-01-29 09:15:12 install libreadline7:armhf <none> 7.0-3
2021-01-29 09:15:12 status triggers-pending libc-bin:armhf 2.19-18+deb8u10
2021-01-29 09:15:12 status half-installed libreadline7:armhf 7.0-3
2021-01-29 09:15:12 status unpacked libreadline7:armhf 7.0-3
2021-01-29 09:15:12 status unpacked libreadline7:armhf 7.0-3
2021-01-29 09:15:13 upgrade libgmp10:armhf 2:6.0.0+dfsg-6 2:6.1.2+dfsg-1
2021-01-29 09:15:13 status half-configured libgmp10:armhf 2:6.0.0+dfsg-6
2021-01-29 09:15:13 status unpacked libgmp10:armhf 2:6.0.0+dfsg-6
2021-01-29 09:15:13 status half-installed libgmp10:armhf 2:6.0.0+dfsg-6
2021-01-29 09:15:13 status half-installed libgmp10:armhf 2:6.0.0+dfsg-6
2021-01-29 09:15:13 status unpacked libgmp10:armhf 2:6.1.2+dfsg-1
2021-01-29 09:15:13 status unpacked libgmp10:armhf 2:6.1.2+dfsg-1
2021-01-29 09:15:13 install libgmpxx4ldbl:armhf <none> 2:6.1.2+dfsg-1
2021-01-29 09:15:13 status half-installed libgmpxx4ldbl:armhf 2:6.1.2+dfsg-1
2021-01-29 09:15:13 status unpacked libgmpxx4ldbl:armhf 2:6.1.2+dfsg-1
2021-01-29 09:15:13 status unpacked libgmpxx4ldbl:armhf 2:6.1.2+dfsg-1
2021-01-29 09:15:13 install libgmp-dev:armhf <none> 2:6.1.2+dfsg-1
2021-01-29 09:15:13 status half-installed libgmp-dev:armhf 2:6.1.2+dfsg-1
2021-01-29 09:15:14 status unpacked libgmp-dev:armhf 2:6.1.2+dfsg-1
2021-01-29 09:15:14 status unpacked libgmp-dev:armhf 2:6.1.2+dfsg-1
2021-01-29 09:15:14 install libyaml-0-2:armhf <none> 0.1.7-2
2021-01-29 09:15:14 status half-installed libyaml-0-2:armhf 0.1.7-2
2021-01-29 09:15:14 status unpacked libyaml-0-2:armhf 0.1.7-2
2021-01-29 09:15:14 status unpacked libyaml-0-2:armhf 0.1.7-2
2021-01-29 09:15:14 install rubygems-integration:all <none> 1.11
2021-01-29 09:15:14 status half-installed rubygems-integration:all 1.11
2021-01-29 09:15:15 status unpacked rubygems-integration:all 1.11
2021-01-29 09:15:15 status unpacked rubygems-integration:all 1.11
2021-01-29 09:15:15 install ruby-did-you-mean:all <none> 1.0.0-2
2021-01-29 09:15:15 status half-installed ruby-did-you-mean:all 1.0.0-2
2021-01-29 09:15:15 status unpacked ruby-did-you-mean:all 1.0.0-2
2021-01-29 09:15:15 status unpacked ruby-did-you-mean:all 1.0.0-2
2021-01-29 09:15:15 install ruby-minitest:all <none> 5.9.0-1
2021-01-29 09:15:15 status half-installed ruby-minitest:all 5.9.0-1
2021-01-29 09:15:15 status unpacked ruby-minitest:all 5.9.0-1
2021-01-29 09:15:15 status unpacked ruby-minitest:all 5.9.0-1
2021-01-29 09:15:15 install ruby-net-telnet:all <none> 0.1.1-2
2021-01-29 09:15:15 status half-installed ruby-net-telnet:all 0.1.1-2
2021-01-29 09:15:15 status unpacked ruby-net-telnet:all 0.1.1-2
2021-01-29 09:15:15 status unpacked ruby-net-telnet:all 0.1.1-2
2021-01-29 09:15:16 install ruby-power-assert:all <none> 0.3.0-1
2021-01-29 09:15:16 status half-installed ruby-power-assert:all 0.3.0-1
2021-01-29 09:15:16 status unpacked ruby-power-assert:all 0.3.0-1
2021-01-29 09:15:16 status unpacked ruby-power-assert:all 0.3.0-1
2021-01-29 09:15:16 install ruby-test-unit:all <none> 3.1.7-2
2021-01-29 09:15:16 status half-installed ruby-test-unit:all 3.1.7-2
2021-01-29 09:15:16 status unpacked ruby-test-unit:all 3.1.7-2
2021-01-29 09:15:16 status unpacked ruby-test-unit:all 3.1.7-2
2021-01-29 09:15:16 install libruby2.3:armhf <none> 2.3.3-1+deb9u8
2021-01-29 09:15:16 status half-installed libruby2.3:armhf 2.3.3-1+deb9u8
2021-01-29 09:15:19 status unpacked libruby2.3:armhf 2.3.3-1+deb9u8
2021-01-29 09:15:19 status unpacked libruby2.3:armhf 2.3.3-1+deb9u8
2021-01-29 09:15:19 install ruby2.3:armhf <none> 2.3.3-1+deb9u8
2021-01-29 09:15:19 status half-installed ruby2.3:armhf 2.3.3-1+deb9u8
2021-01-29 09:15:19 status triggers-pending man-db:armhf 2.7.0.2-5
2021-01-29 09:15:19 status unpacked ruby2.3:armhf 2.3.3-1+deb9u8
2021-01-29 09:15:19 status unpacked ruby2.3:armhf 2.3.3-1+deb9u8
2021-01-29 09:15:20 install ruby:armhf <none> 1:2.3.3
2021-01-29 09:15:20 status half-installed ruby:armhf 1:2.3.3
2021-01-29 09:15:20 status unpacked ruby:armhf 1:2.3.3
2021-01-29 09:15:20 status unpacked ruby:armhf 1:2.3.3
2021-01-29 09:15:20 install rake:all <none> 10.5.0-2+deb9u1
2021-01-29 09:15:20 status half-installed rake:all 10.5.0-2+deb9u1
2021-01-29 09:15:20 status unpacked rake:all 10.5.0-2+deb9u1
2021-01-29 09:15:20 status unpacked rake:all 10.5.0-2+deb9u1
2021-01-29 09:15:20 install ruby2.3-dev:armhf <none> 2.3.3-1+deb9u8
2021-01-29 09:15:20 status half-installed ruby2.3-dev:armhf 2.3.3-1+deb9u8
2021-01-29 09:15:21 status unpacked ruby2.3-dev:armhf 2.3.3-1+deb9u8
2021-01-29 09:15:21 status unpacked ruby2.3-dev:armhf 2.3.3-1+deb9u8
2021-01-29 09:15:21 install ruby-dev:armhf <none> 1:2.3.3
2021-01-29 09:15:21 status half-installed ruby-dev:armhf 1:2.3.3
2021-01-29 09:15:21 status unpacked ruby-dev:armhf 1:2.3.3
2021-01-29 09:15:21 status unpacked ruby-dev:armhf 1:2.3.3
2021-01-29 09:15:22 install unzip:armhf <none> 6.0-21+deb9u2
2021-01-29 09:15:22 status half-installed unzip:armhf 6.0-21+deb9u2
2021-01-29 09:15:22 status triggers-pending mime-support:all 3.58
2021-01-29 09:15:22 status unpacked unzip:armhf 6.0-21+deb9u2
2021-01-29 09:15:22 status unpacked unzip:armhf 6.0-21+deb9u2
2021-01-29 09:15:22 install zip:armhf <none> 3.0-11+b1
2021-01-29 09:15:22 status half-installed zip:armhf 3.0-11+b1
2021-01-29 09:15:22 status unpacked zip:armhf 3.0-11+b1
2021-01-29 09:15:22 status unpacked zip:armhf 3.0-11+b1
2021-01-29 09:15:22 trigproc libc-bin:armhf 2.19-18+deb8u10 <none>
2021-01-29 09:15:22 status half-configured libc-bin:armhf 2.19-18+deb8u10
2021-01-29 09:15:22 status installed libc-bin:armhf 2.19-18+deb8u10
2021-01-29 09:15:22 trigproc man-db:armhf 2.7.0.2-5 <none>
2021-01-29 09:15:22 status half-configured man-db:armhf 2.7.0.2-5
2021-01-29 09:15:25 status installed man-db:armhf 2.7.0.2-5
2021-01-29 09:15:25 trigproc mime-support:all 3.58 <none>
2021-01-29 09:15:25 status half-configured mime-support:all 3.58
2021-01-29 09:15:25 status installed mime-support:all 3.58
2021-01-29 09:15:28 startup packages configure
2021-01-29 09:15:28 configure fonts-lato:all 2.0-1 <none>
2021-01-29 09:15:28 status unpacked fonts-lato:all 2.0-1
2021-01-29 09:15:28 status half-configured fonts-lato:all 2.0-1
2021-01-29 09:15:28 status installed fonts-lato:all 2.0-1
2021-01-29 09:15:28 configure libreadline7:armhf 7.0-3 <none>
2021-01-29 09:15:28 status triggers-pending libc-bin:armhf 2.19-18+deb8u10
2021-01-29 09:15:28 status unpacked libreadline7:armhf 7.0-3
2021-01-29 09:15:28 status half-configured libreadline7:armhf 7.0-3
2021-01-29 09:15:28 status installed libreadline7:armhf 7.0-3
2021-01-29 09:15:28 configure libgmp10:armhf 2:6.1.2+dfsg-1 <none>
2021-01-29 09:15:28 status unpacked libgmp10:armhf 2:6.1.2+dfsg-1
2021-01-29 09:15:28 status half-configured libgmp10:armhf 2:6.1.2+dfsg-1
2021-01-29 09:15:28 status installed libgmp10:armhf 2:6.1.2+dfsg-1
2021-01-29 09:15:28 configure libgmpxx4ldbl:armhf 2:6.1.2+dfsg-1 <none>
2021-01-29 09:15:28 status unpacked libgmpxx4ldbl:armhf 2:6.1.2+dfsg-1
2021-01-29 09:15:28 status half-configured libgmpxx4ldbl:armhf 2:6.1.2+dfsg-1
2021-01-29 09:15:28 status installed libgmpxx4ldbl:armhf 2:6.1.2+dfsg-1
2021-01-29 09:15:28 configure libgmp-dev:armhf 2:6.1.2+dfsg-1 <none>
2021-01-29 09:15:28 status unpacked libgmp-dev:armhf 2:6.1.2+dfsg-1
2021-01-29 09:15:28 status half-configured libgmp-dev:armhf 2:6.1.2+dfsg-1
2021-01-29 09:15:28 status installed libgmp-dev:armhf 2:6.1.2+dfsg-1
2021-01-29 09:15:28 configure libyaml-0-2:armhf 0.1.7-2 <none>
2021-01-29 09:15:28 status unpacked libyaml-0-2:armhf 0.1.7-2
2021-01-29 09:15:28 status half-configured libyaml-0-2:armhf 0.1.7-2
2021-01-29 09:15:28 status installed libyaml-0-2:armhf 0.1.7-2
2021-01-29 09:15:28 configure rubygems-integration:all 1.11 <none>
2021-01-29 09:15:28 status unpacked rubygems-integration:all 1.11
2021-01-29 09:15:28 status half-configured rubygems-integration:all 1.11
2021-01-29 09:15:28 status installed rubygems-integration:all 1.11
2021-01-29 09:15:28 configure ruby-did-you-mean:all 1.0.0-2 <none>
2021-01-29 09:15:28 status unpacked ruby-did-you-mean:all 1.0.0-2
2021-01-29 09:15:28 status half-configured ruby-did-you-mean:all 1.0.0-2
2021-01-29 09:15:28 status installed ruby-did-you-mean:all 1.0.0-2
2021-01-29 09:15:28 configure ruby-minitest:all 5.9.0-1 <none>
2021-01-29 09:15:28 status unpacked ruby-minitest:all 5.9.0-1
2021-01-29 09:15:28 status half-configured ruby-minitest:all 5.9.0-1
2021-01-29 09:15:28 status installed ruby-minitest:all 5.9.0-1
2021-01-29 09:15:28 configure ruby-net-telnet:all 0.1.1-2 <none>
2021-01-29 09:15:28 status unpacked ruby-net-telnet:all 0.1.1-2
2021-01-29 09:15:28 status half-configured ruby-net-telnet:all 0.1.1-2
2021-01-29 09:15:28 status installed ruby-net-telnet:all 0.1.1-2
2021-01-29 09:15:28 configure ruby-power-assert:all 0.3.0-1 <none>
2021-01-29 09:15:28 status unpacked ruby-power-assert:all 0.3.0-1
2021-01-29 09:15:28 status half-configured ruby-power-assert:all 0.3.0-1
2021-01-29 09:15:28 status installed ruby-power-assert:all 0.3.0-1
2021-01-29 09:15:28 configure ruby-test-unit:all 3.1.7-2 <none>
2021-01-29 09:15:28 status unpacked ruby-test-unit:all 3.1.7-2
2021-01-29 09:15:28 status half-configured ruby-test-unit:all 3.1.7-2
2021-01-29 09:15:28 status installed ruby-test-unit:all 3.1.7-2
2021-01-29 09:15:28 configure unzip:armhf 6.0-21+deb9u2 <none>
2021-01-29 09:15:28 status unpacked unzip:armhf 6.0-21+deb9u2
2021-01-29 09:15:28 status half-configured unzip:armhf 6.0-21+deb9u2
2021-01-29 09:15:28 status installed unzip:armhf 6.0-21+deb9u2
2021-01-29 09:15:28 configure zip:armhf 3.0-11+b1 <none>
2021-01-29 09:15:28 status unpacked zip:armhf 3.0-11+b1
2021-01-29 09:15:28 status half-configured zip:armhf 3.0-11+b1
2021-01-29 09:15:28 status installed zip:armhf 3.0-11+b1
2021-01-29 09:15:28 configure libruby2.3:armhf 2.3.3-1+deb9u8 <none>
2021-01-29 09:15:28 status unpacked libruby2.3:armhf 2.3.3-1+deb9u8
2021-01-29 09:15:28 status half-configured libruby2.3:armhf 2.3.3-1+deb9u8
2021-01-29 09:15:28 status installed libruby2.3:armhf 2.3.3-1+deb9u8
2021-01-29 09:15:28 configure ruby2.3:armhf 2.3.3-1+deb9u8 <none>
2021-01-29 09:15:28 status unpacked ruby2.3:armhf 2.3.3-1+deb9u8
2021-01-29 09:15:28 status half-configured ruby2.3:armhf 2.3.3-1+deb9u8
2021-01-29 09:15:28 status installed ruby2.3:armhf 2.3.3-1+deb9u8
2021-01-29 09:15:28 configure ruby2.3-dev:armhf 2.3.3-1+deb9u8 <none>
2021-01-29 09:15:28 status unpacked ruby2.3-dev:armhf 2.3.3-1+deb9u8
2021-01-29 09:15:28 status half-configured ruby2.3-dev:armhf 2.3.3-1+deb9u8
2021-01-29 09:15:28 status installed ruby2.3-dev:armhf 2.3.3-1+deb9u8
2021-01-29 09:15:28 configure ruby-dev:armhf 1:2.3.3 <none>
2021-01-29 09:15:28 status unpacked ruby-dev:armhf 1:2.3.3
2021-01-29 09:15:28 status half-configured ruby-dev:armhf 1:2.3.3
2021-01-29 09:15:28 status installed ruby-dev:armhf 1:2.3.3
2021-01-29 09:15:28 configure ruby:armhf 1:2.3.3 <none>
2021-01-29 09:15:28 status unpacked ruby:armhf 1:2.3.3
2021-01-29 09:15:28 status half-configured ruby:armhf 1:2.3.3
2021-01-29 09:15:29 status installed ruby:armhf 1:2.3.3
2021-01-29 09:15:29 configure rake:all 10.5.0-2+deb9u1 <none>
2021-01-29 09:15:29 status unpacked rake:all 10.5.0-2+deb9u1
2021-01-29 09:15:29 status half-configured rake:all 10.5.0-2+deb9u1
2021-01-29 09:15:29 status installed rake:all 10.5.0-2+deb9u1
2021-01-29 09:15:29 trigproc libc-bin:armhf 2.19-18+deb8u10 <none>
2021-01-29 09:15:29 status half-configured libc-bin:armhf 2.19-18+deb8u10
2021-01-29 09:15:29 status installed libc-bin:armhf 2.19-18+deb8u10
2021-01-29 09:15:32 startup packages configure
2021-01-29 09:15:53 startup packages remove
2021-01-29 09:15:53 status installed build-essential:armhf 11.7
2021-01-29 09:15:53 remove build-essential:armhf 11.7 <none>
2021-01-29 09:15:53 status half-configured build-essential:armhf 11.7
2021-01-29 09:15:53 status half-installed build-essential:armhf 11.7
2021-01-29 09:15:53 status config-files build-essential:armhf 11.7
2021-01-29 09:15:53 status config-files build-essential:armhf 11.7
2021-01-29 09:15:53 status config-files build-essential:armhf 11.7
2021-01-29 09:15:53 status not-installed build-essential:armhf <none>
2021-01-29 09:15:53 status installed dpkg-dev:all 1.17.27
2021-01-29 09:15:53 remove dpkg-dev:all 1.17.27 <none>
2021-01-29 09:15:53 status half-configured dpkg-dev:all 1.17.27
2021-01-29 09:15:53 status half-installed dpkg-dev:all 1.17.27
2021-01-29 09:15:53 status triggers-pending man-db:armhf 2.7.0.2-5
2021-01-29 09:15:53 status config-files dpkg-dev:all 1.17.27
2021-01-29 09:15:53 status config-files dpkg-dev:all 1.17.27
2021-01-29 09:15:53 status installed bzip2:armhf 1.0.6-7+b3
2021-01-29 09:15:53 remove bzip2:armhf 1.0.6-7+b3 <none>
2021-01-29 09:15:53 status half-configured bzip2:armhf 1.0.6-7+b3
2021-01-29 09:15:53 status half-installed bzip2:armhf 1.0.6-7+b3
2021-01-29 09:15:53 status config-files bzip2:armhf 1.0.6-7+b3
2021-01-29 09:15:53 status config-files bzip2:armhf 1.0.6-7+b3
2021-01-29 09:15:53 status config-files bzip2:armhf 1.0.6-7+b3
2021-01-29 09:15:53 status not-installed bzip2:armhf <none>
2021-01-29 09:15:53 status installed g++:armhf 4:4.9.2-2
2021-01-29 09:15:53 remove g++:armhf 4:4.9.2-2 <none>
2021-01-29 09:15:53 status half-configured g++:armhf 4:4.9.2-2
2021-01-29 09:15:53 status half-installed g++:armhf 4:4.9.2-2
2021-01-29 09:15:53 status config-files g++:armhf 4:4.9.2-2
2021-01-29 09:15:53 status config-files g++:armhf 4:4.9.2-2
2021-01-29 09:15:53 status config-files g++:armhf 4:4.9.2-2
2021-01-29 09:15:53 status not-installed g++:armhf <none>
2021-01-29 09:15:53 status installed gcc:armhf 4:4.9.2-2
2021-01-29 09:15:53 remove gcc:armhf 4:4.9.2-2 <none>
2021-01-29 09:15:53 status half-configured gcc:armhf 4:4.9.2-2
2021-01-29 09:15:53 status half-installed gcc:armhf 4:4.9.2-2
2021-01-29 09:15:53 status config-files gcc:armhf 4:4.9.2-2
2021-01-29 09:15:53 status config-files gcc:armhf 4:4.9.2-2
2021-01-29 09:15:53 status config-files gcc:armhf 4:4.9.2-2
2021-01-29 09:15:53 status not-installed gcc:armhf <none>
2021-01-29 09:15:53 status installed cpp:armhf 4:4.9.2-2
2021-01-29 09:15:53 remove cpp:armhf 4:4.9.2-2 <none>
2021-01-29 09:15:53 status half-configured cpp:armhf 4:4.9.2-2
2021-01-29 09:15:53 status half-installed cpp:armhf 4:4.9.2-2
2021-01-29 09:15:53 status config-files cpp:armhf 4:4.9.2-2
2021-01-29 09:15:53 status config-files cpp:armhf 4:4.9.2-2
2021-01-29 09:15:53 status config-files cpp:armhf 4:4.9.2-2
2021-01-29 09:15:53 status not-installed cpp:armhf <none>
2021-01-29 09:15:53 status installed g++-4.9:armhf 4.9.2-10+deb8u1
2021-01-29 09:15:53 remove g++-4.9:armhf 4.9.2-10+deb8u1 <none>
2021-01-29 09:15:53 status half-configured g++-4.9:armhf 4.9.2-10+deb8u1
2021-01-29 09:15:53 status half-installed g++-4.9:armhf 4.9.2-10+deb8u1
2021-01-29 09:15:53 status config-files g++-4.9:armhf 4.9.2-10+deb8u1
2021-01-29 09:15:53 status config-files g++-4.9:armhf 4.9.2-10+deb8u1
2021-01-29 09:15:53 status config-files g++-4.9:armhf 4.9.2-10+deb8u1
2021-01-29 09:15:53 status not-installed g++-4.9:armhf <none>
2021-01-29 09:15:53 status installed gcc-4.9:armhf 4.9.2-10+deb8u1
2021-01-29 09:15:53 remove gcc-4.9:armhf 4.9.2-10+deb8u1 <none>
2021-01-29 09:15:53 status half-configured gcc-4.9:armhf 4.9.2-10+deb8u1
2021-01-29 09:15:53 status half-installed gcc-4.9:armhf 4.9.2-10+deb8u1
2021-01-29 09:15:53 status config-files gcc-4.9:armhf 4.9.2-10+deb8u1
2021-01-29 09:15:53 status config-files gcc-4.9:armhf 4.9.2-10+deb8u1
2021-01-29 09:15:53 status config-files gcc-4.9:armhf 4.9.2-10+deb8u1
2021-01-29 09:15:53 status not-installed gcc-4.9:armhf <none>
2021-01-29 09:15:53 status installed cpp-4.9:armhf 4.9.2-10+deb8u1
2021-01-29 09:15:53 remove cpp-4.9:armhf 4.9.2-10+deb8u1 <none>
2021-01-29 09:15:53 status half-configured cpp-4.9:armhf 4.9.2-10+deb8u1
2021-01-29 09:15:53 status half-installed cpp-4.9:armhf 4.9.2-10+deb8u1
2021-01-29 09:15:53 status config-files cpp-4.9:armhf 4.9.2-10+deb8u1
2021-01-29 09:15:53 status config-files cpp-4.9:armhf 4.9.2-10+deb8u1
2021-01-29 09:15:53 status config-files cpp-4.9:armhf 4.9.2-10+deb8u1
2021-01-29 09:15:53 status not-installed cpp-4.9:armhf <none>
2021-01-29 09:15:53 status installed fakeroot:armhf 1.20.2-1
2021-01-29 09:15:53 remove fakeroot:armhf 1.20.2-1 <none>
2021-01-29 09:15:53 status half-configured fakeroot:armhf 1.20.2-1
2021-01-29 09:15:54 status half-installed fakeroot:armhf 1.20.2-1
2021-01-29 09:15:54 status config-files fakeroot:armhf 1.20.2-1
2021-01-29 09:15:54 status config-files fakeroot:armhf 1.20.2-1
2021-01-29 09:15:54 trigproc man-db:armhf 2.7.0.2-5 <none>
2021-01-29 09:15:54 status half-configured man-db:armhf 2.7.0.2-5
2021-01-29 09:15:56 status installed man-db:armhf 2.7.0.2-5
2021-01-29 09:15:58 startup packages configure
2021-01-29 09:16:19 startup packages remove
2021-01-29 09:16:19 status installed xterm:armhf 312-2
2021-01-29 09:16:19 remove xterm:armhf 312-2 <none>
2021-01-29 09:16:19 status half-configured xterm:armhf 312-2
2021-01-29 09:16:19 status half-installed xterm:armhf 312-2
2021-01-29 09:16:19 status triggers-pending man-db:armhf 2.7.0.2-5
2021-01-29 09:16:19 status triggers-pending mime-support:all 3.58
2021-01-29 09:16:19 status config-files xterm:armhf 312-2
2021-01-29 09:16:19 status config-files xterm:armhf 312-2
2021-01-29 09:16:19 status installed x11-utils:armhf 7.7+2
2021-01-29 09:16:19 remove x11-utils:armhf 7.7+2 <none>
2021-01-29 09:16:19 status half-configured x11-utils:armhf 7.7+2
2021-01-29 09:16:19 status half-installed x11-utils:armhf 7.7+2
2021-01-29 09:16:20 status config-files x11-utils:armhf 7.7+2
2021-01-29 09:16:20 status config-files x11-utils:armhf 7.7+2
2021-01-29 09:16:20 status installed libxft2:armhf 2.3.2-1
2021-01-29 09:16:20 status installed libfontconfig1:armhf 2.11.0-6.3+deb8u1
2021-01-29 09:16:20 status installed fontconfig-config:all 2.11.0-6.3+deb8u1
2021-01-29 09:16:20 status installed fonts-lato:all 2.0-1
2021-01-29 09:16:20 remove fonts-lato:all 2.0-1 <none>
2021-01-29 09:16:20 status half-configured fonts-lato:all 2.0-1
2021-01-29 09:16:20 status half-installed fonts-lato:all 2.0-1
2021-01-29 09:16:20 status config-files fonts-lato:all 2.0-1
2021-01-29 09:16:20 status config-files fonts-lato:all 2.0-1
2021-01-29 09:16:20 status config-files fonts-lato:all 2.0-1
2021-01-29 09:16:20 status not-installed fonts-lato:all <none>
2021-01-29 09:16:20 status installed git:armhf 1:2.1.4-2.1+deb8u6
2021-01-29 09:16:20 remove git:armhf 1:2.1.4-2.1+deb8u6 <none>
2021-01-29 09:16:20 status half-configured git:armhf 1:2.1.4-2.1+deb8u6
2021-01-29 09:16:20 status half-installed git:armhf 1:2.1.4-2.1+deb8u6
2021-01-29 09:16:20 status config-files git:armhf 1:2.1.4-2.1+deb8u6
2021-01-29 09:16:20 status config-files git:armhf 1:2.1.4-2.1+deb8u6
2021-01-29 09:16:20 status installed git-man:all 1:2.1.4-2.1+deb8u6
2021-01-29 09:16:20 remove git-man:all 1:2.1.4-2.1+deb8u6 <none>
2021-01-29 09:16:20 status half-configured git-man:all 1:2.1.4-2.1+deb8u6
2021-01-29 09:16:20 status half-installed git-man:all 1:2.1.4-2.1+deb8u6
2021-01-29 09:16:20 status config-files git-man:all 1:2.1.4-2.1+deb8u6
2021-01-29 09:16:20 status config-files git-man:all 1:2.1.4-2.1+deb8u6
2021-01-29 09:16:20 status config-files git-man:all 1:2.1.4-2.1+deb8u6
2021-01-29 09:16:20 status not-installed git-man:all <none>
2021-01-29 09:16:20 status installed libgl1-mesa-dri:armhf 10.3.2-1+deb8u1
2021-01-29 09:16:20 remove libgl1-mesa-dri:armhf 10.3.2-1+deb8u1 <none>
2021-01-29 09:16:20 status half-configured libgl1-mesa-dri:armhf 10.3.2-1+deb8u1
2021-01-29 09:16:20 status half-installed libgl1-mesa-dri:armhf 10.3.2-1+deb8u1
2021-01-29 09:16:20 status config-files libgl1-mesa-dri:armhf 10.3.2-1+deb8u1
2021-01-29 09:16:20 status config-files libgl1-mesa-dri:armhf 10.3.2-1+deb8u1
2021-01-29 09:16:20 status installed libdrm-nouveau2:armhf 2.4.58-2
2021-01-29 09:16:20 remove libdrm-nouveau2:armhf 2.4.58-2 <none>
2021-01-29 09:16:20 status half-configured libdrm-nouveau2:armhf 2.4.58-2
2021-01-29 09:16:20 status half-installed libdrm-nouveau2:armhf 2.4.58-2
2021-01-29 09:16:20 status triggers-pending libc-bin:armhf 2.19-18+deb8u10
2021-01-29 09:16:20 status config-files libdrm-nouveau2:armhf 2.4.58-2
2021-01-29 09:16:20 status config-files libdrm-nouveau2:armhf 2.4.58-2
2021-01-29 09:16:20 status installed tk8.6:armhf 8.6.2-1
2021-01-29 09:16:20 remove tk8.6:armhf 8.6.2-1 <none>
2021-01-29 09:16:20 status half-configured tk8.6:armhf 8.6.2-1
2021-01-29 09:16:20 status half-installed tk8.6:armhf 8.6.2-1
2021-01-29 09:16:20 status config-files tk8.6:armhf 8.6.2-1
2021-01-29 09:16:20 status config-files tk8.6:armhf 8.6.2-1
2021-01-29 09:16:20 status installed libfreetype6:armhf 2.5.2-3+deb8u2
2021-01-29 09:16:20 status installed libtk8.6:armhf 8.6.2-1
2021-01-29 09:16:20 remove libtk8.6:armhf 8.6.2-1 <none>
2021-01-29 09:16:20 status half-configured libtk8.6:armhf 8.6.2-1
2021-01-29 09:16:20 status half-installed libtk8.6:armhf 8.6.2-1
2021-01-29 09:16:20 status config-files libtk8.6:armhf 8.6.2-1
2021-01-29 09:16:20 status config-files libtk8.6:armhf 8.6.2-1
2021-01-29 09:16:20 status installed libxft2:armhf 2.3.2-1
2021-01-29 09:16:21 remove libxft2:armhf 2.3.2-1 <none>
2021-01-29 09:16:21 status half-configured libxft2:armhf 2.3.2-1
2021-01-29 09:16:21 status half-installed libxft2:armhf 2.3.2-1
2021-01-29 09:16:21 status config-files libxft2:armhf 2.3.2-1
2021-01-29 09:16:21 status config-files libxft2:armhf 2.3.2-1
2021-01-29 09:16:21 status installed libfontconfig1:armhf 2.11.0-6.3+deb8u1
2021-01-29 09:16:21 remove libfontconfig1:armhf 2.11.0-6.3+deb8u1 <none>
2021-01-29 09:16:21 status half-configured libfontconfig1:armhf 2.11.0-6.3+deb8u1
2021-01-29 09:16:21 status half-installed libfontconfig1:armhf 2.11.0-6.3+deb8u1
2021-01-29 09:16:21 status config-files libfontconfig1:armhf 2.11.0-6.3+deb8u1
2021-01-29 09:16:21 status config-files libfontconfig1:armhf 2.11.0-6.3+deb8u1
2021-01-29 09:16:21 status installed fontconfig-config:all 2.11.0-6.3+deb8u1
2021-01-29 09:16:21 remove fontconfig-config:all 2.11.0-6.3+deb8u1 <none>
2021-01-29 09:16:21 status half-configured fontconfig-config:all 2.11.0-6.3+deb8u1
2021-01-29 09:16:23 status half-installed fontconfig-config:all 2.11.0-6.3+deb8u1
2021-01-29 09:16:26 status config-files fontconfig-config:all 2.11.0-6.3+deb8u1
2021-01-29 09:16:26 status config-files fontconfig-config:all 2.11.0-6.3+deb8u1
2021-01-29 09:16:26 status installed libfreetype6:armhf 2.5.2-3+deb8u2
2021-01-29 09:16:26 remove libfreetype6:armhf 2.5.2-3+deb8u2 <none>
2021-01-29 09:16:26 status half-configured libfreetype6:armhf 2.5.2-3+deb8u2
2021-01-29 09:16:26 status half-installed libfreetype6:armhf 2.5.2-3+deb8u2
2021-01-29 09:16:26 status config-files libfreetype6:armhf 2.5.2-3+deb8u2
2021-01-29 09:16:26 status config-files libfreetype6:armhf 2.5.2-3+deb8u2
2021-01-29 09:16:26 trigproc man-db:armhf 2.7.0.2-5 <none>
2021-01-29 09:16:26 status half-configured man-db:armhf 2.7.0.2-5
2021-01-29 09:16:47 status installed man-db:armhf 2.7.0.2-5
2021-01-29 09:16:47 trigproc mime-support:all 3.58 <none>
2021-01-29 09:16:47 status half-configured mime-support:all 3.58
2021-01-29 09:16:48 status installed mime-support:all 3.58
2021-01-29 09:16:48 trigproc libc-bin:armhf 2.19-18+deb8u10 <none>
2021-01-29 09:16:48 status half-configured libc-bin:armhf 2.19-18+deb8u10
2021-01-29 09:16:48 status installed libc-bin:armhf 2.19-18+deb8u10
2021-01-29 09:16:50 startup packages configure
2021-01-29 09:17:11 startup packages remove
2021-01-29 09:17:11 status installed libalgorithm-merge-perl:all 0.08-2
2021-01-29 09:17:11 remove libalgorithm-merge-perl:all 0.08-2 <none>
2021-01-29 09:17:11 status half-configured libalgorithm-merge-perl:all 0.08-2
2021-01-29 09:17:11 status half-installed libalgorithm-merge-perl:all 0.08-2
2021-01-29 09:17:11 status triggers-pending man-db:armhf 2.7.0.2-5
2021-01-29 09:17:11 status config-files libalgorithm-merge-perl:all 0.08-2
2021-01-29 09:17:11 status config-files libalgorithm-merge-perl:all 0.08-2
2021-01-29 09:17:11 status config-files libalgorithm-merge-perl:all 0.08-2
2021-01-29 09:17:11 status not-installed libalgorithm-merge-perl:all <none>
2021-01-29 09:17:11 status installed libalgorithm-diff-xs-perl:armhf 0.04-3+b1
2021-01-29 09:17:11 remove libalgorithm-diff-xs-perl:armhf 0.04-3+b1 <none>
2021-01-29 09:17:11 status half-configured libalgorithm-diff-xs-perl:armhf 0.04-3+b1
2021-01-29 09:17:11 status half-installed libalgorithm-diff-xs-perl:armhf 0.04-3+b1
2021-01-29 09:17:11 status config-files libalgorithm-diff-xs-perl:armhf 0.04-3+b1
2021-01-29 09:17:11 status config-files libalgorithm-diff-xs-perl:armhf 0.04-3+b1
2021-01-29 09:17:11 status config-files libalgorithm-diff-xs-perl:armhf 0.04-3+b1
2021-01-29 09:17:11 status not-installed libalgorithm-diff-xs-perl:armhf <none>
2021-01-29 09:17:11 status installed libalgorithm-diff-perl:all 1.19.02-3
2021-01-29 09:17:11 remove libalgorithm-diff-perl:all 1.19.02-3 <none>
2021-01-29 09:17:11 status half-configured libalgorithm-diff-perl:all 1.19.02-3
2021-01-29 09:17:11 status half-installed libalgorithm-diff-perl:all 1.19.02-3
2021-01-29 09:17:11 status config-files libalgorithm-diff-perl:all 1.19.02-3
2021-01-29 09:17:11 status config-files libalgorithm-diff-perl:all 1.19.02-3
2021-01-29 09:17:11 status config-files libalgorithm-diff-perl:all 1.19.02-3
2021-01-29 09:17:11 status not-installed libalgorithm-diff-perl:all <none>
2021-01-29 09:17:11 status installed libstdc++-4.9-dev:armhf 4.9.2-10+deb8u1
2021-01-29 09:17:11 remove libstdc++-4.9-dev:armhf 4.9.2-10+deb8u1 <none>
2021-01-29 09:17:11 status half-configured libstdc++-4.9-dev:armhf 4.9.2-10+deb8u1
2021-01-29 09:17:11 status half-installed libstdc++-4.9-dev:armhf 4.9.2-10+deb8u1
2021-01-29 09:17:11 status config-files libstdc++-4.9-dev:armhf 4.9.2-10+deb8u1
2021-01-29 09:17:12 status config-files libstdc++-4.9-dev:armhf 4.9.2-10+deb8u1
2021-01-29 09:17:12 status config-files libstdc++-4.9-dev:armhf 4.9.2-10+deb8u1
2021-01-29 09:17:12 status not-installed libstdc++-4.9-dev:armhf <none>
2021-01-29 09:17:12 status installed libgcc-4.9-dev:armhf 4.9.2-10+deb8u1
2021-01-29 09:17:12 remove libgcc-4.9-dev:armhf 4.9.2-10+deb8u1 <none>
2021-01-29 09:17:12 status half-configured libgcc-4.9-dev:armhf 4.9.2-10+deb8u1
2021-01-29 09:17:12 status half-installed libgcc-4.9-dev:armhf 4.9.2-10+deb8u1
2021-01-29 09:17:12 status config-files libgcc-4.9-dev:armhf 4.9.2-10+deb8u1
2021-01-29 09:17:12 status config-files libgcc-4.9-dev:armhf 4.9.2-10+deb8u1
2021-01-29 09:17:12 status config-files libgcc-4.9-dev:armhf 4.9.2-10+deb8u1
2021-01-29 09:17:12 status not-installed libgcc-4.9-dev:armhf <none>
2021-01-29 09:17:12 status installed libasan1:armhf 4.9.2-10+deb8u1
2021-01-29 09:17:12 remove libasan1:armhf 4.9.2-10+deb8u1 <none>
2021-01-29 09:17:12 status half-configured libasan1:armhf 4.9.2-10+deb8u1
2021-01-29 09:17:12 status half-installed libasan1:armhf 4.9.2-10+deb8u1
2021-01-29 09:17:12 status triggers-pending libc-bin:armhf 2.19-18+deb8u10
2021-01-29 09:17:12 status config-files libasan1:armhf 4.9.2-10+deb8u1
2021-01-29 09:17:12 status config-files libasan1:armhf 4.9.2-10+deb8u1
2021-01-29 09:17:12 status installed libatomic1:armhf 4.9.2-10+deb8u1
2021-01-29 09:17:12 remove libatomic1:armhf 4.9.2-10+deb8u1 <none>
2021-01-29 09:17:12 status half-configured libatomic1:armhf 4.9.2-10+deb8u1
2021-01-29 09:17:12 status half-installed libatomic1:armhf 4.9.2-10+deb8u1
2021-01-29 09:17:12 status config-files libatomic1:armhf 4.9.2-10+deb8u1
2021-01-29 09:17:12 status config-files libatomic1:armhf 4.9.2-10+deb8u1
2021-01-29 09:17:12 status installed libcloog-isl4:armhf 0.18.2-1+b2
2021-01-29 09:17:12 remove libcloog-isl4:armhf 0.18.2-1+b2 <none>
2021-01-29 09:17:12 status half-configured libcloog-isl4:armhf 0.18.2-1+b2
2021-01-29 09:17:12 status half-installed libcloog-isl4:armhf 0.18.2-1+b2
2021-01-29 09:17:12 status config-files libcloog-isl4:armhf 0.18.2-1+b2
2021-01-29 09:17:12 status config-files libcloog-isl4:armhf 0.18.2-1+b2
2021-01-29 09:17:12 status installed libcurl3-gnutls:armhf 7.38.0-4+deb8u11
2021-01-29 09:17:12 remove libcurl3-gnutls:armhf 7.38.0-4+deb8u11 <none>
2021-01-29 09:17:12 status half-configured libcurl3-gnutls:armhf 7.38.0-4+deb8u11
2021-01-29 09:17:12 status half-installed libcurl3-gnutls:armhf 7.38.0-4+deb8u11
2021-01-29 09:17:12 status config-files libcurl3-gnutls:armhf 7.38.0-4+deb8u11
2021-01-29 09:17:12 status config-files libcurl3-gnutls:armhf 7.38.0-4+deb8u11
2021-01-29 09:17:12 status installed libdpkg-perl:all 1.17.27
2021-01-29 09:17:12 remove libdpkg-perl:all 1.17.27 <none>
2021-01-29 09:17:12 status half-configured libdpkg-perl:all 1.17.27
2021-01-29 09:17:12 status half-installed libdpkg-perl:all 1.17.27
2021-01-29 09:17:12 status config-files libdpkg-perl:all 1.17.27
2021-01-29 09:17:12 status config-files libdpkg-perl:all 1.17.27
2021-01-29 09:17:12 status config-files libdpkg-perl:all 1.17.27
2021-01-29 09:17:12 status not-installed libdpkg-perl:all <none>
2021-01-29 09:17:12 status installed liberror-perl:all 0.17-1.1
2021-01-29 09:17:12 remove liberror-perl:all 0.17-1.1 <none>
2021-01-29 09:17:12 status half-configured liberror-perl:all 0.17-1.1
2021-01-29 09:17:12 status half-installed liberror-perl:all 0.17-1.1
2021-01-29 09:17:12 status config-files liberror-perl:all 0.17-1.1
2021-01-29 09:17:12 status config-files liberror-perl:all 0.17-1.1
2021-01-29 09:17:12 status config-files liberror-perl:all 0.17-1.1
2021-01-29 09:17:12 status not-installed liberror-perl:all <none>
2021-01-29 09:17:12 status installed libfakeroot:armhf 1.20.2-1
2021-01-29 09:17:12 remove libfakeroot:armhf 1.20.2-1 <none>
2021-01-29 09:17:12 status half-configured libfakeroot:armhf 1.20.2-1
2021-01-29 09:17:12 status half-installed libfakeroot:armhf 1.20.2-1
2021-01-29 09:17:12 status config-files libfakeroot:armhf 1.20.2-1
2021-01-29 09:17:13 status config-files libfakeroot:armhf 1.20.2-1
2021-01-29 09:17:13 status installed libfile-fcntllock-perl:armhf 0.22-1+b1
2021-01-29 09:17:13 remove libfile-fcntllock-perl:armhf 0.22-1+b1 <none>
2021-01-29 09:17:13 status half-configured libfile-fcntllock-perl:armhf 0.22-1+b1
2021-01-29 09:17:13 status half-installed libfile-fcntllock-perl:armhf 0.22-1+b1
2021-01-29 09:17:13 status config-files libfile-fcntllock-perl:armhf 0.22-1+b1
2021-01-29 09:17:13 status config-files libfile-fcntllock-perl:armhf 0.22-1+b1
2021-01-29 09:17:13 status config-files libfile-fcntllock-perl:armhf 0.22-1+b1
2021-01-29 09:17:13 status not-installed libfile-fcntllock-perl:armhf <none>
2021-01-29 09:17:13 status installed libgomp1:armhf 4.9.2-10+deb8u1
2021-01-29 09:17:13 remove libgomp1:armhf 4.9.2-10+deb8u1 <none>
2021-01-29 09:17:13 status half-configured libgomp1:armhf 4.9.2-10+deb8u1
2021-01-29 09:17:13 status half-installed libgomp1:armhf 4.9.2-10+deb8u1
2021-01-29 09:17:13 status config-files libgomp1:armhf 4.9.2-10+deb8u1
2021-01-29 09:17:13 status config-files libgomp1:armhf 4.9.2-10+deb8u1
2021-01-29 09:17:13 status installed libisl10:armhf 0.12.2-2
2021-01-29 09:17:13 remove libisl10:armhf 0.12.2-2 <none>
2021-01-29 09:17:13 status half-configured libisl10:armhf 0.12.2-2
2021-01-29 09:17:13 status half-installed libisl10:armhf 0.12.2-2
2021-01-29 09:17:13 status config-files libisl10:armhf 0.12.2-2
2021-01-29 09:17:13 status config-files libisl10:armhf 0.12.2-2
2021-01-29 09:17:13 status installed libmpc3:armhf 1.0.2-1
2021-01-29 09:17:13 remove libmpc3:armhf 1.0.2-1 <none>
2021-01-29 09:17:13 status half-configured libmpc3:armhf 1.0.2-1
2021-01-29 09:17:13 status half-installed libmpc3:armhf 1.0.2-1
2021-01-29 09:17:13 status config-files libmpc3:armhf 1.0.2-1
2021-01-29 09:17:13 status config-files libmpc3:armhf 1.0.2-1
2021-01-29 09:17:13 status installed libmpfr4:armhf 3.1.2-2
2021-01-29 09:17:13 remove libmpfr4:armhf 3.1.2-2 <none>
2021-01-29 09:17:13 status half-configured libmpfr4:armhf 3.1.2-2
2021-01-29 09:17:13 status half-installed libmpfr4:armhf 3.1.2-2
2021-01-29 09:17:13 status config-files libmpfr4:armhf 3.1.2-2
2021-01-29 09:17:13 status config-files libmpfr4:armhf 3.1.2-2
2021-01-29 09:17:13 status installed libtimedate-perl:all 2.3000-2
2021-01-29 09:17:13 remove libtimedate-perl:all 2.3000-2 <none>
2021-01-29 09:17:13 status half-configured libtimedate-perl:all 2.3000-2
2021-01-29 09:17:13 status half-installed libtimedate-perl:all 2.3000-2
2021-01-29 09:17:13 status config-files libtimedate-perl:all 2.3000-2
2021-01-29 09:17:13 status config-files libtimedate-perl:all 2.3000-2
2021-01-29 09:17:13 status config-files libtimedate-perl:all 2.3000-2
2021-01-29 09:17:13 status not-installed libtimedate-perl:all <none>
2021-01-29 09:17:13 status installed libubsan0:armhf 4.9.2-10+deb8u1
2021-01-29 09:17:13 remove libubsan0:armhf 4.9.2-10+deb8u1 <none>
2021-01-29 09:17:13 status half-configured libubsan0:armhf 4.9.2-10+deb8u1
2021-01-29 09:17:13 status half-installed libubsan0:armhf 4.9.2-10+deb8u1
2021-01-29 09:17:14 status config-files libubsan0:armhf 4.9.2-10+deb8u1
2021-01-29 09:17:14 status config-files libubsan0:armhf 4.9.2-10+deb8u1
2021-01-29 09:17:14 status installed patch:armhf 2.7.5-1+deb8u1
2021-01-29 09:17:14 remove patch:armhf 2.7.5-1+deb8u1 <none>
2021-01-29 09:17:14 status half-configured patch:armhf 2.7.5-1+deb8u1
2021-01-29 09:17:14 status half-installed patch:armhf 2.7.5-1+deb8u1
2021-01-29 09:17:14 status config-files patch:armhf 2.7.5-1+deb8u1
2021-01-29 09:17:14 status config-files patch:armhf 2.7.5-1+deb8u1
2021-01-29 09:17:14 status config-files patch:armhf 2.7.5-1+deb8u1
2021-01-29 09:17:14 status not-installed patch:armhf <none>
2021-01-29 09:17:14 status installed rsync:armhf 3.1.1-3+deb8u1
2021-01-29 09:17:14 remove rsync:armhf 3.1.1-3+deb8u1 <none>
2021-01-29 09:17:14 status half-configured rsync:armhf 3.1.1-3+deb8u1
2021-01-29 09:17:14 status half-installed rsync:armhf 3.1.1-3+deb8u1
2021-01-29 09:17:14 status config-files rsync:armhf 3.1.1-3+deb8u1
2021-01-29 09:17:14 status config-files rsync:armhf 3.1.1-3+deb8u1
2021-01-29 09:17:14 trigproc man-db:armhf 2.7.0.2-5 <none>
2021-01-29 09:17:14 status half-configured man-db:armhf 2.7.0.2-5
2021-01-29 09:17:35 status installed man-db:armhf 2.7.0.2-5
2021-01-29 09:17:35 trigproc libc-bin:armhf 2.19-18+deb8u10 <none>
2021-01-29 09:17:35 status half-configured libc-bin:armhf 2.19-18+deb8u10
2021-01-29 09:17:35 status installed libc-bin:armhf 2.19-18+deb8u10
2021-01-29 09:17:36 startup packages configure
